dataset_index,normal_score,flipped_score
0,1.882096529006958,-0.07754015177488327
1,2.2010481357574463,0.32947996258735657
2,1.865805983543396,0.7595290541648865
3,1.5478110313415527,1.0464255809783936
4,1.4757518768310547,1.366381287574768
5,2.0713555812835693,0.9663013815879822
6,0.6001277565956116,1.6739096641540527
7,2.2032454013824463,0.27299878001213074
8,0.7411526441574097,1.4993691444396973
9,1.062280535697937,1.1323671340942383
10,2.318504810333252,-0.34757766127586365
11,3.0102365016937256,-0.296029657125473
12,1.6630408763885498,0.516407310962677
13,0.2771511673927307,2.3907968997955322
14,0.11616597324609756,1.7284657955169678
15,1.133549451828003,1.0667983293533325
16,2.4421257972717285,-0.03703031688928604
17,0.16255202889442444,2.2267191410064697
18,0.4752335250377655,2.3850061893463135
19,2.0483808517456055,0.6704134345054626
20,1.650603175163269,0.5072239637374878
21,2.3785035610198975,0.7159256339073181
22,3.4185898303985596,-0.22285179793834686
23,1.7129356861114502,0.8779667615890503
24,1.2914342880249023,1.5513479709625244
25,1.563470482826233,0.7935274243354797
26,-0.9883037805557251,3.4862594604492188
27,0.7326752543449402,1.3559329509735107
28,1.442265272140503,0.5980454683303833
29,2.655299663543701,-0.31083250045776367
30,1.422105073928833,0.5945900678634644
31,1.7407031059265137,1.2342950105667114
32,0.18823878467082977,2.7978479862213135
33,1.0059385299682617,1.191099762916565
34,0.867434561252594,1.9362659454345703
35,0.7199059128761292,1.7546794414520264
36,0.7620635628700256,1.8706812858581543
37,2.444871187210083,-0.19050617516040802
38,-0.3180026412010193,2.7937071323394775
39,0.9268934726715088,1.226533055305481
40,3.9593067169189453,-1.437372088432312
41,3.0155227184295654,-0.26475876569747925
42,2.627309560775757,-0.012441775761544704
43,1.3819093704223633,1.5182350873947144
44,0.7608521580696106,1.5255835056304932
45,2.045985460281372,-0.05664157122373581
46,0.28967219591140747,1.5788697004318237
47,0.797746479511261,1.4036909341812134
48,1.5333038568496704,0.732437252998352
49,1.7035598754882812,0.6227012872695923
50,2.01665997505188,-0.14963330328464508
51,0.0449637696146965,2.689504623413086
52,0.5060515403747559,2.4595813751220703
53,2.0996997356414795,-0.16827313601970673
54,1.24477219581604,1.6589165925979614
55,0.9783690571784973,1.8020365238189697
56,2.533513307571411,-0.24001185595989227
57,-0.017509829252958298,2.4725265502929688
58,0.35592037439346313,2.4726181030273438
59,1.2051366567611694,1.4970300197601318
60,2.79854416847229,-0.32011768221855164
61,1.8540809154510498,0.5351211428642273
62,1.2660183906555176,2.008239984512329
63,2.6195173263549805,0.01264649722725153
64,0.9503028988838196,1.442373514175415
65,0.9387490153312683,2.1106832027435303
66,1.8957054615020752,0.5861452221870422
67,2.940635919570923,0.06589383631944656
68,0.6977909803390503,2.483538866043091
69,0.8287023901939392,1.371906042098999
70,2.754725694656372,-0.38672181963920593
71,1.7785850763320923,0.6900697946548462
72,2.3518083095550537,0.4775291085243225
73,2.661498546600342,-0.32384365797042847
74,0.886236310005188,1.964418649673462
75,0.45042985677719116,2.1733086109161377
76,2.4745190143585205,0.15988010168075562
77,0.09395625442266464,1.9175465106964111
78,0.9875824451446533,1.4528417587280273
79,0.9837830662727356,2.0155794620513916
80,1.1148593425750732,1.4369254112243652
81,1.2829852104187012,1.0207875967025757
82,2.143913984298706,0.04007278382778168
83,1.5692009925842285,0.27543359994888306
84,1.2007324695587158,1.5390671491622925
85,2.1580898761749268,0.513507604598999
86,2.892399549484253,-0.6455375552177429
87,2.791890859603882,-0.53477942943573
88,0.384615421295166,1.2640578746795654
89,1.7877647876739502,0.46459490060806274
90,1.7245184183120728,0.8222880959510803
91,-0.19973565638065338,2.4746720790863037
92,3.319984197616577,-0.889069676399231
93,-0.5096177458763123,3.7208616733551025
94,1.812856912612915,0.8083484768867493
95,2.039048194885254,0.3921823799610138
96,1.780747652053833,0.6065263152122498
97,0.11135614663362503,3.205240488052368
98,1.2658746242523193,1.7996488809585571
99,2.924560308456421,-0.5662111639976501
100,0.5217350721359253,1.831088662147522
101,1.653061866760254,0.9692686796188354
102,1.465991735458374,0.8497894406318665
103,3.2697415351867676,-1.0106463432312012
104,0.5432048439979553,1.7617034912109375
105,0.38598400354385376,2.0536904335021973
106,0.8604841828346252,1.3412399291992188
107,0.7160957455635071,1.698836088180542
108,2.667482852935791,0.17894798517227173
109,3.12870192527771,-0.6757044792175293
110,1.6578235626220703,0.8907526731491089
111,1.9519035816192627,0.31288039684295654
112,0.5457566380500793,1.8077917098999023
113,2.2891757488250732,-0.4216538071632385
114,2.0210213661193848,0.8226637244224548
115,1.4882941246032715,0.8770424723625183
116,1.8074778318405151,0.34049558639526367
117,0.4690735340118408,1.7471073865890503
118,2.5832040309906006,-0.5811784863471985
119,2.524765968322754,0.11786171048879623
120,0.976175844669342,1.1424471139907837
121,0.6527165770530701,1.4982529878616333
122,1.0248582363128662,1.6755913496017456
123,2.305873155593872,0.29847827553749084
124,0.8748055100440979,2.0856196880340576
125,1.560983419418335,1.0927553176879883
126,1.8828190565109253,-0.06306684017181396
127,0.8955604434013367,1.0553362369537354
128,2.203867197036743,0.12943202257156372
129,-0.06253243237733841,2.7103993892669678
130,1.1513795852661133,1.346921443939209
131,2.3037431240081787,-0.03591959923505783
132,1.7104518413543701,0.5453097224235535
133,1.0461214780807495,1.7265002727508545
134,2.030045747756958,0.5150732398033142
135,1.0342801809310913,1.0953375101089478
136,1.1045507192611694,1.2035486698150635
137,1.1570347547531128,1.0036427974700928
138,3.1771316528320312,-0.39267534017562866
139,2.194617986679077,0.9335756897926331
140,1.7502269744873047,1.0410186052322388
141,1.2592835426330566,1.5056878328323364
142,0.8209729790687561,1.9599545001983643
143,0.2540786564350128,2.1578376293182373
144,1.8007948398590088,1.1853817701339722
145,2.5715537071228027,-0.3607918918132782
146,0.1677723526954651,2.679786443710327
147,2.290508508682251,0.325619101524353
148,2.1070172786712646,0.5897873044013977
149,3.435352087020874,-0.6412599682807922
150,1.1832598447799683,1.2511661052703857
151,3.0214617252349854,-0.9387932419776917
152,0.9435141086578369,1.715590000152588
153,0.4801437556743622,2.6750576496124268
154,1.5634191036224365,1.4719929695129395
155,0.8718851208686829,1.2710590362548828
156,1.7080192565917969,0.05542426556348801
157,0.7435224652290344,1.7609186172485352
158,0.3465180993080139,1.768995761871338
159,1.8803218603134155,0.5217482447624207
160,1.560797929763794,0.5803170800209045
161,2.2855331897735596,0.4720224440097809
162,0.6892914175987244,1.8453724384307861
163,2.932039737701416,-0.21030999720096588
164,-0.4569922089576721,3.5547969341278076
165,0.8216014504432678,1.7464779615402222
166,2.218313455581665,0.45543959736824036
167,1.9119453430175781,0.41503116488456726
168,-0.4332377314567566,3.0794098377227783
169,0.7960395216941833,1.655111312866211
170,0.6689102053642273,1.4440008401870728
171,1.8710561990737915,0.1744859367609024
172,2.075864553451538,0.637903094291687
173,3.709503173828125,-1.2856335639953613
174,0.9949284791946411,1.5302209854125977
175,0.971633791923523,1.672534465789795
176,0.19952811300754547,1.9106676578521729
177,1.0654650926589966,1.6421716213226318
178,2.182772397994995,-0.13718603551387787
179,3.1800620555877686,-0.8732233643531799
180,1.414834976196289,1.2057887315750122
181,2.5077428817749023,-0.4025987386703491
182,0.9532009363174438,0.704106867313385
183,2.4680161476135254,-0.14410105347633362
184,-0.9582392573356628,3.6448328495025635
185,1.3435367345809937,1.1378216743469238
186,1.8174747228622437,0.8067630529403687
187,1.296044111251831,1.3373444080352783
188,3.2389414310455322,-0.8773374557495117
189,3.2005984783172607,-0.9255500435829163
190,2.1493496894836426,0.303304523229599
191,0.07910070568323135,2.7008256912231445
192,2.8205196857452393,-0.03810708224773407
193,1.0154690742492676,1.5492228269577026
194,-1.211585521697998,3.423539400100708
195,2.288120746612549,0.7564887404441833
196,0.08674938231706619,2.341789484024048
197,-0.47008246183395386,3.4150829315185547
198,2.5696163177490234,-0.11594175547361374
199,2.296462297439575,0.5552719235420227
200,2.1831114292144775,0.1868942528963089
201,2.3099365234375,0.22667114436626434
202,0.4158540368080139,1.787584662437439
203,0.25526267290115356,2.383836507797241
204,2.08188796043396,0.45965421199798584
205,1.2726655006408691,1.3117414712905884
206,2.3941266536712646,-0.3757185637950897
207,1.6976103782653809,0.0439666211605072
208,3.039750099182129,0.0012527266517281532
209,1.8250784873962402,0.6044052243232727
210,0.44766196608543396,1.89190673828125
211,1.4512979984283447,0.8219228386878967
212,2.0183022022247314,0.8237668871879578
213,3.4160830974578857,-0.7374988794326782
214,1.117387056350708,1.2716269493103027
215,1.760667324066162,1.0727823972702026
216,0.46607422828674316,2.467275857925415
217,1.4811441898345947,0.6003161668777466
218,3.2104475498199463,-0.9250888228416443
219,1.5745954513549805,0.9433320760726929
220,1.8070285320281982,0.3410370647907257
221,-0.6681705117225647,3.3129823207855225
222,3.043874502182007,-0.8761042952537537
223,1.0980958938598633,1.7067279815673828
224,2.514435291290283,0.31467464566230774
225,1.5069072246551514,0.9859077334403992
226,1.933070421218872,0.5869747996330261
227,2.3000855445861816,0.2749658524990082
228,1.6635382175445557,1.1130229234695435
229,-0.8149136304855347,3.3532793521881104
230,1.7381024360656738,1.1027170419692993
231,1.4415384531021118,1.6764914989471436
232,1.4115487337112427,0.019699402153491974
233,0.7529727816581726,1.9748051166534424
234,3.322983503341675,-0.4028574824333191
235,2.0263986587524414,0.9940052032470703
236,1.7311961650848389,0.4977570176124573
237,0.71843421459198,1.7638630867004395
238,0.2298365980386734,1.9161128997802734
239,-0.577964723110199,2.9709219932556152
240,2.644084930419922,-0.21412555873394012
241,2.741217851638794,-0.9923199415206909
242,2.5155563354492188,0.3951337933540344
243,-0.10629662871360779,2.3705227375030518
244,0.030127502977848053,3.131544828414917
245,1.551483392715454,0.38945141434669495
246,1.4644825458526611,0.9431247711181641
247,1.0872665643692017,1.1249110698699951
248,1.2595700025558472,1.6897659301757812
249,1.4386277198791504,0.945682942867279
250,1.5355429649353027,1.253415584564209
251,1.0295391082763672,1.5588648319244385
252,2.8507888317108154,-0.4458656311035156
253,0.42539742588996887,1.8937947750091553
254,3.430603265762329,-0.9333922266960144
255,0.43003833293914795,2.288008451461792
256,2.99714732170105,-0.09350689500570297
257,1.4396775960922241,1.297576665878296
258,-1.0963318347930908,3.190537929534912
259,0.7854882478713989,0.90750652551651
260,0.464050829410553,2.03017258644104
261,1.4233148097991943,0.887153685092926
262,1.8301506042480469,1.0163815021514893
263,3.0524137020111084,-0.9159666299819946
264,2.4019038677215576,-0.14776454865932465
265,1.3206079006195068,1.3667232990264893
266,2.104299783706665,0.3247283697128296
267,0.10849115997552872,1.967111349105835
268,3.5534045696258545,-0.6333504319190979
269,0.6419575214385986,1.9311456680297852
270,1.4680241346359253,1.1397626399993896
271,2.9537341594696045,-0.7006593346595764
272,0.6609722971916199,1.3113107681274414
273,2.398487091064453,0.13266241550445557
274,0.05764543265104294,2.415550470352173
275,0.773396909236908,2.0638654232025146
276,1.817742943763733,0.40256360173225403
277,2.055837869644165,-0.21184000372886658
278,2.4913265705108643,0.7782856822013855
279,2.482438564300537,-0.017151646316051483
280,2.8222005367279053,-0.3991786241531372
281,0.14942426979541779,1.8500354290008545
282,2.103412628173828,0.7216232419013977
283,1.5840985774993896,0.8159318566322327
284,3.7122628688812256,-0.6243937611579895
285,1.6362285614013672,1.0583984851837158
286,1.8134777545928955,0.8896062970161438
287,2.198559522628784,0.2936669886112213
288,1.9233115911483765,-0.028240829706192017
289,1.4516648054122925,1.3909550905227661
290,0.9790278673171997,1.4273207187652588
291,1.6247243881225586,0.5184425711631775
292,2.742161989212036,0.6019801497459412
293,1.7270663976669312,1.5881034135818481
294,1.7973644733428955,1.0173912048339844
295,1.0374228954315186,1.749477505683899
296,1.628363847732544,0.9047876596450806
297,2.0738933086395264,0.11295569688081741
298,0.6432624459266663,1.4914991855621338
299,-0.4338550567626953,3.2549798488616943
300,1.1905667781829834,1.1600323915481567
301,2.794240713119507,-0.6094397902488708
302,2.369624376296997,0.42354851961135864
303,1.9463815689086914,0.8516111969947815
304,-0.8195372819900513,3.34429931640625
305,1.6476904153823853,0.8625389933586121
306,1.3479914665222168,0.777090311050415
307,0.9410036206245422,2.1638665199279785
308,2.9777438640594482,-0.5846577882766724
309,0.39246034622192383,1.986761450767517
310,1.0533335208892822,1.869504451751709
311,0.7336555123329163,1.889845371246338
312,2.2897589206695557,-0.27580708265304565
313,0.10677991807460785,2.5840489864349365
314,0.8893344402313232,2.2405917644500732
315,0.6585655808448792,1.927541971206665
316,1.0358059406280518,1.4606770277023315
317,1.6959266662597656,1.107254147529602
318,0.049706362187862396,1.6486315727233887
319,2.3343122005462646,-0.46539539098739624
320,2.4906725883483887,0.15851084887981415
321,2.053748369216919,-0.05223478376865387
322,2.3086860179901123,-0.19473721086978912
323,-0.38528770208358765,2.40216326713562
324,3.3224480152130127,-0.27285000681877136
325,2.0699124336242676,0.6927035450935364
326,0.5648707747459412,1.5338468551635742
327,0.9417225122451782,1.7411413192749023
328,2.5151259899139404,-0.18188531696796417
329,3.8664793968200684,-1.2903332710266113
330,2.441132068634033,-0.6727355122566223
331,1.518369197845459,1.4242901802062988
332,3.6432559490203857,-0.6673442721366882
333,1.084043264389038,1.3461811542510986
334,2.742443799972534,-0.6368371844291687
335,0.6988874673843384,2.1179606914520264
336,1.4172959327697754,1.0794751644134521
337,4.1627349853515625,-1.2697879076004028
338,3.616184949874878,-0.9348108172416687
339,3.6825971603393555,-0.7725921869277954
340,3.1212308406829834,-0.5466306805610657
341,2.7229232788085938,-0.19726526737213135
342,0.4663889706134796,2.081568717956543
343,-0.08921913802623749,2.281313180923462
344,2.2058873176574707,0.006001868285238743
345,1.313319444656372,1.3881217241287231
346,3.553708076477051,-0.9714463949203491
347,1.2390339374542236,1.2033538818359375
348,0.8630449771881104,1.3250210285186768
349,1.719726324081421,0.9095450043678284
350,1.1592392921447754,1.8025901317596436
351,1.440248727798462,0.8673517107963562
352,0.8231444358825684,1.968530535697937
353,1.8165621757507324,0.7694670557975769
354,1.5556703805923462,0.6145419478416443
355,2.767469644546509,-0.304141640663147
356,0.6876164078712463,2.0681211948394775
357,1.6443960666656494,0.6929196119308472
358,0.6666421294212341,1.497025489807129
359,1.7965679168701172,1.0692400932312012
360,1.4600942134857178,1.2226907014846802
361,0.21955275535583496,1.8669100999832153
362,3.1765618324279785,-0.7786051034927368
363,3.1194522380828857,-0.7532294392585754
364,-0.6917977929115295,2.7808151245117188
365,1.7811119556427002,1.7811119556427002
366,-0.0011015897616744041,2.161668539047241
367,2.876166582107544,0.17264579236507416
368,0.7437116503715515,1.7343682050704956
369,3.2422893047332764,-0.7847772240638733
370,2.95173716545105,-0.3577193319797516
371,1.3719244003295898,0.5893579125404358
372,1.068948745727539,1.6387243270874023
373,2.33245587348938,-0.02377203479409218
374,-0.2518186569213867,2.337306499481201
375,3.53637433052063,-0.47023746371269226
376,2.341353178024292,-0.32456091046333313
377,1.9646953344345093,0.2341969758272171
378,0.5023987889289856,1.7688827514648438
379,1.2513900995254517,1.4532907009124756
380,-0.10975948721170425,2.2684128284454346
381,1.2593618631362915,1.4238649606704712
382,0.8532437682151794,1.474778413772583
383,0.8325609564781189,1.411259651184082
384,3.055274724960327,-0.7356326580047607
385,1.0048127174377441,1.926051378250122
386,2.394615650177002,0.049111075699329376
387,2.7405436038970947,0.06474790722131729
388,0.9629797339439392,1.4154573678970337
389,1.661301851272583,1.2217456102371216
390,0.44486501812934875,1.953984260559082
391,2.950216293334961,-0.6828368306159973
392,1.189673662185669,1.5042916536331177
393,3.1179630756378174,-0.4130036234855652
394,0.18699942529201508,2.141040563583374
395,1.7489228248596191,0.7178488969802856
396,-0.45246219635009766,2.73470139503479
397,-0.10290098935365677,2.8703603744506836
398,0.4642389416694641,1.9320927858352661
399,3.200361490249634,-0.45290786027908325
400,2.02736234664917,0.5573544502258301
401,1.2910494804382324,0.7720146775245667
402,2.9059813022613525,-0.40530189871788025
403,3.5973966121673584,-1.0301042795181274
404,1.343593955039978,0.9731206297874451
405,2.5259177684783936,-0.29338666796684265
406,2.1463429927825928,-0.30321043729782104
407,0.3010218143463135,2.2110323905944824
408,2.7205770015716553,-0.08908169716596603
409,3.549116373062134,-0.9455971121788025
410,1.6654884815216064,1.5207960605621338
411,1.9191547632217407,-0.12554192543029785
412,2.297330617904663,0.24929265677928925
413,0.554111897945404,2.4963128566741943
414,3.887512445449829,-0.9287870526313782
415,2.089150905609131,0.8906332850456238
416,2.502225875854492,-0.16580012440681458
417,0.2090684175491333,1.9147765636444092
418,1.38954758644104,1.1447935104370117
419,1.8054311275482178,1.2566800117492676
420,1.523261308670044,0.8314896821975708
421,0.1778973489999771,1.5250288248062134
422,1.7811119556427002,1.7811119556427002
423,0.8455907702445984,1.4746568202972412
424,0.8845006227493286,1.0985054969787598
425,0.8935580253601074,1.403893232345581
426,2.090327262878418,-0.23749329149723053
427,0.8172990679740906,1.2557306289672852
428,1.8858115673065186,0.08272438496351242
429,0.9320352077484131,1.4713242053985596
430,0.7590973377227783,1.0379574298858643
431,3.149237632751465,-0.567639172077179
432,2.4700677394866943,0.3755881190299988
433,2.5867514610290527,-0.039393916726112366
434,3.4346306324005127,-0.18715344369411469
435,1.4170830249786377,0.3286428451538086
436,4.004152774810791,-1.3325862884521484
437,1.885331630706787,0.6680933833122253
438,3.3689639568328857,-0.869670569896698
439,3.217485189437866,-0.6123148798942566
440,2.0541412830352783,0.5220403075218201
441,3.792003870010376,-0.8888740539550781
442,2.5989348888397217,-0.14500848948955536
443,1.3293403387069702,1.1830726861953735
444,2.7364141941070557,-0.30447572469711304
445,-0.32239580154418945,2.5785200595855713
446,-0.5787163972854614,2.2925822734832764
447,1.0377812385559082,1.790121078491211
448,2.88620924949646,-0.32816994190216064
449,2.0175771713256836,0.23651692271232605
450,2.29471755027771,0.10089066624641418
451,0.09576964378356934,2.1998801231384277
452,1.120927095413208,1.695898175239563
453,2.084749937057495,0.08073139935731888
454,2.7806122303009033,-0.05800994485616684
455,1.6486397981643677,0.7111069560050964
456,2.295936346054077,0.31051206588745117
457,3.2632460594177246,-1.1223456859588623
458,1.639370322227478,0.9662871956825256
459,-0.17163492739200592,2.3967580795288086
460,3.7023138999938965,-0.5530126094818115
461,-0.03300480544567108,2.0802218914031982
462,1.9403691291809082,0.46247440576553345
463,2.5905416011810303,0.07322002202272415
464,3.2083499431610107,-0.4580714702606201
465,0.7403822541236877,1.3521920442581177
466,3.1765153408050537,-0.8164658546447754
467,2.5262486934661865,0.15707777440547943
468,2.8190462589263916,0.017841659486293793
469,1.857610821723938,0.7953628301620483
470,1.1459101438522339,1.817456841468811
471,0.16622887551784515,2.164369821548462
472,2.6926848888397217,-0.07608673721551895
473,2.3887596130371094,-0.212892547249794
474,2.9875824451446533,-0.07917847484350204
475,0.4187479317188263,2.1541802883148193
476,3.7535767555236816,-0.8877868056297302
477,0.7483311295509338,2.1482133865356445
478,2.0582656860351562,0.4538705348968506
479,2.6196823120117188,-0.6443523168563843
480,0.7848668694496155,1.88822340965271
481,1.7087466716766357,1.181898832321167
482,0.9826225638389587,0.7728365063667297
483,3.0912344455718994,-0.785813570022583
484,3.6458399295806885,-1.099920392036438
485,3.5303688049316406,-0.6949336528778076
486,2.8021841049194336,-0.17846663296222687
487,1.038254976272583,1.46368408203125
488,0.7711318135261536,1.4421215057373047
489,-0.37048715353012085,2.9539783000946045
490,1.3772438764572144,1.0004438161849976
491,0.3810153007507324,1.6147980690002441
492,0.4584844410419464,2.3468663692474365
493,0.7860015034675598,1.9267902374267578
494,2.0700643062591553,0.23773665726184845
495,-0.84516841173172,2.712631940841675
496,0.8267285227775574,2.019737720489502
497,2.62119197845459,0.08872466534376144
498,2.1589183807373047,-0.18290068209171295
499,1.6479110717773438,1.5741345882415771
500,0.8455896973609924,2.3261194229125977
501,-1.507885456085205,3.524775266647339
502,2.578824758529663,-0.5950629115104675
503,0.18646077811717987,2.472400188446045
504,1.6271741390228271,0.34253329038619995
505,2.143430471420288,0.16658326983451843
506,3.191957950592041,-1.024068832397461
507,3.4385993480682373,-0.8586562275886536
508,3.7352545261383057,-1.1381161212921143
509,1.1372748613357544,1.7294704914093018
510,1.3623249530792236,0.45519930124282837
511,3.500389814376831,-0.8009027242660522
512,2.732672929763794,-0.4858926832675934
513,3.5100252628326416,-1.0815948247909546
514,2.3320155143737793,-0.2205701321363449
515,0.17533262073993683,1.9797697067260742
516,2.7679598331451416,-0.029020041227340698
517,3.144158124923706,-1.180833339691162
518,2.443911552429199,0.13751402497291565
519,0.1741970330476761,2.4370737075805664
520,2.8402493000030518,0.04015132039785385
521,0.2584129273891449,1.7498934268951416
522,1.458378791809082,1.9086371660232544
523,1.2137941122055054,0.99681556224823
524,0.800214946269989,1.5551323890686035
525,0.8991073369979858,0.8045276403427124
526,1.7742488384246826,0.832233726978302
527,0.745433509349823,2.547119379043579
528,1.5525835752487183,0.6954570412635803
529,0.32110923528671265,2.2916979789733887
530,1.0387241840362549,1.4011240005493164
531,0.7854084372520447,2.126598834991455
532,0.7647700905799866,1.756608009338379
533,0.2049625962972641,2.4429187774658203
534,0.8972233533859253,1.6479930877685547
535,3.2747294902801514,-0.6336427330970764
536,2.0832674503326416,0.4415508210659027
537,0.9780097603797913,1.4187822341918945
538,2.012737989425659,0.8420209884643555
539,0.8827013969421387,1.5751020908355713
540,0.770025908946991,1.800525426864624
541,2.01849102973938,1.109405755996704
542,0.7182155847549438,1.5680181980133057
543,2.054084539413452,0.35756492614746094
544,2.0661935806274414,0.6761239171028137
545,1.005354404449463,1.4132955074310303
546,1.6728968620300293,0.8582323789596558
547,0.3525344133377075,1.6695517301559448
548,0.5417008399963379,1.553891897201538
549,-0.013986612670123577,2.292998790740967
550,1.9063313007354736,0.3778848648071289
551,1.8072235584259033,0.9015188217163086
552,-0.9602987170219421,3.2905986309051514
553,2.7147669792175293,-0.5536037683486938
554,1.5210474729537964,0.7140455842018127
555,1.9458041191101074,0.3844524025917053
556,3.8140387535095215,-1.0122284889221191
557,-0.44577085971832275,1.7467601299285889
558,2.3506340980529785,0.8265907764434814
559,0.7124369144439697,2.376479387283325
560,1.8848121166229248,0.13652102649211884
561,1.8953056335449219,0.3442539572715759
562,2.708484411239624,-0.5559192895889282
563,0.6665627360343933,1.902571678161621
564,1.513514757156372,0.761612057685852
565,0.7150569558143616,1.7685446739196777
566,1.6294647455215454,1.1346564292907715
567,1.679391860961914,0.8993862867355347
568,2.299867868423462,0.6999726891517639
569,2.221458673477173,0.10031039267778397
570,0.7390478253364563,2.259615898132324
571,0.11636815220117569,2.2003557682037354
572,2.314182996749878,-0.1416696310043335
573,-0.20842133462429047,2.4615533351898193
574,1.7191405296325684,1.2358055114746094
575,2.1832120418548584,0.7323185801506042
576,2.2799184322357178,-0.5981929898262024
577,0.035433895885944366,2.32135009765625
578,2.78131103515625,-0.2279641181230545
579,3.4338433742523193,-0.3900154232978821
580,-0.6182493567466736,3.354536294937134
581,2.964862585067749,-0.2094769924879074
582,2.4593358039855957,-0.01777607947587967
583,2.0691070556640625,1.0693178176879883
584,0.7422847151756287,0.9224032759666443
585,1.7674665451049805,0.7737944722175598
586,3.729893684387207,-0.9277147650718689
587,1.8608978986740112,1.0688419342041016
588,1.530625581741333,1.5969557762145996
589,2.118626356124878,0.28485849499702454
590,2.1396563053131104,-0.009775153361260891
591,2.9835705757141113,-0.43637165427207947
592,2.6493618488311768,0.3924489915370941
593,0.169453427195549,2.1663730144500732
594,2.5959742069244385,0.08325638622045517
595,1.0512213706970215,1.348787784576416
596,0.7715508341789246,1.1154279708862305
597,1.2399122714996338,1.0319114923477173
598,1.6510320901870728,0.3915647268295288
599,2.8943979740142822,0.0502019077539444
600,3.0931081771850586,-0.5715842843055725
601,-0.36377447843551636,2.7830810546875
602,1.3255401849746704,1.5269205570220947
603,0.5405610203742981,2.0209710597991943
604,3.1005656719207764,-0.6175653338432312
605,1.6092886924743652,0.527067244052887
606,3.0009663105010986,-0.16900518536567688
607,2.9699866771698,-0.6420148611068726
608,2.356206178665161,0.09642309695482254
609,1.8538262844085693,0.6763291358947754
610,1.6873457431793213,1.1068077087402344
611,1.6369237899780273,1.0286095142364502
612,0.5824934840202332,1.1268243789672852
613,0.5326540470123291,1.9241265058517456
614,0.7568508982658386,1.8858506679534912
615,1.994875192642212,0.20246680080890656
616,0.7547006011009216,1.2953746318817139
617,0.07724273949861526,2.5512988567352295
618,1.9265110492706299,0.5739497542381287
619,2.4904115200042725,-0.33982762694358826
620,3.8034112453460693,-1.0607125759124756
621,1.8323826789855957,0.37410882115364075
622,-0.14048640429973602,2.1861026287078857
623,2.998732805252075,-0.20777346193790436
624,0.6266365051269531,1.8172261714935303
625,2.7743680477142334,0.16321858763694763
626,1.4594199657440186,0.8551203012466431
627,1.1104042530059814,1.7323825359344482
628,0.7785126566886902,1.6516135931015015
629,3.797013998031616,-0.9681568741798401
630,0.5154067873954773,1.996589183807373
631,1.3243846893310547,1.0006260871887207
632,-0.18641828000545502,3.1009738445281982
633,0.8578192591667175,0.87799471616745
634,0.920599639415741,2.55016827583313
635,3.0595734119415283,-0.8352307081222534
636,0.8048036694526672,1.5195677280426025
637,1.1686763763427734,0.9154056906700134
638,0.680653989315033,1.511559247970581
639,3.4276773929595947,-0.6129204034805298
640,2.340484857559204,-0.05003977566957474
641,2.0985605716705322,0.5138990879058838
642,2.0105502605438232,0.9306529760360718
643,0.5077967047691345,1.7281640768051147
644,2.6269986629486084,-0.5359140038490295
645,2.4236817359924316,0.4697539210319519
646,3.77115797996521,-0.6418998837471008
647,2.8509156703948975,0.2794065475463867
648,1.3742743730545044,0.7911679744720459
649,3.2252776622772217,-1.1107778549194336
650,1.355918288230896,0.23554553091526031
651,1.0444045066833496,1.2254395484924316
652,0.17310582101345062,2.2451765537261963
653,2.8104634284973145,-0.3610106110572815
654,3.4430437088012695,-1.1084833145141602
655,0.4305621385574341,1.8538873195648193
656,1.2085189819335938,1.3831795454025269
657,2.7915074825286865,0.3557247519493103
658,1.13199782371521,1.700456142425537
659,0.46038585901260376,2.5991570949554443
660,0.11856906861066818,2.6065514087677
661,0.10524642467498779,2.6157596111297607
662,1.4286632537841797,0.5622096061706543
663,2.5906031131744385,-0.3789965808391571
664,2.718729257583618,-0.3973050117492676
665,0.36699625849723816,1.6377391815185547
666,1.6624767780303955,0.7710734605789185
667,0.7684629559516907,1.5130232572555542
668,1.1171197891235352,2.0384814739227295
669,-0.10972490161657333,2.4189908504486084
670,1.4804935455322266,1.2041373252868652
671,2.2370612621307373,0.1802627593278885
672,2.5865776538848877,-0.23081199824810028
673,1.0059210062026978,1.7743494510650635
674,-0.10985066741704941,2.8702452182769775
675,2.8318917751312256,-0.1050887331366539
676,1.6699273586273193,0.8951447010040283
677,1.0134570598602295,1.8764747381210327
678,1.4037705659866333,0.8839225172996521
679,2.985395669937134,-0.8102943301200867
680,2.649165391921997,0.30312323570251465
681,1.7323176860809326,0.7352635860443115
682,0.36668387055397034,1.8285263776779175
683,1.2936363220214844,1.0372604131698608
684,1.2468600273132324,1.175757646560669
685,0.8219194412231445,1.5281543731689453
686,2.727146863937378,0.22078447043895721
687,2.120048761367798,-0.21938949823379517
688,0.07830961793661118,1.6068323850631714
689,0.613964855670929,1.9524781703948975
690,0.5491473078727722,1.2371784448623657
691,1.4118484258651733,1.16238534450531
692,2.2311036586761475,0.3126269578933716
693,1.3163114786148071,1.3272672891616821
694,0.8891496062278748,1.6616106033325195
695,1.293961524963379,1.3735100030899048
696,1.0048425197601318,1.7881529331207275
697,2.2984049320220947,0.1335008591413498
698,3.3472399711608887,-0.41582006216049194
699,1.4379554986953735,0.4507620930671692
700,3.170609474182129,0.3136559724807739
701,3.046224355697632,-0.1961311548948288
702,1.6712610721588135,0.6679344177246094
703,0.7743567824363708,2.035900592803955
704,1.0878679752349854,2.0956578254699707
705,2.073631525039673,-0.3466779291629791
706,0.14979197084903717,1.6723904609680176
707,0.9229549765586853,1.861616611480713
708,1.5295602083206177,1.1758897304534912
709,-0.4315083622932434,2.387507677078247
710,2.9480066299438477,-0.4304121136665344
711,0.3101411461830139,1.9144394397735596
712,1.8030483722686768,0.4462760090827942
713,-0.7415986657142639,3.1895430088043213
714,2.914132595062256,-0.21986286342144012
715,1.5494606494903564,0.5933206081390381
716,0.5450660586357117,1.9952195882797241
717,2.150441884994507,0.48960989713668823
718,1.496803879737854,1.2551486492156982
719,0.8364323377609253,2.177793502807617
720,1.9302740097045898,1.065751075744629
721,2.319173574447632,0.31733909249305725
722,2.8770980834960938,-0.8159679770469666
723,1.507922887802124,0.9854195713996887
724,2.1384189128875732,0.5028621554374695
725,3.0562617778778076,-0.714659571647644
726,1.1316351890563965,1.0103322267532349
727,1.807786226272583,0.193250373005867
728,1.3887035846710205,0.830536425113678
729,1.8409227132797241,0.6938453912734985
730,0.3219285011291504,2.044414520263672
731,2.356790781021118,0.7480431795120239
732,1.3996963500976562,1.153276801109314
733,2.31498122215271,0.5728293061256409
734,2.6895973682403564,0.020502544939517975
735,1.1097195148468018,0.9959503412246704
736,2.4464027881622314,-0.117595374584198
737,1.294053077697754,1.372213363647461
738,1.4778337478637695,1.0222291946411133
739,1.12685227394104,1.3057875633239746
740,1.2391000986099243,1.2829291820526123
741,1.333107829093933,1.2288119792938232
742,1.0974557399749756,0.8410826325416565
743,1.4323002099990845,0.27509328722953796
744,2.2643845081329346,0.4806347191333771
745,2.642876148223877,-0.6358940005302429
746,3.2303407192230225,-1.0388498306274414
747,2.1064019203186035,-0.3133630156517029
748,0.8747745156288147,1.8694190979003906
749,-0.4493204951286316,2.938673973083496
750,3.3779094219207764,-0.3519377112388611
751,2.4098434448242188,0.08550018817186356
752,3.9421868324279785,-0.9241640567779541
753,1.592907428741455,0.7352309823036194
754,0.593212366104126,2.0547358989715576
755,1.0794614553451538,1.3338162899017334
756,3.058537244796753,-0.42896485328674316
757,2.6427695751190186,0.2548038363456726
758,1.7201825380325317,0.6332266330718994
759,2.2319791316986084,0.5295323729515076
760,1.2073376178741455,1.7507175207138062
761,2.151170492172241,0.09599918127059937
762,0.29640448093414307,1.7450182437896729
763,0.39790281653404236,2.217797040939331
764,2.6013343334198,0.025393925607204437
765,2.4399337768554688,0.5140092372894287
766,3.4337875843048096,-0.5740874409675598
767,1.6937302350997925,1.1051115989685059
768,0.8100982308387756,0.8281587958335876
769,-0.5535070300102234,3.039349317550659
770,0.9297073483467102,1.082617163658142
771,1.8374587297439575,0.878733217716217
772,3.095994710922241,-0.38170814514160156
773,2.246612787246704,0.03104906529188156
774,1.7473357915878296,0.6495383381843567
775,2.2522900104522705,0.332510769367218
776,0.42275193333625793,1.2146565914154053
777,-1.0988242626190186,4.010525703430176
778,1.5309518575668335,1.4729375839233398
779,0.9871072173118591,1.1710339784622192
780,1.3452287912368774,1.034176230430603
781,-0.22415506839752197,2.0866575241088867
782,1.503207802772522,0.4789351224899292
783,0.4248735308647156,1.9437460899353027
784,2.878742218017578,-0.20889708399772644
785,2.098801851272583,0.24517013132572174
786,1.3406569957733154,0.6717219352722168
787,1.4915595054626465,0.4288778007030487
788,1.314324975013733,0.6138225197792053
789,1.4710813760757446,1.5626893043518066
790,2.015071153640747,-0.12439318746328354
791,1.3244563341140747,1.2651910781860352
792,1.8301843404769897,0.4871479868888855
793,2.554358720779419,0.7170351147651672
794,2.3578507900238037,0.3474389314651489
795,2.457406520843506,-0.02647165209054947
796,0.1565520465373993,2.271009683609009
797,1.94224214553833,0.7118851542472839
798,0.1885376125574112,2.30981707572937
799,2.3638436794281006,0.4660142958164215
800,0.3795076012611389,2.3523261547088623
801,1.7571308612823486,1.352892279624939
802,1.5803683996200562,1.3339271545410156
803,3.0583760738372803,-0.9128084182739258
804,2.583165168762207,-0.04917033761739731
805,3.153608560562134,-0.40339189767837524
806,2.5078189373016357,-0.3804153800010681
807,0.11729167401790619,1.7242846488952637
808,2.359201192855835,-0.3823010325431824
809,2.992969274520874,0.1525825709104538
810,3.5771734714508057,-0.7794056534767151
811,1.8593509197235107,0.5295676589012146
812,0.5652675032615662,1.8782179355621338
813,2.400377035140991,-0.35523107647895813
814,1.053728461265564,1.3328444957733154
815,3.1205766201019287,-0.4712439775466919
816,2.3898262977600098,0.07662837952375412
817,-0.13465864956378937,2.238227128982544
818,0.6013246774673462,1.3682842254638672
819,1.734930396080017,1.110799789428711
820,0.5523191094398499,1.7756773233413696
821,0.9812179207801819,1.3347704410552979
822,-0.4061160385608673,2.919482707977295
823,0.6184425354003906,1.9010239839553833
824,0.8209550976753235,2.0672030448913574
825,1.206859827041626,2.0948917865753174
826,2.2438786029815674,0.6422556638717651
827,0.5429967641830444,1.0502160787582397
828,1.1343919038772583,1.2262012958526611
829,1.1165986061096191,1.7450995445251465
830,0.6539765000343323,2.1772282123565674
831,1.2824008464813232,1.2238233089447021
832,-0.19906453788280487,2.5680577754974365
833,1.2034491300582886,1.2022056579589844
834,3.255330801010132,-0.08964855223894119
835,2.410379648208618,-0.5171951651573181
836,2.943089723587036,-0.5640242695808411
837,3.782546281814575,-0.9438241124153137
838,3.56054425239563,-0.6903119683265686
839,1.8899357318878174,1.2510061264038086
840,3.0493695735931396,-0.5248578786849976
841,2.4981703758239746,0.06419967859983444
842,2.24918270111084,0.4326895475387573
843,1.9366464614868164,0.5929377675056458
844,3.600130081176758,-1.0084550380706787
845,-0.9076815247535706,3.129424810409546
846,1.3209590911865234,1.0757617950439453
847,3.135772943496704,-0.7764566540718079
848,1.847770094871521,0.9202705025672913
849,0.1577836573123932,1.1516374349594116
850,0.752099335193634,1.6139912605285645
851,1.2160120010375977,0.68853360414505
852,0.8271902203559875,2.0112814903259277
853,-0.07751990854740143,2.7590434551239014
854,2.840763807296753,-0.6961286067962646
855,1.4991106986999512,0.20620496571063995
856,0.8893114924430847,1.2378382682800293
857,3.492161989212036,-0.9350594878196716
858,3.2687413692474365,-1.0470294952392578
859,1.5866913795471191,0.3514833450317383
860,0.5718526244163513,1.214831829071045
861,3.384523391723633,-0.44354361295700073
862,2.0210912227630615,0.16609568893909454
863,1.1523158550262451,1.185858130455017
864,1.0574326515197754,1.5611605644226074
865,2.0224661827087402,0.7132548689842224
866,3.351262331008911,-1.1840577125549316
867,1.3485357761383057,0.7188592553138733
868,1.5943324565887451,0.9281653761863708
869,3.1857869625091553,-0.47627660632133484
870,2.5646159648895264,-0.1479857712984085
871,2.452230453491211,-0.039791375398635864
872,1.5671770572662354,1.0311471223831177
873,-0.4699994921684265,3.179889440536499
874,2.822279214859009,-0.5886315703392029
875,1.5822519063949585,0.3435654640197754
876,1.5136126279830933,1.3269760608673096
877,2.5201661586761475,-0.5985195636749268
878,0.7347916960716248,2.160898447036743
879,3.181685209274292,-0.3268839418888092
880,3.801016330718994,-0.6320642232894897
881,1.7971553802490234,0.6044090986251831
882,2.156520366668701,0.20226795971393585
883,1.583847999572754,1.285731554031372
884,0.7847551703453064,2.023509979248047
885,1.6640982627868652,0.21813754737377167
886,3.383925437927246,-0.7997174859046936
887,1.984487771987915,0.4483832120895386
888,1.1290441751480103,1.2937960624694824
889,2.127117395401001,0.2130216807126999
890,0.1842103898525238,2.0271971225738525
891,1.5154812335968018,1.1111708879470825
892,3.139324426651001,-0.7907007336616516
893,2.740973711013794,0.1363525241613388
894,3.5597469806671143,-1.0860322713851929
895,1.1301720142364502,1.4157488346099854
896,1.5797858238220215,0.9125316143035889
897,1.702885389328003,0.767754316329956
898,1.1010465621948242,0.7362446188926697
899,-0.7423271536827087,3.365355968475342
900,3.872800827026367,-1.5341501235961914
901,1.1844149827957153,2.040247917175293
902,2.043703556060791,0.9108626246452332
903,1.2349542379379272,1.2115224599838257
904,2.18231201171875,0.09011074155569077
905,1.0799531936645508,1.0903639793395996
906,2.6267952919006348,-0.4514521360397339
907,2.339059591293335,0.22113944590091705
908,3.7810561656951904,-0.9030439257621765
909,3.3270013332366943,-0.98003089427948
910,3.303779363632202,-0.6114965677261353
911,2.2080650329589844,-0.1978275030851364
912,1.6471339464187622,0.12764261662960052
913,1.354330062866211,1.028223991394043
914,1.6317967176437378,0.8902295827865601
915,1.363421082496643,1.3181049823760986
916,-0.04387646168470383,2.260950803756714
917,1.7448861598968506,0.3159099221229553
918,2.066338539123535,0.9569875001907349
919,1.1831281185150146,1.941001296043396
920,2.590813398361206,0.4697834849357605
921,1.5982997417449951,0.48214590549468994
922,2.613382339477539,-0.17150302231311798
923,2.4342479705810547,-0.44040441513061523
924,2.2831170558929443,-0.13664193451404572
925,0.4832771420478821,0.7352048754692078
926,3.3647215366363525,-1.269331932067871
927,0.2844409942626953,1.879672884941101
928,2.353440284729004,0.42740631103515625
929,2.4935271739959717,-0.03736194968223572
930,1.9365997314453125,0.881568431854248
931,1.6693716049194336,1.1120645999908447
932,1.4242939949035645,0.42620736360549927
933,1.093585729598999,1.7388205528259277
934,0.8661504983901978,2.2142789363861084
935,1.6149176359176636,1.1566369533538818
936,0.685350239276886,1.2878128290176392
937,1.9671989679336548,0.5244632363319397
938,1.7284834384918213,0.1406482309103012
939,-0.3211686909198761,2.422462224960327
940,2.3076555728912354,-0.29946911334991455
941,-0.6524472832679749,3.344356060028076
942,0.4210141897201538,1.2812680006027222
943,-1.0363731384277344,3.289232015609741
944,1.2366207838058472,1.1044437885284424
945,2.4611332416534424,0.31216204166412354
946,1.0329539775848389,0.9692156910896301
947,0.4507073760032654,1.9664596319198608
948,1.6827781200408936,0.9666942954063416
949,1.9547775983810425,0.9329463839530945
950,1.1951746940612793,0.46043524146080017
951,0.08066491782665253,2.468653440475464
952,1.701871633529663,0.4744676351547241
953,2.4671990871429443,-0.36148568987846375
954,2.498809814453125,1.0182464122772217
955,1.4371421337127686,1.1248846054077148
956,0.6018955707550049,2.2041594982147217
957,0.6799212098121643,2.0555975437164307
958,0.5008227825164795,1.7983520030975342
959,3.387650966644287,-0.6750335097312927
960,1.9894413948059082,0.6649184823036194
961,2.225476026535034,0.016627870500087738
962,3.4622185230255127,-0.33140790462493896
963,2.4976751804351807,0.38707321882247925
964,0.28712165355682373,2.6826722621917725
965,1.5704598426818848,0.536818265914917
966,1.9483190774917603,-0.23303858935832977
967,1.2383182048797607,1.6988929510116577
968,2.7333571910858154,-0.610088050365448
969,1.3406051397323608,1.1604557037353516
970,1.0669896602630615,1.8608149290084839
971,2.218613386154175,0.7368603944778442
972,2.1583340167999268,0.6236125826835632
973,1.491647720336914,0.7914988398551941
974,1.9121395349502563,-0.2751920223236084
975,-0.14202608168125153,2.197840690612793
976,3.000429391860962,0.1853152960538864
977,0.28709566593170166,2.088054895401001
978,2.1721088886260986,0.15330010652542114
979,0.31870242953300476,1.6240731477737427
980,1.4167141914367676,1.472137212753296
981,1.0623314380645752,0.8804412484169006
982,-0.41631096601486206,2.4981741905212402
983,1.6910899877548218,0.2668339014053345
984,2.4473984241485596,-0.5289897322654724
985,1.4531009197235107,0.9222526550292969
986,4.349257946014404,-1.0990879535675049
987,1.875628113746643,0.21928615868091583
988,0.3086463510990143,2.448853015899658
989,0.7096421718597412,1.6188921928405762
990,2.4816806316375732,0.9898115992546082
991,-0.14138303697109222,2.5507755279541016
992,2.5750081539154053,0.18129564821720123
993,1.8142788410186768,1.6177432537078857
994,1.9172512292861938,1.0142486095428467
995,2.1286509037017822,0.397277295589447
996,1.6267164945602417,1.1794395446777344
997,2.9317166805267334,-0.7805002331733704
998,0.9778795838356018,1.4023520946502686
999,0.9311249256134033,1.2957162857055664
1000,3.195340156555176,-0.7054101824760437
1001,0.877453625202179,1.8997858762741089
1002,0.9962843060493469,1.7561579942703247
1003,2.70004940032959,0.0746459886431694
1004,3.4889657497406006,-0.9573155045509338
1005,1.434037685394287,0.5268269181251526
1006,1.4792084693908691,1.3338623046875
1007,1.901173710823059,0.34573060274124146
1008,1.9329968690872192,0.8215975165367126
1009,0.9960545897483826,2.007680892944336
1010,3.132528305053711,-1.1440017223358154
1011,0.6633536219596863,2.0384531021118164
1012,-0.5530051589012146,2.6266095638275146
1013,2.059242010116577,0.5083429217338562
1014,-0.13960136473178864,3.0272862911224365
1015,-0.019478537142276764,1.977757215499878
1016,2.2333457469940186,-0.14934661984443665
1017,2.8624372482299805,-0.07113168388605118
1018,0.1946471482515335,1.972146987915039
1019,0.5679521560668945,1.9030649662017822
1020,0.18829628825187683,1.522387146949768
1021,3.6012349128723145,-1.1951055526733398
1022,-0.3573572635650635,3.3113338947296143
1023,2.1729016304016113,0.12264148890972137
1024,0.38868337869644165,2.2286646366119385
1025,3.0042757987976074,-0.21646229922771454
1026,1.2931933403015137,1.6448538303375244
1027,0.014495250768959522,2.2978947162628174
1028,0.3654252588748932,2.0868961811065674
1029,1.2858819961547852,1.342624545097351
1030,0.4162323474884033,1.9750477075576782
1031,0.4525053799152374,1.8515479564666748
1032,-0.1239565834403038,1.851560354232788
1033,2.400808572769165,0.3025585114955902
1034,2.2229440212249756,1.0206985473632812
1035,2.6962459087371826,-0.05983738601207733
1036,1.1588613986968994,1.1332621574401855
1037,2.128539800643921,0.4480021595954895
1038,1.7887707948684692,0.20761354267597198
1039,0.9469882845878601,1.5061795711517334
1040,0.2708115875720978,1.887608528137207
1041,3.2369911670684814,-0.6667171120643616
1042,1.0040475130081177,1.1623775959014893
1043,0.32547298073768616,2.5407755374908447
1044,1.884892225265503,0.7532370686531067
1045,1.7702561616897583,0.7038975358009338
1046,1.7878806591033936,1.2330496311187744
1047,0.6030182242393494,1.314993143081665
1048,1.8363956212997437,0.6111612319946289
1049,2.0632340908050537,0.3792945146560669
1050,1.2914667129516602,1.7416841983795166
1051,1.3986995220184326,0.8127313256263733
1052,1.409097671508789,1.0154606103897095
1053,1.478358507156372,0.03649028390645981
1054,3.6256749629974365,-0.5984281897544861
1055,2.5119314193725586,0.5117539167404175
1056,-0.33278048038482666,2.7011125087738037
1057,1.8380608558654785,0.6014615893363953
1058,3.1037750244140625,-0.3381773829460144
1059,0.6515917181968689,1.9982908964157104
1060,2.07305645942688,0.7541033029556274
1061,2.808283567428589,-0.39520806074142456
1062,1.3275043964385986,0.5989238023757935
1063,-0.08621186017990112,1.8579630851745605
1064,2.1655585765838623,0.3254246115684509
1065,2.2465131282806396,0.2820546329021454
1066,1.8501124382019043,0.9910478591918945
1067,3.2092270851135254,-1.1301076412200928
1068,1.1018295288085938,0.9049042463302612
1069,1.8906570672988892,0.7924922108650208
1070,2.42429256439209,-0.8684754967689514
1071,0.6010704040527344,1.8953464031219482
1072,1.0059479475021362,1.6921746730804443
1073,2.7946784496307373,-0.06877149641513824
1074,1.0889778137207031,1.2193496227264404
1075,3.043113946914673,-0.6275201439857483
1076,1.4943151473999023,1.2797504663467407
1077,1.5076340436935425,1.568257451057434
1078,2.82025408744812,-0.49548327922821045
1079,2.360797166824341,0.3522537648677826
1080,-0.6239174604415894,2.6334540843963623
1081,0.9655194878578186,1.9707061052322388
1082,3.158034324645996,-0.7316402792930603
1083,0.5915212035179138,1.2199937105178833
1084,2.5604121685028076,-0.003659500740468502
1085,0.4884538948535919,2.147406816482544
1086,1.1477826833724976,1.033958911895752
1087,1.7708663940429688,0.6100620031356812
1088,2.5416877269744873,-0.5587608218193054
1089,-0.19963853061199188,2.836824417114258
1090,3.5505244731903076,-0.9026058316230774
1091,2.7851154804229736,-0.9227074384689331
1092,2.7143962383270264,-0.42810899019241333
1093,2.0951249599456787,-0.24317879974842072
1094,1.1018238067626953,1.632380723953247
1095,1.621147871017456,0.8258002400398254
1096,1.8751777410507202,0.40589094161987305
1097,0.8538121581077576,1.178357720375061
1098,1.3877644538879395,1.327509880065918
1099,2.5169174671173096,0.024646885693073273
1100,2.188154458999634,0.07011783868074417
1101,-0.10330138355493546,2.2257816791534424
1102,3.401736259460449,-0.7385100722312927
1103,1.918835997581482,0.8061770796775818
1104,2.3614823818206787,0.14808611571788788
1105,3.4035532474517822,-0.5056071281433105
1106,1.1654117107391357,1.3319063186645508
1107,3.1229846477508545,-0.25625908374786377
1108,2.3175430297851562,-0.08128777891397476
1109,1.7199156284332275,0.14755414426326752
1110,1.4871273040771484,1.236393928527832
1111,3.2650935649871826,-0.8612913489341736
1112,1.507856845855713,0.5740643739700317
1113,1.6056339740753174,1.1436214447021484
1114,-0.23239660263061523,2.804983139038086
1115,2.413869857788086,-0.6628665328025818
1116,1.4639558792114258,1.333984613418579
1117,2.232534646987915,0.8410573601722717
1118,2.1489884853363037,0.43110302090644836
1119,2.5260508060455322,0.15631787478923798
1120,2.621218681335449,0.10588852316141129
1121,0.8208947777748108,1.1140270233154297
1122,1.4629086256027222,0.42410892248153687
1123,1.326891303062439,0.9545125365257263
1124,-0.42708954215049744,3.1190898418426514
1125,2.4182088375091553,-0.5422438979148865
1126,0.9647400975227356,1.3952640295028687
1127,0.43673959374427795,2.0465614795684814
1128,0.794921338558197,1.105747938156128
1129,1.8356399536132812,1.2685546875
1130,1.3957583904266357,1.1068613529205322
1131,1.707322359085083,0.8988646268844604
1132,-0.5011177659034729,2.7887532711029053
1133,0.9978308081626892,1.6935539245605469
1134,2.724372148513794,-0.006472255103290081
1135,1.6504586935043335,0.793637216091156
1136,1.1807012557983398,1.2248238325119019
1137,2.4086554050445557,0.17551906406879425
1138,2.346761465072632,0.48200392723083496
1139,1.718515157699585,0.5314126014709473
1140,3.478548049926758,-0.5067586898803711
1141,0.4025684595108032,1.6088252067565918
1142,1.7593910694122314,1.482800841331482
1143,1.3077731132507324,1.1142653226852417
1144,3.6277964115142822,-0.5620412230491638
1145,2.22585391998291,0.09459943324327469
1146,2.2593722343444824,-0.30773577094078064
1147,2.27331280708313,0.45924651622772217
1148,-0.31246837973594666,3.178105592727661
1149,1.7040077447891235,0.6770901083946228
1150,1.8325223922729492,0.5487077832221985
1151,1.3088442087173462,1.4978678226470947
1152,2.993576765060425,-0.5239449143409729
1153,1.6012605428695679,0.39561235904693604
1154,2.5755763053894043,-0.4527779221534729
1155,1.2333652973175049,0.9906836152076721
1156,1.192592740058899,0.9894402623176575
1157,1.2400892972946167,1.7227991819381714
1158,1.501969575881958,0.7015581727027893
1159,2.877300500869751,-0.5096209645271301
1160,1.7811119556427002,1.7811119556427002
1161,3.5391499996185303,-0.8906055092811584
1162,3.1559126377105713,-0.6031120419502258
1163,2.2486720085144043,0.3583393096923828
1164,3.6136648654937744,-0.6872673630714417
1165,1.924686312675476,1.3744258880615234
1166,0.6984571218490601,1.6351737976074219
1167,0.5845156908035278,2.0191562175750732
1168,1.6406688690185547,0.6826078295707703
1169,2.838953971862793,-0.3667539060115814
1170,1.6353731155395508,1.8748611211776733
1171,1.2253718376159668,1.3752117156982422
1172,2.1269161701202393,0.09427941590547562
1173,0.4387304484844208,2.4721996784210205
1174,2.831479787826538,0.03288305550813675
1175,-0.46975216269493103,2.591581344604492
1176,1.750573992729187,0.9540808796882629
1177,1.090320110321045,1.5105955600738525
1178,1.9764552116394043,-0.4359148144721985
1179,1.8875627517700195,0.07502619922161102
1180,3.554276943206787,-0.7525442242622375
1181,-0.5359199643135071,2.0895988941192627
1182,1.843191385269165,0.3050396144390106
1183,2.2833290100097656,0.4630049765110016
1184,3.005570650100708,-0.4797445237636566
1185,0.9258983731269836,1.0869046449661255
1186,1.3714768886566162,1.0488066673278809
1187,0.3856448531150818,1.9500569105148315
1188,2.2185330390930176,-0.0322967991232872
1189,0.31556764245033264,2.2146780490875244
1190,2.5678231716156006,-0.45872271060943604
1191,-0.11658080667257309,2.9040443897247314
1192,2.8056602478027344,-0.5548055768013
1193,2.1566414833068848,-0.3567400574684143
1194,1.2263853549957275,1.9260270595550537
1195,2.6394283771514893,0.32366102933883667
1196,0.6207337379455566,1.2408186197280884
1197,1.1146637201309204,1.3406414985656738
1198,2.659553050994873,-0.13595804572105408
1199,-0.022182650864124298,3.33406138420105
1200,0.947257936000824,1.5451104640960693
1201,1.3043479919433594,1.1336925029754639
1202,3.42814040184021,-0.9602617621421814
1203,3.541328191757202,-0.7690445780754089
1204,0.9096185564994812,1.9532510042190552
1205,3.2936618328094482,-1.2920761108398438
1206,2.0454652309417725,0.20559395849704742
1207,0.8741754293441772,1.7502038478851318
1208,3.3081390857696533,-0.6956772208213806
1209,3.1417579650878906,-0.6806452870368958
1210,0.9642321467399597,1.7492825984954834
1211,-0.7660043835639954,2.8036484718322754
1212,-0.32708340883255005,2.857675790786743
1213,1.6569745540618896,1.4162559509277344
1214,2.692375421524048,-0.5791634321212769
1215,3.6826889514923096,-1.1119225025177002
1216,1.4292218685150146,0.37842342257499695
1217,2.4844517707824707,-0.2306501418352127
1218,0.23258553445339203,2.3779001235961914
1219,2.1538257598876953,0.3381735384464264
1220,1.2179814577102661,1.0339301824569702
1221,0.9456749558448792,1.5977303981781006
1222,0.7456724047660828,1.4927783012390137
1223,2.1443064212799072,0.57970130443573
1224,0.5027349591255188,2.248563051223755
1225,0.8300830721855164,1.4568896293640137
1226,1.1774510145187378,1.3908113241195679
1227,3.0496275424957275,-0.701737105846405
1228,1.1950299739837646,0.921948254108429
1229,-0.732374370098114,3.2563064098358154
1230,2.64631724357605,0.5313270092010498
1231,1.4701175689697266,0.215589240193367
1232,2.100003242492676,0.5897043347358704
1233,0.29934948682785034,2.5521252155303955
1234,0.7027410268783569,2.1132712364196777
1235,1.6765861511230469,0.8884986042976379
1236,2.43471622467041,0.8951343297958374
1237,1.4671372175216675,1.1824015378952026
1238,2.7670023441314697,-0.41457071900367737
1239,3.1829988956451416,-1.1672059297561646
1240,1.7901370525360107,0.836990475654602
1241,2.041642665863037,0.8033323884010315
1242,2.4827072620391846,0.3705313205718994
1243,3.569614887237549,-1.0361604690551758
1244,2.5857326984405518,0.44923776388168335
1245,1.494593620300293,0.385822057723999
1246,-0.3340870141983032,2.3966729640960693
1247,2.174546957015991,0.6802432537078857
1248,3.1712229251861572,-0.6182771325111389
1249,3.958146810531616,-0.5133229494094849
1250,1.6840728521347046,0.9642675518989563
1251,1.8959910869598389,1.1355609893798828
1252,1.9041495323181152,0.428857684135437
1253,2.2082912921905518,1.0195531845092773
1254,0.6470783352851868,1.869537353515625
1255,3.300872564315796,-0.3404099941253662
1256,-0.08739320188760757,2.583286762237549
1257,1.9116621017456055,0.6580504775047302
1258,1.207682490348816,1.0930262804031372
1259,1.1355513334274292,1.5598886013031006
1260,0.6011435389518738,1.8179056644439697
1261,1.327440857887268,1.5361073017120361
1262,1.4713764190673828,1.1113446950912476
1263,0.9730156064033508,1.4109185934066772
1264,0.3918079137802124,1.9299193620681763
1265,2.3536477088928223,0.2762688994407654
1266,0.38588064908981323,2.1699113845825195
1267,1.6853547096252441,1.089432954788208
1268,2.269634962081909,-0.3488101065158844
1269,-0.3904605507850647,2.2630560398101807
1270,2.4817769527435303,-0.0872606709599495
1271,1.0525100231170654,1.1124286651611328
1272,1.7724815607070923,0.20935982465744019
1273,-0.1482429951429367,2.796116590499878
1274,1.2939724922180176,0.7137230038642883
1275,0.9498963952064514,0.6675324440002441
1276,2.969182014465332,-0.9142300486564636
1277,1.8744404315948486,1.1205079555511475
1278,0.7533590197563171,1.9898313283920288
1279,1.397666335105896,1.0865702629089355
1280,3.5662331581115723,-0.9869317412376404
1281,3.205199956893921,-0.5101638436317444
1282,1.2214291095733643,1.6562561988830566
1283,0.9787365794181824,1.730029821395874
1284,1.3873846530914307,0.945091187953949
1285,0.5388281941413879,1.9915344715118408
1286,0.3603323698043823,1.8961186408996582
1287,3.377431631088257,-0.3176354467868805
1288,3.1680572032928467,-0.8401034474372864
1289,-0.21391607820987701,2.898669481277466
1290,1.8507788181304932,0.9466522932052612
1291,3.1340439319610596,-0.44693875312805176
1292,2.5366742610931396,-0.42936018109321594
1293,1.665197491645813,0.392014741897583
1294,1.822225570678711,0.3325082063674927
1295,2.491440773010254,0.5517468452453613
1296,2.1734278202056885,0.09926969558000565
1297,1.3653203248977661,0.755146861076355
1298,0.7840287685394287,2.2237298488616943
1299,0.20878316462039948,2.520054578781128
1300,2.248516082763672,0.4302038252353668
1301,0.0021091559901833534,2.2923786640167236
1302,3.550778388977051,-1.010812520980835
1303,0.7401046752929688,1.9847707748413086
1304,0.9802065491676331,1.446930170059204
1305,1.5713701248168945,0.8438843488693237
1306,1.1195839643478394,2.19702410697937
1307,0.79068523645401,1.786529541015625
1308,1.2312061786651611,1.6496626138687134
1309,2.514951467514038,0.29478347301483154
1310,1.4768751859664917,0.5056131482124329
1311,0.43821462988853455,2.1169207096099854
1312,2.35892653465271,0.05534594506025314
1313,0.33122187852859497,1.5713722705841064
1314,0.22355090081691742,2.0274312496185303
1315,0.34209731221199036,2.0314576625823975
1316,2.7087185382843018,-0.7525786757469177
1317,1.6003963947296143,1.1527341604232788
1318,1.3599257469177246,1.2800195217132568
1319,2.5506751537323,0.14080369472503662
1320,2.0856850147247314,0.14329449832439423
1321,-0.1611989289522171,2.438267707824707
1322,2.523911714553833,0.499282568693161
1323,2.678325653076172,-0.04121939092874527
1324,3.5567104816436768,-0.6573194861412048
1325,2.9190657138824463,-0.4652985632419586
1326,-0.19949190318584442,2.7321105003356934
1327,0.826143205165863,1.2120565176010132
1328,0.8191409111022949,1.56345796585083
1329,1.6603105068206787,0.49752745032310486
1330,0.34376561641693115,1.8979172706604004
1331,1.7099411487579346,0.3651818335056305
1332,2.967472791671753,-0.08065353333950043
1333,1.6012959480285645,1.0904433727264404
1334,2.7083895206451416,0.32998764514923096
1335,1.5167324542999268,0.9347686171531677
1336,3.5703539848327637,-0.829355776309967
1337,2.9755280017852783,-0.7510817050933838
1338,0.4217797517776489,1.5437827110290527
1339,1.9152300357818604,0.7953370809555054
1340,0.6820282340049744,1.661426305770874
1341,1.5283045768737793,0.9571436047554016
1342,1.5746278762817383,0.7420087456703186
1343,1.5841612815856934,1.253265380859375
1344,2.503739356994629,-0.35774534940719604
1345,2.02622389793396,0.7876732349395752
1346,1.78179931640625,0.7100362777709961
1347,1.92336905002594,0.9990407824516296
1348,0.790806233882904,1.662340760231018
1349,1.2362523078918457,1.6274309158325195
1350,1.5404210090637207,1.4045138359069824
1351,1.963982343673706,0.47754091024398804
1352,1.6249165534973145,1.316259741783142
1353,1.7811297178268433,1.7811297178268433
1354,0.38448366522789,1.8825912475585938
1355,1.6294889450073242,0.8640581965446472
1356,1.462821125984192,0.5702486038208008
1357,2.7478086948394775,0.07700962573289871
1358,1.8853660821914673,0.8706435561180115
1359,2.4821817874908447,-0.09067492932081223
1360,3.4937641620635986,-1.1570156812667847
1361,0.6748124957084656,1.7366156578063965
1362,0.2586328387260437,2.1522207260131836
1363,1.0240767002105713,1.5635311603546143
1364,1.956676721572876,0.3521925210952759
1365,2.2630956172943115,0.344088613986969
1366,1.3050264120101929,0.9114857912063599
1367,1.8779467344284058,0.8350704908370972
1368,1.8194537162780762,0.7529732584953308
1369,3.1011388301849365,-0.19491568207740784
1370,0.5203205943107605,1.7369253635406494
1371,1.9478425979614258,0.7059100270271301
1372,2.9290518760681152,-0.995482861995697
1373,0.6220674514770508,1.9651695489883423
1374,2.2783117294311523,-0.14777101576328278
1375,1.1605474948883057,1.1227591037750244
1376,2.439128875732422,-0.1348019689321518
1377,0.8944620490074158,2.0316522121429443
1378,2.789907455444336,-0.8309975862503052
1379,2.138779878616333,0.6268287301063538
1380,2.1911096572875977,-0.07537470012903214
1381,1.8285460472106934,1.1428675651550293
1382,-0.04434528946876526,2.255722761154175
1383,2.408109426498413,0.4238220453262329
1384,1.8509726524353027,0.7096665501594543
1385,1.160268783569336,1.068610429763794
1386,3.1904189586639404,-0.9187220335006714
1387,1.5325952768325806,0.6701796650886536
1388,2.0837972164154053,0.9580112099647522
1389,3.0251572132110596,-0.5083600878715515
1390,2.1354262828826904,0.42168375849723816
1391,0.10283886641263962,2.5376832485198975
1392,2.621251106262207,-0.0797223150730133
1393,1.0014327764511108,1.6836185455322266
1394,1.2159934043884277,1.4734866619110107
1395,3.296002149581909,-0.34278440475463867
1396,1.5471503734588623,1.2311463356018066
1397,2.9204490184783936,-0.9096450209617615
1398,2.384441614151001,-0.09802701324224472
1399,-0.6393352746963501,2.781244993209839
1400,2.2566654682159424,0.14348702132701874
1401,1.9369875192642212,0.48851191997528076
1402,2.2626612186431885,-0.3710574209690094
1403,-0.47777947783470154,3.2590174674987793
1404,2.8957269191741943,0.3282827138900757
1405,1.3851978778839111,0.3398171663284302
1406,1.1092472076416016,1.9681695699691772
1407,0.09373825043439865,2.684377908706665
1408,0.9483616948127747,1.8121260404586792
1409,2.87558913230896,0.4490858018398285
1410,0.7619389891624451,1.9580731391906738
1411,2.79016375541687,-0.6131914258003235
1412,3.5573136806488037,-0.41404780745506287
1413,2.2163732051849365,0.5528752207756042
1414,1.2141611576080322,1.595346450805664
1415,3.6533496379852295,-1.3847672939300537
1416,0.4477205276489258,2.1767280101776123
1417,0.5604190826416016,1.6286685466766357
1418,1.4879878759384155,0.6657162308692932
1419,0.40895479917526245,2.2148702144622803
1420,1.6580114364624023,1.1723957061767578
1421,1.9053964614868164,0.7541314959526062
1422,2.5215888023376465,-0.16547824442386627
1423,1.6639822721481323,0.4935133755207062
1424,2.9856975078582764,-0.06139082461595535
1425,0.8583642244338989,2.1801435947418213
1426,1.5902478694915771,0.42045116424560547
1427,0.7569370865821838,2.0290491580963135
1428,1.0255355834960938,1.7576930522918701
1429,1.0178853273391724,1.7671436071395874
1430,0.9590386748313904,1.2703850269317627
1431,0.7066574692726135,0.9834995269775391
1432,1.731987714767456,0.2088906317949295
1433,0.2910362482070923,2.103692054748535
1434,2.069183111190796,0.877433717250824
1435,0.83597332239151,1.6649646759033203
1436,-0.4358706772327423,2.9200851917266846
1437,1.9995876550674438,-0.13751143217086792
1438,-0.18408174812793732,2.6314308643341064
1439,2.1992623805999756,0.33409684896469116
1440,2.2159311771392822,0.11905784159898758
1441,2.556931734085083,0.09509707242250443
1442,2.760101079940796,-0.2359059453010559
1443,1.0747179985046387,1.4363617897033691
1444,0.9824316501617432,2.0723674297332764
1445,2.3969457149505615,0.04116655886173248
1446,3.1698334217071533,-0.0331549271941185
1447,0.8035860657691956,1.4727925062179565
1448,1.4566797018051147,0.4604300856590271
1449,2.6525864601135254,0.38164272904396057
1450,0.6709076762199402,1.8239637613296509
1451,2.3950583934783936,0.15600502490997314
1452,-0.7829200625419617,2.646082639694214
1453,2.862433433532715,-0.6263562440872192
1454,-0.02384527027606964,2.8033244609832764
1455,1.2758318185806274,1.2055871486663818
1456,1.9033669233322144,1.0372099876403809
1457,0.47168561816215515,1.8302500247955322
1458,2.3622381687164307,0.04881911724805832
1459,1.540480375289917,1.1163345575332642
1460,3.3477048873901367,-0.22225305438041687
1461,1.8182827234268188,0.4987919330596924
1462,0.7491099238395691,1.6088333129882812
1463,1.2797813415527344,1.2712244987487793
1464,3.1440906524658203,-0.33716511726379395
1465,0.07425843924283981,2.567033290863037
1466,1.4339261054992676,0.8060279488563538
1467,0.099784255027771,2.0309760570526123
1468,2.601602792739868,0.15494580566883087
1469,2.657449960708618,-0.6370469927787781
1470,0.8506355881690979,2.0003485679626465
1471,2.194476842880249,1.1325631141662598
1472,0.6238580346107483,1.8806591033935547
1473,1.8583952188491821,0.3364982604980469
1474,1.6302027702331543,1.1351954936981201
1475,1.8807644844055176,0.7443206310272217
1476,0.11451302468776703,2.491250514984131
1477,0.7028905749320984,1.5007257461547852
1478,1.4365533590316772,1.4599560499191284
1479,2.180467367172241,0.2443998157978058
1480,2.516301393508911,-0.3852490782737732
1481,0.4273450970649719,2.133193016052246
1482,2.632624387741089,0.6450778841972351
1483,-0.3542025685310364,2.109799861907959
1484,1.8907047510147095,0.2229345142841339
1485,3.0111582279205322,-0.29905977845191956
1486,2.0173044204711914,0.2885372042655945
1487,0.31480497121810913,2.1427876949310303
1488,0.482208251953125,2.0349555015563965
1489,0.2890430986881256,2.143775224685669
1490,1.2500417232513428,1.400784969329834
1491,-0.11434615403413773,2.4728505611419678
1492,2.025273561477661,0.8982518911361694
1493,-0.846180260181427,3.0112571716308594
1494,2.172830820083618,0.2131471484899521
1495,1.5379679203033447,0.7898144125938416
1496,2.184297800064087,0.06644334644079208
1497,1.2821437120437622,1.6555513143539429
1498,2.0705127716064453,0.6510013937950134
1499,1.5777307748794556,0.8962389826774597
1500,1.1424057483673096,1.4057555198669434
1501,2.8634796142578125,-0.27512505650520325
1502,0.3313705325126648,2.8100035190582275
1503,3.3187015056610107,-0.5543129444122314
1504,1.4780579805374146,1.2328753471374512
1505,0.5191566348075867,1.8397587537765503
1506,2.308222532272339,0.010043182410299778
1507,1.455309271812439,1.3603098392486572
1508,1.6927101612091064,1.0535043478012085
1509,2.4208452701568604,0.33292436599731445
1510,2.26871657371521,0.02668854594230652
1511,0.6443482637405396,1.7824469804763794
1512,1.975795865058899,0.6992568373680115
1513,2.4132072925567627,-0.4630456566810608
1514,1.9714345932006836,0.7811286449432373
1515,1.9923315048217773,0.319560706615448
1516,1.1631627082824707,1.276416540145874
1517,1.6826646327972412,-0.20208869874477386
6307,2.6294164657592773,0.7824990153312683
3844,2.5314390659332275,0.06943713128566742
7862,-0.9895119071006775,3.937382936477661
1889,1.4092857837677002,1.241615653038025
5991,1.8133153915405273,0.9564527273178101
8492,2.5748698711395264,0.023919083178043365
2500,0.6145121455192566,2.196737766265869
1629,3.502596139907837,-0.5509765148162842
1660,-0.4003436267375946,3.1004226207733154
7473,1.2304918766021729,0.3050490617752075
1684,2.700678586959839,-0.30624523758888245
2323,1.715087890625,1.0998777151107788
2243,2.316131830215454,0.16884206235408783
4604,2.92692232131958,-0.6024146676063538
4256,2.356051206588745,0.9450722336769104
5889,-0.7275919318199158,3.420973062515259
4375,1.6396238803863525,1.0560170412063599
2999,1.6821339130401611,1.2493724822998047
4127,2.5609071254730225,0.36039024591445923
1774,2.6996231079101562,-0.032592032104730606
1642,-0.14294199645519257,2.9031474590301514
2854,3.12335467338562,-0.7193536162376404
3635,0.9006564021110535,1.5494894981384277
3689,0.21388961374759674,2.2792062759399414
4053,1.4478152990341187,0.7475078701972961
6579,0.2048088014125824,1.8973671197891235
8258,2.1051275730133057,0.6916431188583374
2206,1.3597345352172852,1.3211356401443481
8394,2.51485276222229,-0.42350995540618896
1754,1.6971746683120728,0.8893386721611023
5960,-0.19641126692295074,2.765068769454956
3797,2.4893412590026855,0.7371041178703308
3842,1.6593539714813232,1.0253525972366333
5934,1.7275948524475098,0.83006352186203
6370,2.161543369293213,0.09923570603132248
3335,1.169673204421997,1.21101713180542
8488,2.5699198246002197,0.2914980351924896
3480,1.3676120042800903,1.2190961837768555
2706,1.5525124073028564,0.6909547448158264
3217,0.9443467259407043,1.2329930067062378
7322,0.9690009951591492,0.881134569644928
7822,0.6492789387702942,1.1055309772491455
1893,2.1789965629577637,0.3037840723991394
4038,1.8604724407196045,0.8792434334754944
6378,-0.09381493180990219,1.7754102945327759
7772,-0.7297983765602112,2.8890769481658936
2069,-0.15035484731197357,2.6259052753448486
3857,1.220039963722229,0.7148906588554382
7029,2.7728281021118164,-0.5473141670227051
6028,1.1691064834594727,0.5685810446739197
6086,2.398282766342163,0.10724908858537674
2594,0.8760057091712952,1.6271469593048096
4311,1.2947626113891602,0.7638750672340393
4443,2.000910758972168,0.8345900774002075
6495,0.7358830571174622,2.0130057334899902
7956,1.6259450912475586,0.6761107444763184
8049,1.523620843887329,1.7187007665634155
3493,1.6081948280334473,0.5851446986198425
4303,1.3173747062683105,1.6834087371826172
1958,2.7526042461395264,-0.13835152983665466
2696,1.9679999351501465,0.20795856416225433
3165,2.0234034061431885,1.3268308639526367
5950,3.1213090419769287,-0.7232568860054016
1661,1.3720433712005615,1.2205348014831543
2349,1.2416095733642578,1.0479564666748047
7510,3.0177218914031982,-0.15476176142692566
3871,3.2304627895355225,-0.17096950113773346
3874,0.6601862907409668,1.715113639831543
4412,0.24568186700344086,2.155039072036743
2011,-0.6786486506462097,3.2783968448638916
3425,2.3322291374206543,0.08859851211309433
4089,2.0165884494781494,0.33614739775657654
4100,1.9276649951934814,0.8289302587509155
7461,1.892966866493225,0.4118226170539856
2174,2.837991952896118,-1.1526401042938232
2559,0.17799140512943268,2.2157323360443115
2880,2.8958754539489746,-0.15310125052928925
3052,0.806380569934845,1.407792091369629
4031,2.9157285690307617,-0.38617563247680664
7378,1.8216898441314697,0.9233618378639221
2195,-0.06509470194578171,2.482269287109375
2484,1.5966241359710693,1.3648204803466797
2902,1.5651718378067017,0.9802302122116089
7435,1.2090389728546143,1.4333016872406006
8009,0.9949422478675842,1.5625646114349365
2476,1.3513305187225342,1.2037315368652344
2047,0.6688947081565857,2.0072715282440186
2873,1.177328109741211,0.8531216382980347
7540,2.196669816970825,-0.08432113379240036
6569,1.4638917446136475,0.5774739980697632
1644,-0.009197822771966457,2.649784803390503
2925,2.110987424850464,0.42265474796295166
3928,1.6538814306259155,0.7100214958190918
8018,2.0369973182678223,0.7241531014442444
2652,1.4058442115783691,1.5931955575942993
4544,0.9723556637763977,1.4852657318115234
5925,1.5289082527160645,1.3856227397918701
6195,-0.033174097537994385,1.777541160583496
1638,1.3807408809661865,1.449784517288208
3452,1.1617634296417236,1.1962528228759766
4657,1.6754710674285889,0.9220139384269714
7755,0.3029464781284332,1.9303044080734253
1519,2.9581034183502197,-0.8312405943870544
3660,1.5544102191925049,0.5811620950698853
7511,1.6796445846557617,0.6258571147918701
2866,3.3629298210144043,-0.28985700011253357
3027,2.549015760421753,0.44048333168029785
2726,2.5394480228424072,0.7078940868377686
4146,1.5301660299301147,0.8208093047142029
4654,0.29499906301498413,1.8187929391860962
7937,0.38493531942367554,2.0643203258514404
2101,2.0369045734405518,0.260541707277298
3276,2.5830466747283936,-0.014822772704064846
4231,2.3239753246307373,0.45756304264068604
4451,3.095048189163208,-0.34424278140068054
5776,-0.4541919231414795,2.6680805683135986
6954,1.8368703126907349,0.8954867720603943
6121,2.4953019618988037,0.042180344462394714
2239,0.19182144105434418,2.231604814529419
2564,2.5052435398101807,-0.4553520679473877
6375,0.7912809252738953,1.6582093238830566
1930,2.0163612365722656,0.5799074769020081
4309,1.6615629196166992,0.5747421979904175
7176,2.635270357131958,-0.0971551313996315
8502,2.6193530559539795,-0.07260379940271378
2521,0.17495907843112946,2.364267110824585
3639,2.5910754203796387,0.22162550687789917
2334,0.4220011532306671,2.79838490486145
3154,2.24649715423584,0.150074765086174
1632,0.3311002850532532,2.4405033588409424
2752,1.885787010192871,0.0346011184155941
6432,2.1718719005584717,0.5957350134849548
3440,2.7401373386383057,0.42631685733795166
3962,2.0599024295806885,0.32640501856803894
1907,0.16424544155597687,2.285626173019409
3084,-0.4317178726196289,3.358757495880127
7457,-0.39513927698135376,2.6093761920928955
1866,2.1757054328918457,0.06658431887626648
7240,2.4305384159088135,0.23952986299991608
7628,1.5078787803649902,0.6158335208892822
2229,2.509570360183716,-0.2688104510307312
2874,0.6247370839118958,1.5787582397460938
2819,2.245875597000122,0.3774266242980957
4280,0.7971023321151733,1.4413832426071167
7039,1.8278406858444214,0.5735121369361877
1679,3.8678340911865234,-1.197862148284912
2094,1.7423877716064453,0.8970770835876465
2512,2.1977624893188477,0.6712539196014404
1757,-0.3143883943557739,2.345712423324585
2671,2.864158868789673,-0.28631216287612915
3255,0.9598002433776855,1.9027138948440552
4483,2.6885616779327393,-0.7234203219413757
6612,0.4603571891784668,1.1839179992675781
7979,0.3025188446044922,2.1801135540008545
3688,-0.2672613859176636,3.4419689178466797
5826,0.7782962322235107,1.7301287651062012
1767,1.0485843420028687,1.7251956462860107
2115,1.070913553237915,1.4879465103149414
3692,0.49511826038360596,1.897586703300476
1738,1.241933822631836,1.5492188930511475
2365,2.591674566268921,-0.20566649734973907
2668,2.7025272846221924,-0.11936386674642563
3889,0.8912089467048645,1.7631667852401733
2013,0.8552704453468323,2.0314714908599854
4247,1.753210425376892,0.5471332669258118
6129,0.10702472925186157,2.528184652328491
6627,3.551180124282837,-0.2269439995288849
3513,1.5517462491989136,1.1746137142181396
4649,0.9216280579566956,1.4797217845916748
1936,0.8158575892448425,1.206233263015747
3703,1.3101590871810913,0.8514305353164673
2400,2.556992769241333,0.6909895539283752
4109,3.1946616172790527,-0.20155946910381317
7867,2.9887874126434326,-0.5307836532592773
1812,1.9375801086425781,0.7707529067993164
3434,4.018367290496826,-0.9049711227416992
3603,1.991719126701355,1.1204460859298706
6191,0.3067114055156708,1.405458927154541
2133,2.09568452835083,0.8574662804603577
3771,1.9641050100326538,1.019056797027588
3998,-0.6365712285041809,3.0886080265045166
6996,3.577219009399414,-0.6410574316978455
7695,2.7062618732452393,0.1221257820725441
1594,-0.5857038497924805,3.436648368835449
2694,1.175792932510376,0.8439063429832458
4223,0.7910880446434021,1.6119117736816406
8067,3.9076812267303467,-0.9509072303771973
8422,0.8996962904930115,1.7536861896514893
2080,1.896054744720459,0.8411684632301331
3047,1.5518863201141357,1.3690519332885742
8384,1.6419317722320557,0.5983142852783203
1854,2.289214849472046,0.27743229269981384
2267,3.1674370765686035,-0.78477543592453
2503,2.4882466793060303,-0.29748255014419556
3494,0.9280062317848206,1.4499419927597046
3451,1.6814370155334473,1.0589945316314697
3506,1.412853479385376,1.3418700695037842
4655,2.623248338699341,0.28299158811569214
7800,1.8676648139953613,0.6469429135322571
2001,0.78740394115448,1.6813549995422363
2627,3.5810763835906982,-0.07569751888513565
3319,1.6192536354064941,0.8106489777565002
6512,2.591860294342041,0.5188894867897034
2677,-0.19806602597236633,3.2444915771484375
2840,2.3297131061553955,0.49919191002845764
3373,-1.183716058731079,3.55138897895813
8265,-0.3662126958370209,3.441732168197632
1946,0.7033396363258362,2.1189942359924316
2403,1.5396709442138672,-0.0645613968372345
2419,4.211545467376709,-1.1027991771697998
3288,0.8710916638374329,0.7345791459083557
7324,0.40078338980674744,2.045827627182007
1954,3.038463830947876,-0.7431222200393677
1943,1.6665468215942383,1.1014387607574463
2517,3.0426113605499268,-0.11056557297706604
7930,1.2083157300949097,1.3491917848587036
2051,0.9449272155761719,2.083976984024048
3846,2.8599162101745605,0.11683785170316696
4302,3.102207899093628,-0.23810598254203796
7061,1.97664213180542,0.6077001690864563
1623,2.2186169624328613,0.5118659734725952
1979,-0.13354454934597015,2.205493450164795
1984,0.48277488350868225,2.039978265762329
2942,0.6677742600440979,1.968035340309143
3942,1.2044296264648438,1.4618051052093506
4589,2.203709125518799,0.18530422449111938
3746,2.1563477516174316,1.0724048614501953
4560,2.5884294509887695,-0.1672348529100418
7842,0.23864015936851501,2.186147451400757
2353,3.803804874420166,-0.8218574523925781
2576,1.6873692274093628,0.4426191449165344
2633,1.750633955001831,0.24620361626148224
3839,2.4997215270996094,0.3133423924446106
3909,1.7009021043777466,0.8298178911209106
4137,1.7417445182800293,0.68654865026474
4296,1.3211251497268677,0.9869036674499512
2197,2.540532112121582,0.3755588233470917
2318,2.9114491939544678,-0.5224941372871399
7313,0.2019171416759491,2.0164687633514404
2338,0.11541121453046799,1.9451206922531128
3663,1.7154333591461182,0.657152533531189
3669,1.7769769430160522,0.7437340617179871
3753,-0.3395668864250183,2.8013579845428467
6676,1.4588820934295654,1.0819865465164185
7466,0.841264545917511,0.5924949049949646
7581,1.5920767784118652,1.071300745010376
8145,1.6751700639724731,0.5581797957420349
8508,0.7492066025733948,1.6688274145126343
2258,0.804962694644928,1.1184921264648438
3664,1.2660882472991943,1.442864179611206
3958,1.2619969844818115,1.6937332153320312
7677,1.1039735078811646,0.8747193813323975
1787,1.1170518398284912,1.6444129943847656
2000,2.012523889541626,1.4692751169204712
2082,2.075415849685669,0.8549484610557556
2272,1.8060839176177979,0.3392864167690277
3235,2.0225064754486084,0.35978275537490845
6381,0.5159856677055359,1.4987388849258423
7386,0.8542680144309998,1.0819668769836426
7527,1.7474994659423828,0.9017180800437927
1918,1.218340277671814,1.5804896354675293
3008,1.48000967502594,1.3972983360290527
7281,-0.23468993604183197,2.3890905380249023
3489,1.968765377998352,-0.31757205724716187
6855,-0.6432806849479675,2.9909279346466064
2519,3.1079862117767334,-0.10846860706806183
7895,3.2766060829162598,-0.4668938219547272
1855,1.318223237991333,1.2252988815307617
6445,0.16398809850215912,1.5235059261322021
3547,1.2782292366027832,1.2343640327453613
7763,1.541694164276123,0.5437910556793213
2019,4.04193639755249,-1.181795597076416
2169,1.0591704845428467,1.08770751953125
3059,2.03830885887146,0.41827940940856934
4332,2.6542012691497803,-0.31073224544525146
4663,1.2494670152664185,0.8323634266853333
6048,2.695185422897339,-0.320692777633667
1750,0.3006271421909332,2.433457136154175
2214,1.4790281057357788,0.6860142350196838
2538,3.291680097579956,-0.3979344964027405
2130,1.0354307889938354,1.4557691812515259
2711,0.4726102650165558,2.2925379276275635
3793,3.762667417526245,-1.0706456899642944
5945,1.4269917011260986,0.8504988551139832
6988,1.9295034408569336,0.4774898290634155
2270,1.997369408607483,0.3080935478210449
2906,1.8185418844223022,1.0318915843963623
3077,2.7800486087799072,-0.5100829005241394
3978,0.3206333816051483,2.9908246994018555
3992,2.2346718311309814,-0.15152578055858612
4456,1.842850685119629,1.2602647542953491
7429,-0.038764409720897675,2.6811578273773193
1832,1.399595856666565,0.8544635772705078
2230,2.047741651535034,0.38575175404548645
3683,1.8787864446640015,0.623318076133728
4605,1.9655213356018066,0.3861982822418213
6778,1.8605948686599731,0.23427823185920715
1543,1.6563568115234375,0.5246779322624207
2265,0.6055195927619934,2.1254024505615234
3527,2.9807751178741455,-0.5743841528892517
6678,2.2815043926239014,0.7833312749862671
1716,1.8397763967514038,0.6191499829292297
2689,1.4662888050079346,1.704258918762207
1689,3.2712366580963135,-1.077636480331421
2460,2.3082494735717773,0.3377290368080139
2762,0.6086941957473755,2.522484302520752
2987,2.424618721008301,0.6824463605880737
3573,3.1627609729766846,-0.4097733795642853
3900,2.4942739009857178,0.6695651412010193
2160,-0.21395628154277802,2.450993299484253
4298,2.7145073413848877,-0.19907458126544952
4746,0.4364670515060425,1.6984983682632446
1607,2.5613253116607666,0.19020749628543854
1619,2.769591808319092,-0.16682885587215424
1953,2.812537431716919,-0.27121636271476746
3135,3.6709158420562744,-0.9604364633560181
7202,3.463388681411743,-0.8355411887168884
4025,1.347038745880127,1.1257693767547607
4042,1.3940622806549072,1.031675100326538
7674,2.3561508655548096,0.33130234479904175
6220,2.994816780090332,-0.3611276149749756
8505,0.1354670375585556,2.5152289867401123
1906,3.8338253498077393,-1.0900830030441284
2175,0.8736520409584045,1.3876779079437256
2886,2.7572925090789795,0.2144894301891327
8055,0.5930716395378113,1.894980788230896
2783,1.117954969406128,1.201948881149292
3402,3.4996583461761475,-0.3737679123878479
8158,3.286160945892334,-0.4060300886631012
2208,0.8230729699134827,1.8469491004943848
4504,3.722480535507202,-0.7065641283988953
6067,2.393211603164673,0.7198425531387329
6801,0.5927050709724426,2.1701457500457764
2962,2.3822896480560303,0.4834330081939697
4152,0.6546288728713989,2.1975743770599365
8221,1.7789572477340698,0.45697924494743347
1685,0.9865430593490601,1.7074227333068848
2695,1.0446932315826416,1.551039695739746
3791,2.0507853031158447,0.13803382217884064
6193,2.2760677337646484,0.24472332000732422
3241,3.7734410762786865,-0.8656023740768433
6297,0.07522216439247131,3.105828046798706
7705,0.45494240522384644,1.2299706935882568
1923,1.7777719497680664,0.8621485233306885
4165,0.7498602271080017,1.5899507999420166
6791,2.953078508377075,-0.14030541479587555
7472,2.6285173892974854,-0.09941636770963669
7751,-0.4956948161125183,3.4158895015716553
8252,-0.33945631980895996,2.292985439300537
2394,2.449293851852417,-0.15633024275302887
2501,1.9349545240402222,0.45878690481185913
3964,2.5654070377349854,-0.028976913541555405
1659,0.43337923288345337,1.4285410642623901
2343,0.5175405144691467,2.3746039867401123
3504,0.3081299662590027,2.1147515773773193
3943,1.2911545038223267,1.470522165298462
6733,-0.3279484212398529,3.418762445449829
2066,0.9549502730369568,1.8543670177459717
3584,1.9294803142547607,0.03911397606134415
4091,2.7635185718536377,-0.41490471363067627
1879,2.7521040439605713,-0.08004701882600784
1956,2.610755681991577,-0.20684389770030975
3417,2.945423126220703,0.21853007376194
1914,0.7851073741912842,1.8301687240600586
2331,2.0748207569122314,0.646012008190155
7144,1.1419683694839478,0.7075839638710022
2159,0.8683958649635315,2.0735175609588623
2188,0.9823861718177795,1.49852454662323
3631,2.6757702827453613,0.12319166213274002
3888,2.5463922023773193,-0.43300196528434753
5972,1.5698977708816528,1.4196584224700928
1850,0.2948339283466339,1.8018248081207275
1999,2.7845351696014404,-0.4590551257133484
7857,1.8111711740493774,0.29871517419815063
8218,-0.5679461359977722,2.6342999935150146
1662,0.8464480042457581,1.6776202917099
4506,2.3098490238189697,0.5756189227104187
1948,2.043196201324463,0.3173485994338989
2634,2.4653964042663574,0.12854459881782532
7602,2.09588885307312,0.11626065522432327
8059,1.1584471464157104,1.9788587093353271
1800,1.8618073463439941,0.8283566832542419
3456,1.660344123840332,0.4428093433380127
4519,2.3502197265625,0.5556715726852417
7925,0.9096458554267883,1.4588183164596558
1535,2.41204833984375,-0.39954760670661926
3864,3.0203464031219482,-0.7115846276283264
4603,3.2826030254364014,-0.432888388633728
4626,2.418004274368286,0.5550721287727356
1732,2.854585886001587,0.1471400409936905
2150,0.5886025428771973,1.8948075771331787
3479,1.3162785768508911,0.8442593812942505
4446,1.7490489482879639,0.4936758875846863
6256,1.0350861549377441,1.1475056409835815
7984,3.481313467025757,-0.5699639916419983
1527,3.3884265422821045,-0.5613978505134583
1653,2.682145833969116,-0.8610630631446838
3247,2.486006021499634,0.8183034062385559
6488,2.4997808933258057,0.03153999522328377
7536,1.966341495513916,0.271099328994751
2246,1.5394175052642822,1.3274717330932617
2543,2.913520097732544,-0.14448121190071106
3478,2.4592721462249756,-0.09468845278024673
7489,0.7827109098434448,1.6620131731033325
2330,0.6894881725311279,1.69679856300354
4633,-1.0702100992202759,4.029663562774658
5837,2.4585580825805664,0.3107949495315552
7150,0.3506897985935211,1.8793261051177979
1652,0.18557561933994293,2.145297050476074
3145,3.1881937980651855,-0.5445622801780701
3271,1.429795503616333,1.270499587059021
7023,3.7420670986175537,-0.847707211971283
1568,0.25095316767692566,2.0690622329711914
2763,3.723278760910034,-0.6691392660140991
2785,2.5131094455718994,0.09444247931241989
3058,0.9812981486320496,1.1563310623168945
3749,1.4731569290161133,1.4828962087631226
1728,2.7335479259490967,0.42250534892082214
1927,0.9711529016494751,0.8055558800697327
3292,1.5216848850250244,0.6700361371040344
4221,1.1599942445755005,0.9873540997505188
8016,1.1714931726455688,0.9463458061218262
2311,3.1970789432525635,-0.7032670378684998
3544,-0.4863056540489197,2.578111410140991
4355,2.4582693576812744,0.18031831085681915
7886,1.6363883018493652,0.18978001177310944
1532,0.41199991106987,1.5689775943756104
2858,3.112668514251709,0.03904014825820923
2948,2.3373727798461914,0.49608004093170166
3351,1.8464313745498657,0.2663802206516266
3537,0.5131372809410095,1.3244277238845825
4421,0.6837553381919861,1.8680338859558105
6298,0.6492311358451843,1.562352180480957
6978,1.9189187288284302,0.5507063865661621
7069,0.3259824514389038,1.6702402830123901
7247,-0.3594682216644287,2.552673816680908
7775,-0.0031227683648467064,2.945434808731079
8120,1.815960168838501,0.47632843255996704
7858,3.2050681114196777,-0.43159550428390503
1593,2.4803431034088135,0.8411692976951599
2156,1.5597822666168213,0.7821274995803833
3601,1.0610342025756836,1.2912991046905518
3800,2.5506539344787598,-0.05130530148744583
3878,-0.5070233941078186,3.678701162338257
4232,2.0847301483154297,0.6037958264350891
4545,0.8708136677742004,0.5597766041755676
1703,3.371149778366089,-0.3622491955757141
3400,2.7408649921417236,-0.4289820194244385
3743,-0.027515627443790436,2.2565805912017822
3917,2.298140287399292,0.2505621314048767
8375,-0.577957808971405,3.0241334438323975
1724,2.262197732925415,0.7602205276489258
1892,-0.06611470878124237,3.1150004863739014
1965,2.2094438076019287,0.4520515203475952
2138,0.1716138869524002,2.0183165073394775
2413,0.5902006030082703,1.8025531768798828
3503,3.0222718715667725,-0.5173528790473938
4141,3.2128632068634033,-0.3470640480518341
6431,3.2738261222839355,-0.10962005704641342
7579,2.7946765422821045,-0.37153589725494385
8398,0.27459201216697693,2.577380418777466
2046,3.553703784942627,-1.2883379459381104
6115,0.808725893497467,1.3662593364715576
7040,2.931593179702759,-0.1469351351261139
1795,1.7651782035827637,0.769448459148407
4514,3.316459894180298,-0.38514429330825806
4631,1.9064373970031738,0.6996245980262756
6546,1.0944530963897705,0.914073646068573
1717,2.5490806102752686,-0.6152622103691101
2595,0.45283570885658264,2.287109136581421
3450,-0.4297962784767151,2.545330762863159
3714,2.8432018756866455,-0.01697665825486183
2457,2.0656063556671143,0.2574671506881714
3410,1.9541306495666504,1.1071938276290894
4511,1.7614164352416992,0.5001466870307922
5852,0.23404517769813538,1.9160504341125488
6127,3.445263624191284,-1.1972404718399048
4017,3.016564130783081,-0.3179810047149658
2309,2.36352801322937,0.6883557438850403
2855,2.336860418319702,-0.17392541468143463
4585,2.6138477325439453,-0.5647047162055969
2405,1.1612725257873535,1.1952506303787231
2582,3.015589475631714,0.04383426159620285
3492,3.290034055709839,-0.1823473572731018
8263,2.0299110412597656,-0.03547130525112152
8418,2.2385213375091553,0.20270642638206482
3542,2.3139665126800537,0.5977739691734314
3590,3.1474671363830566,-0.21482336521148682
6327,0.20856298506259918,1.6910337209701538
7374,3.918288469314575,-0.6258413195610046
2669,2.120936870574951,0.7907545566558838
4154,1.9733119010925293,0.1081782653927803
4194,1.2437535524368286,0.443035751581192
5809,2.6009840965270996,0.6271560788154602
3049,1.9351420402526855,0.936571478843689
4521,0.7370103597640991,1.334213376045227
7893,3.0288476943969727,-0.705086886882782
7940,2.144585609436035,0.7828004956245422
1600,1.3164551258087158,1.5197821855545044
1726,2.296414613723755,0.6522249579429626
2354,0.44700947403907776,1.537937879562378
2637,2.3753814697265625,0.5775337815284729
3505,0.7878570556640625,2.003322124481201
4225,2.045076608657837,0.15763422846794128
5872,2.398735284805298,-0.14002804458141327
7290,3.178539752960205,-0.7923837304115295
6132,2.8544161319732666,-0.6952769160270691
7723,3.261464834213257,-0.29009902477264404
1938,2.9770801067352295,0.1297495812177658
2294,1.605183720588684,0.5311357975006104
2540,-0.7867429852485657,3.4879186153411865
2871,0.8837453722953796,1.7792631387710571
4635,2.227515697479248,0.07590697705745697
5838,0.24206848442554474,2.1141858100891113
6520,2.2154629230499268,0.4499322772026062
3164,-0.5311701893806458,2.8100175857543945
4583,2.767503023147583,-0.3447018563747406
2776,0.970149040222168,2.007337808609009
3167,0.5548521876335144,1.4051814079284668
4068,3.410184621810913,-0.5111863017082214
6679,2.2910401821136475,0.5451521277427673
7439,2.83324933052063,-0.39342498779296875
7720,0.08963509649038315,2.9478323459625244
8182,0.6477760076522827,2.3888580799102783
3182,1.851131796836853,0.7180424332618713
3779,1.699591875076294,0.65885990858078
6155,2.6926872730255127,0.31360816955566406
6364,-0.2539544105529785,2.66835355758667
4508,2.511204719543457,0.5601003766059875
2240,-0.3133273720741272,2.805612325668335
3408,1.7978310585021973,0.6554283499717712
4005,1.1448111534118652,1.0912833213806152
3234,2.488759756088257,0.30337533354759216
4166,3.3767716884613037,-0.32684609293937683
4279,0.4834084212779999,1.5096731185913086
7320,2.9902122020721436,-0.6590526700019836
8436,1.8207083940505981,0.7923735976219177
4430,1.0966441631317139,0.7773045301437378
6277,0.7252728939056396,2.051921844482422
1741,3.782700538635254,-1.1212961673736572
2202,0.8464377522468567,1.159467101097107
5803,2.956246852874756,-0.4725055396556854
3592,2.76871657371521,0.05870184302330017
6828,1.5126774311065674,1.3020343780517578
1627,0.5656096339225769,1.7795339822769165
1863,3.272101640701294,-0.6771050095558167
2233,1.122361421585083,1.1477199792861938
3583,3.177293539047241,-0.27923494577407837
4598,0.5811333656311035,1.727159023284912
6318,3.137730836868286,-0.9294881820678711
1577,0.1748507022857666,2.1435506343841553
1875,0.8630172610282898,2.21209454536438
3458,0.6839891672134399,1.4161702394485474
4357,3.531480550765991,-0.6193481087684631
7229,1.7337932586669922,1.034696340560913
1939,1.8545420169830322,0.8273113369941711
2286,0.9441767334938049,1.817700982093811
3372,1.5587409734725952,1.5510821342468262
3847,2.8061437606811523,-0.09664375334978104
2574,1.0669788122177124,1.4396613836288452
4043,0.0647340789437294,2.038360834121704
7132,1.214242696762085,1.8373903036117554
3606,3.107970952987671,-0.6723114848136902
4160,2.1869850158691406,-0.08503714948892593
6054,2.4749393463134766,-0.5150229334831238
7672,1.3872754573822021,0.7231587171554565
3534,3.9964983463287354,-0.7735038995742798
3966,1.9097639322280884,1.1906049251556396
6956,-0.9706545472145081,3.769695520401001
2737,1.3006696701049805,1.0490764379501343
3045,1.9350507259368896,0.13262420892715454
3559,2.1270673274993896,0.7963623404502869
2363,1.51014244556427,0.7621055245399475
3067,1.4702303409576416,1.5069849491119385
3081,3.9483461380004883,-0.7413862943649292
4324,0.6845735907554626,1.7358876466751099
4463,1.9393625259399414,0.5355684757232666
6088,2.34830641746521,-0.03716026246547699
7546,1.172780990600586,1.4735139608383179
7598,1.8125594854354858,0.6010343432426453
8416,-0.19929765164852142,2.4644086360931396
2632,3.1649818420410156,-0.5998055338859558
2967,1.9639900922775269,1.1158244609832764
2996,1.3415871858596802,1.1760972738265991
3030,2.432476282119751,0.38623541593551636
6356,2.7993204593658447,-0.1764601469039917
4606,3.2402429580688477,-0.4080508351325989
2172,3.4640419483184814,-1.0274862051010132
2224,3.5948212146759033,-0.5472897291183472
2857,0.49940967559814453,2.191354990005493
4390,2.4207725524902344,0.27738872170448303
4492,2.299452066421509,0.17037153244018555
7012,0.577829897403717,1.2075320482254028
7891,0.9383461475372314,1.5646119117736816
3920,4.012368679046631,-0.9405611753463745
3950,2.746053457260132,-0.32960039377212524
4179,2.220075845718384,0.1455674171447754
4182,2.7381484508514404,0.30256474018096924
4471,3.3855717182159424,-0.007257725112140179
4547,1.2541260719299316,1.3115403652191162
1776,1.822259545326233,0.49380892515182495
2017,0.832980751991272,1.437509536743164
2985,1.4756808280944824,1.2951061725616455
3017,0.5557169914245605,1.0362765789031982
3634,3.3021867275238037,-0.815944254398346
4347,2.7130064964294434,-0.10882598161697388
2107,2.073817014694214,0.44535765051841736
2447,2.690687656402588,0.19164521992206573
3368,4.552835941314697,-1.1913334131240845
8175,1.676413893699646,0.9772823452949524
3826,3.6863954067230225,-0.6758254170417786
6334,2.8553860187530518,-0.09175203740596771
8424,2.065190553665161,0.7042831778526306
2571,2.5363166332244873,0.1420079469680786
4448,3.518345594406128,-0.5469420552253723
6055,1.1319310665130615,0.6626356244087219
4113,4.175029277801514,-1.1684322357177734
4360,-0.06298577040433884,2.0630085468292236
6529,2.2304799556732178,0.276933491230011
1654,1.9626652002334595,0.5588912963867188
3500,2.1433303356170654,0.44157034158706665
8545,1.0754417181015015,1.658160924911499
2917,1.4917025566101074,1.2546253204345703
3105,2.9194252490997314,-0.11683264374732971
1748,1.708651065826416,0.7455407977104187
7500,1.02418053150177,1.6119964122772217
7936,0.4781024754047394,2.043003797531128
1945,2.7255611419677734,-0.06985894590616226
1996,1.7065194845199585,0.5848698616027832
2281,2.2022194862365723,0.18497993052005768
2809,2.3658907413482666,0.46650996804237366
3390,0.6456734538078308,1.6281096935272217
3412,2.9076173305511475,-0.0040902262553572655
3448,1.26183021068573,0.5351422429084778
6655,2.4562277793884277,0.055961817502975464
6763,1.2340681552886963,1.6272108554840088
7396,3.180751323699951,-0.44197362661361694
8222,1.0786139965057373,1.432447075843811
1622,2.4438135623931885,-0.32597509026527405
1885,0.8999894261360168,1.6605280637741089
3064,1.2689675092697144,1.8021715879440308
4060,-0.7311986088752747,3.416823148727417
6930,1.9620832204818726,0.5951964259147644
7045,2.733978509902954,0.3075323700904846
2707,1.6635329723358154,1.0284667015075684
3497,1.3819644451141357,0.9087815880775452
3754,1.8423852920532227,0.2665681540966034
4027,2.3174450397491455,0.2866840958595276
8054,2.287794828414917,0.11731434613466263
3944,1.9025862216949463,0.4691597521305084
4123,0.648061990737915,2.473280429840088
7076,4.2085418701171875,-1.0684289932250977
8188,1.2426352500915527,1.7432324886322021
1524,2.912712335586548,-0.632006824016571
2109,0.18970799446105957,2.584507703781128
2798,3.315723180770874,-0.6367446780204773
3039,2.990288496017456,0.07952538877725601
3520,2.9316718578338623,-0.41438812017440796
4397,2.2719404697418213,0.07168015837669373
6145,2.9709579944610596,-0.12661278247833252
2483,3.1720902919769287,-0.2520368695259094
8042,3.342722177505493,-0.4482578635215759
1937,2.9024336338043213,-0.6255753040313721
1691,0.9077818989753723,1.7151389122009277
2507,1.281609058380127,1.7746148109436035
2755,1.5993897914886475,0.5670773386955261
6653,1.8018625974655151,0.5624452829360962
2676,1.2042787075042725,1.275427222251892
2746,3.053678035736084,-0.596480131149292
2772,2.792952299118042,0.24756337702274323
3098,2.0234904289245605,0.9971951842308044
3134,1.5772274732589722,1.2503420114517212
6932,1.6400976181030273,0.3138911724090576
7872,2.5417559146881104,-0.17378422617912292
3119,2.1806046962738037,0.3257271945476532
3862,2.746997594833374,-0.33625274896621704
3988,3.250319242477417,-0.5412988066673279
4132,2.0250256061553955,0.3664615750312805
4486,2.3651630878448486,0.05143546313047409
4529,3.211014747619629,-0.2391887903213501
2889,0.9985774159431458,1.146233320236206
3409,1.0322465896606445,0.4440852403640747
3501,3.219252586364746,-0.515867292881012
4363,1.1274044513702393,1.430862545967102
5963,1.410046100616455,1.3596636056900024
6724,2.624987840652466,0.027112893760204315
5344,2.5582821369171143,-0.19422830641269684
7681,3.0039336681365967,-0.46120619773864746
7907,2.0790576934814453,0.6781864762306213
8388,3.1881864070892334,-0.1819819211959839
2022,2.3363027572631836,0.842382550239563
7298,0.47341132164001465,2.028491258621216
1631,0.9253982901573181,2.263235330581665
2555,2.8518741130828857,-0.05873257666826248
3065,3.2929675579071045,-0.5547290444374084
7433,1.7750329971313477,0.6394391655921936
3748,3.1520049571990967,-0.47281986474990845
3977,2.83251690864563,0.2614842653274536
4556,1.3962663412094116,1.1540942192077637
1947,1.7949926853179932,1.3543505668640137
2439,0.8419603109359741,1.5598852634429932
3155,-0.6857838034629822,3.2158594131469727
3841,0.9872162938117981,1.281551718711853
4067,0.3511754870414734,1.829248070716858
7649,1.486867070198059,0.925521194934845
8228,0.7017177939414978,1.3488516807556152
1745,2.5399465560913086,-0.20534972846508026
1802,0.08360221236944199,2.2531497478485107
2963,0.022939495742321014,2.5352282524108887
3000,1.4532864093780518,1.557192325592041
3116,2.9987947940826416,0.03159219026565552
3594,0.41306570172309875,2.172926187515259
6417,2.6693360805511475,-0.25120991468429565
1782,0.9157891273498535,1.1040477752685547
1819,3.279669761657715,-0.22215953469276428
3250,1.3949639797210693,1.4405158758163452
3089,1.5036017894744873,0.5104554295539856
3543,2.7471730709075928,-0.13691525161266327
4131,3.439166307449341,-0.23551134765148163
4639,2.422053337097168,0.2237117737531662
5357,1.112484335899353,1.2415074110031128
2155,-0.1957426518201828,2.4018070697784424
4120,1.888871431350708,0.1879522204399109
4650,2.451417922973633,-0.4128229022026062
8141,2.389544725418091,-0.2752854824066162
2089,2.0410654544830322,0.6378626823425293
3523,3.725515842437744,-0.628395140171051
4076,1.381108283996582,0.6455548405647278
4147,1.7113738059997559,1.015048623085022
4273,2.9808266162872314,-0.22590334713459015
8382,0.8023726940155029,1.152695894241333
1520,1.806339979171753,0.5089957118034363
2422,2.9313528537750244,-0.4749920964241028
3294,3.4944753646850586,-0.5666914582252502
3557,1.8206366300582886,0.2879209816455841
4000,1.367347240447998,1.1931591033935547
4012,2.159229040145874,0.14745157957077026
4039,3.5855553150177,-0.3397325873374939
4287,3.9216806888580322,-0.7681528925895691
4543,1.3771414756774902,1.606246829032898
6652,2.2024314403533936,0.244496688246727
7070,3.804851770401001,-0.6740564703941345
2911,1.0784862041473389,1.456752061843872
6056,0.953134298324585,1.4600939750671387
2710,-0.010340637527406216,2.458281993865967
2492,3.8856217861175537,-0.5510344505310059
2933,1.462367296218872,1.5008567571640015
3157,-0.013982611708343029,2.5429880619049072
3834,2.0388152599334717,0.5702270269393921
4498,2.216996192932129,-0.18902389705181122
1676,0.6610516905784607,1.2263742685317993
2020,0.34519416093826294,2.149376153945923
2250,1.204842209815979,1.6230072975158691
4405,1.307679533958435,1.0561290979385376
7419,3.688263416290283,-0.6450287699699402
8364,3.73858904838562,-1.0718698501586914
1804,0.1252366006374359,1.9461326599121094
2236,-0.17098134756088257,2.602501630783081
2389,1.7820725440979004,0.49503499269485474
3299,0.43408632278442383,1.7681314945220947
2951,2.6380419731140137,-0.3951202929019928
5859,2.3905880451202393,0.157895028591156
8113,1.3057315349578857,0.9439806342124939
1976,1.0713337659835815,1.197953701019287
3022,3.5699095726013184,-0.8957509398460388
4395,2.6523325443267822,0.25071388483047485
6351,2.317753553390503,0.06235262751579285
7245,1.6545958518981934,0.6648871302604675
2005,3.142545461654663,-0.7936654686927795
2973,2.489691972732544,-0.2290809154510498
3166,-0.8874428272247314,3.6086902618408203
5524,1.2396512031555176,1.457033634185791
8152,-0.22344748675823212,2.26830792427063
1570,3.1067168712615967,-0.7302291989326477
4576,3.991544008255005,-0.8971218466758728
4665,2.0587375164031982,0.26612141728401184
6960,2.922170877456665,-0.2874133288860321
5879,1.58717942237854,0.8556950688362122
6707,2.4017319679260254,-0.16209200024604797
2592,2.674093723297119,0.537471354007721
2950,1.2517421245574951,1.3826594352722168
1668,0.7236908078193665,1.9359385967254639
1824,3.7007029056549072,-0.6863520741462708
2670,3.2770445346832275,-0.5342106223106384
2869,2.045621395111084,0.24891670048236847
4535,3.090169668197632,-0.33684924244880676
3239,0.0295608788728714,2.0977694988250732
7428,0.5433554649353027,1.4229862689971924
3784,1.5084731578826904,1.0475802421569824
4224,-0.06436515599489212,2.602134943008423
7673,3.819345235824585,-0.6493097543716431
1562,0.6716121435165405,1.088819980621338
1810,0.03650183230638504,2.6119272708892822
2284,1.0485584735870361,1.541590929031372
3028,1.1269886493682861,0.9855570197105408
4108,1.8009202480316162,1.4569249153137207
6109,2.4088308811187744,0.41049623489379883
7092,2.531697988510132,0.5513761043548584
7913,0.9716017246246338,1.9236266613006592
1925,2.6124401092529297,0.5747208595275879
2850,2.1350903511047363,0.11212175339460373
2977,0.5096685886383057,1.633522391319275
8138,2.3983395099639893,-0.21968190371990204
2939,2.5910093784332275,0.007126667536795139
4411,2.0223891735076904,0.8970864415168762
8206,1.8175930976867676,0.7135553956031799
2796,4.213465213775635,-1.0688374042510986
4011,3.290815591812134,-0.5946266651153564
6077,2.541140556335449,0.525401771068573
7889,0.9089621901512146,1.3357923030853271
2321,2.635737419128418,0.2764478623867035
2498,2.3440089225769043,-0.206856831908226
3602,0.6422613263130188,1.782142162322998
4409,2.5337777137756348,0.2717692255973816
7083,2.87339448928833,-0.6700957417488098
4044,0.17955218255519867,2.2952611446380615
6163,0.14356699585914612,2.097982406616211
2423,1.9768104553222656,0.6501808762550354
3661,1.4752767086029053,1.6178783178329468
4049,2.4832160472869873,0.016968291252851486
6030,2.256837844848633,0.09527044743299484
7191,-0.35929667949676514,2.2694499492645264
1559,0.44039013981819153,1.6149084568023682
1700,2.543391466140747,0.08729754388332367
4664,-0.423686683177948,2.7907326221466064
6253,3.7484700679779053,-1.0617481470108032
7885,2.527545690536499,0.11532500386238098
3872,2.6679766178131104,-0.304094135761261
4532,2.6331655979156494,-0.595854640007019
4652,-0.4720885455608368,2.5561509132385254
1814,-0.29950106143951416,2.8995583057403564
2932,2.314288854598999,-0.41122305393218994
3469,3.5261223316192627,-0.7318646907806396
6100,1.8364390134811401,0.5023388266563416
8504,1.6343724727630615,0.9821341633796692
2989,-0.3706052601337433,3.054772138595581
3094,0.14586342871189117,2.687746286392212
6870,1.0307116508483887,1.6178970336914062
7977,4.058403491973877,-1.131705641746521
1567,0.8543007969856262,1.854668140411377
3565,2.5548317432403564,0.11590998619794846
3761,2.8247129917144775,-0.5515722632408142
6024,2.257157564163208,0.25047731399536133
1680,0.6395328044891357,1.5821839570999146
3739,2.338881492614746,-0.2666217088699341
3785,1.4512462615966797,0.4516834616661072
5907,1.5969398021697998,0.4771466851234436
7741,3.0290253162384033,0.11232990771532059
6311,-0.33898958563804626,2.897615909576416
6519,3.6925652027130127,-0.6610630750656128
6943,3.171599864959717,-0.5301614999771118
1905,1.4993873834609985,0.6948572993278503
2432,1.1595590114593506,0.7509981989860535
2482,4.398339748382568,-0.9101954102516174
3552,3.1696109771728516,-0.6971072554588318
4026,2.2353227138519287,0.2238377183675766
6267,2.20024037361145,0.8227097392082214
6709,2.0775182247161865,0.3417452871799469
8106,1.2132039070129395,1.0456327199935913
1919,1.922682762145996,0.563680112361908
3091,2.803393840789795,-0.2074359953403473
3702,-0.4502456486225128,2.919400453567505
4379,3.092040777206421,-0.5078439116477966
6696,0.07163504511117935,2.477994680404663
6881,3.2162868976593018,-0.3859182894229889
7924,0.2902529835700989,2.3454535007476807
2212,-0.12052168697118759,1.9483578205108643
7117,2.3056209087371826,0.1393822431564331
1617,2.4601516723632812,-0.4555533528327942
1633,0.6301844716072083,2.2369544506073
2293,3.1403276920318604,-0.41431760787963867
2927,1.6761608123779297,1.763332486152649
3571,1.4404515027999878,1.2737407684326172
3829,2.6005189418792725,0.546902596950531
2245,1.8801466226577759,0.8997841477394104
2568,0.5739515423774719,1.392616629600525
3347,2.6074416637420654,-0.2790409028530121
7892,-0.29947131872177124,2.7838971614837646
2862,3.753450632095337,-0.7266291975975037
3253,1.294358253479004,0.8421000242233276
3979,0.614074170589447,2.032257318496704
7282,0.8274279236793518,1.5822131633758545
1522,2.6989963054656982,-0.11451708525419235
3151,0.7800975441932678,2.164520025253296
3650,1.9054713249206543,0.4438961148262024
6293,2.0883126258850098,0.3127864897251129
2194,2.8298587799072266,-0.415407657623291
2856,2.560084104537964,0.2929396629333496
3336,1.692946195602417,1.0253081321716309
5995,2.979857921600342,-0.13348524272441864
8256,-0.09248817712068558,2.537977695465088
5347,-0.12384957820177078,3.2405478954315186
1539,0.9556577205657959,1.234065055847168
3083,2.1981985569000244,0.21357545256614685
6305,3.2381057739257812,-0.3114686608314514
6471,1.7885000705718994,1.0650732517242432
7604,1.4967975616455078,1.1408205032348633
2434,0.7793006896972656,1.2490887641906738
2537,1.8403105735778809,0.5886479020118713
6310,2.0912389755249023,0.4517620801925659
6429,1.0107468366622925,0.9685918688774109
7465,2.6133501529693604,0.39242079854011536
2070,1.3779070377349854,1.4476382732391357
2149,0.6290925145149231,2.3506932258605957
3659,2.066743850708008,0.5653243660926819
4318,0.20448797941207886,2.039926528930664
4542,1.538572072982788,0.9078512191772461
5733,0.15731151401996613,2.21574330329895
7686,2.1497747898101807,0.46159476041793823
2957,0.5307103991508484,2.016558885574341
3069,3.2031404972076416,0.10419266670942307
7709,0.8974584937095642,1.165125846862793
1666,1.8097562789916992,0.2100563794374466
4345,1.689043641090393,0.455768346786499
6202,-0.22653546929359436,3.0550529956817627
7860,2.3716747760772705,0.06179317086935043
3159,2.959451913833618,-0.39690133929252625
6490,3.8167924880981445,-0.975006639957428
7504,1.2448749542236328,1.2559388875961304
7552,1.8902573585510254,0.9989505410194397
1571,0.03861536830663681,2.398637533187866
2135,1.7106194496154785,0.5285897850990295
4284,2.4214792251586914,-0.5311116576194763
5870,3.0936439037323,-0.4692290723323822
5919,0.713822066783905,1.8498566150665283
1887,0.9164842963218689,1.6308361291885376
6536,0.6231175661087036,1.6056982278823853
6576,-0.2744753658771515,3.3070127964019775
8140,1.054964303970337,0.8593237996101379
1573,2.536956787109375,0.1375984102487564
1818,0.7149642705917358,1.850356101989746
2119,2.07106614112854,0.6807491183280945
2278,1.3516347408294678,1.495432734489441
4263,1.088413119316101,1.5864410400390625
5620,2.179466485977173,0.7027122378349304
2024,0.302338182926178,2.1014156341552734
2103,-0.5585817694664001,3.2863128185272217
3648,2.359752655029297,0.6311913728713989
4085,1.4615223407745361,1.29178786277771
4447,1.6192080974578857,0.6703338027000427
1847,2.2953169345855713,0.4868422746658325
4636,2.0202276706695557,0.5220649838447571
6345,2.670666456222534,0.34749945998191833
6880,2.5583834648132324,-0.19168882071971893
7928,1.1357102394104004,1.2822630405426025
8285,2.8334381580352783,-0.1658155769109726
3207,0.5231232047080994,2.0371315479278564
3953,2.4313337802886963,-0.13849511742591858
4377,1.1052827835083008,1.0016103982925415
4433,3.5336318016052246,-0.7127026915550232
6070,3.6478774547576904,-1.2814947366714478
7401,1.7105203866958618,0.4739958643913269
8434,3.4480679035186768,-0.6625862121582031
8441,1.7456480264663696,0.5682916045188904
8507,4.193874835968018,-0.7926052212715149
1995,0.6724230647087097,2.3199405670166016
2531,2.936978578567505,-0.21878479421138763
2938,2.8925974369049072,-0.2650580406188965
3679,3.7619762420654297,-0.7214319109916687
3708,2.7652194499969482,-0.040123842656612396
6853,2.7158443927764893,-0.23013807833194733
3076,1.220202922821045,1.6991934776306152
3470,1.854379653930664,1.004065990447998
4136,3.6388161182403564,-1.0281015634536743
6845,2.2186830043792725,0.4672882854938507
8352,0.9505805373191833,1.4424296617507935
8437,0.2738015651702881,2.009528398513794
3441,1.025944471359253,1.3362751007080078
3796,1.2763934135437012,1.3694170713424683
4003,2.414332628250122,-0.1591702699661255
5940,2.853489398956299,-0.27140477299690247
6917,0.679966390132904,0.9637191295623779
8036,1.100399374961853,1.4205186367034912
3102,2.7373640537261963,0.02211306244134903
1769,0.9901443719863892,1.550271987915039
1829,2.3813059329986572,0.18090154230594635
2923,3.027038097381592,-0.33341461420059204
3586,1.1125586032867432,1.0290775299072266
3687,3.7876932621002197,-0.5350344777107239
5612,2.044729471206665,0.5449091792106628
7607,1.6769381761550903,1.3345036506652832
3309,1.913874864578247,0.6875998973846436
4331,3.1856870651245117,-0.8527724742889404
1833,2.9011189937591553,-0.25175297260284424
1978,0.12413778156042099,1.930354356765747
5073,0.7544717192649841,1.205909013748169
5884,-0.058247677981853485,2.578165054321289
4403,2.094918727874756,0.5323633551597595
4594,2.0499041080474854,-0.1388089656829834
6901,0.7486003637313843,1.825775146484375
1540,2.243396282196045,0.2446354180574417
1630,1.9947171211242676,0.5132784843444824
2789,2.235044479370117,-0.28615331649780273
6961,3.931572198867798,-0.6469876170158386
7583,2.620598077774048,0.04081638902425766
1743,1.9676331281661987,0.186815544962883
2687,0.2676420509815216,1.8549518585205078
2721,1.913234829902649,0.21204379200935364
4396,-1.0390398502349854,3.9035825729370117
4653,2.0542798042297363,0.366733193397522
2352,2.4943692684173584,-0.04785986989736557
2960,0.699209451675415,1.3240759372711182
3041,3.215672254562378,-0.41310712695121765
4394,2.4198427200317383,0.8262503743171692
4524,1.0751235485076904,1.8035566806793213
6182,2.6559646129608154,0.1210024431347847
3654,2.7268288135528564,-0.5776984095573425
2662,0.8821317553520203,1.8635871410369873
5804,-0.9534139037132263,3.5382957458496094
6184,3.3701536655426025,-0.5562228560447693
6423,2.6133205890655518,0.369432270526886
1864,1.1662743091583252,1.3165239095687866
2027,3.2995498180389404,-0.8216210603713989
3043,1.9373650550842285,0.5982834100723267
3113,1.2077140808105469,1.2871173620224
3340,3.0482027530670166,-0.8277677893638611
7175,1.0608675479888916,1.4236822128295898
7897,1.1068867444992065,1.7789695262908936
2029,1.4651035070419312,1.6357845067977905
3026,-0.7692297101020813,3.543079137802124
3138,1.6727643013000488,1.1649935245513916
3621,2.3210158348083496,-0.042082466185092926
4045,2.3816299438476562,0.776993453502655
6097,2.768076181411743,0.11808176338672638
7801,1.038298487663269,1.3482664823532104
1695,1.2614139318466187,1.2888257503509521
2497,3.515498161315918,-0.10458690673112869
2547,3.623863697052002,-0.6458695530891418
3404,-0.3688647747039795,3.561601400375366
3418,-0.36752331256866455,2.7016522884368896
3960,2.2072365283966064,0.17403703927993774
4229,0.6977179646492004,2.5245707035064697
6391,1.6673280000686646,0.7103925347328186
7186,1.1964815855026245,1.4798130989074707
8143,0.520966112613678,2.131962776184082
1574,0.7195737957954407,1.6816617250442505
1869,3.2299389839172363,-1.0523678064346313
2191,-0.5343912839889526,3.412647008895874
2346,0.5147749781608582,2.3120176792144775
3491,2.0217339992523193,0.17000317573547363
3630,2.3357512950897217,0.21661962568759918
5103,2.124119520187378,0.4498143792152405
2228,0.5107631087303162,2.237124443054199
3298,1.495502233505249,1.6476802825927734
4250,1.5911515951156616,0.9189449548721313
6177,2.2600531578063965,0.4640922546386719
7362,2.403735637664795,0.5708563923835754
7676,2.2113263607025146,0.36805617809295654
2770,2.9235472679138184,-0.3258102238178253
2909,2.8148605823516846,-0.05511648207902908
4359,1.2285237312316895,0.8171898722648621
7295,-0.3783770799636841,2.970996856689453
1727,0.7772391438484192,2.1009786128997803
1798,1.471792459487915,0.2832174599170685
2244,1.921139121055603,-0.06910425424575806
2622,0.6075830459594727,1.9148142337799072
7100,2.4360556602478027,-0.17633377015590668
7626,1.938673734664917,0.28010088205337524
2920,1.6719717979431152,1.4991881847381592
3048,3.3025882244110107,-0.6012659668922424
4620,1.5841000080108643,0.741790235042572
6020,-0.4533098638057709,2.111250877380371
2647,3.605591058731079,-0.5773966908454895
3931,1.8517165184020996,0.1904040426015854
4014,2.248318672180176,0.05346577242016792
4200,2.866654634475708,-0.3136640787124634
4319,-0.35269874334335327,3.2741355895996094
7301,0.46711987257003784,2.3422272205352783
7554,0.7967478632926941,2.262773275375366
2742,3.3311874866485596,-0.7325949668884277
3853,2.587017774581909,0.2643452286720276
5890,3.752359390258789,-0.8367050886154175
6810,3.8013203144073486,-0.7578685879707336
7227,2.341055154800415,0.46061933040618896
2033,0.8416335582733154,2.0728464126586914
2514,2.67757511138916,0.24613243341445923
3999,0.2814018726348877,2.25986909866333
6107,3.8026394844055176,-0.4428301453590393
7063,1.694281816482544,0.6294564604759216
2157,2.1024997234344482,0.4507312774658203
2328,2.421339511871338,0.39236679673194885
2385,2.6261420249938965,-0.17093637585639954
3937,2.40616774559021,0.14563928544521332
5420,2.635728597640991,-0.12174869328737259
6616,2.195253849029541,0.6219533085823059
6743,1.8476518392562866,0.8891718983650208
7182,3.3471550941467285,-0.6502339839935303
8446,1.0512311458587646,1.5857932567596436
6021,1.5750277042388916,0.9197434782981873
2222,-0.8071177005767822,3.4217095375061035
4316,0.32881104946136475,2.007983922958374
7966,3.505934000015259,-0.6194062829017639
1884,2.6736748218536377,-0.27319324016571045
1991,2.1420929431915283,-0.14033322036266327
2342,0.830671489238739,1.47225821018219
3498,2.6105239391326904,-0.5032724738121033
3637,1.149003028869629,2.2390482425689697
4111,1.6715490818023682,1.0279335975646973
7022,1.7710139751434326,-0.24155232310295105
7220,3.119736671447754,-0.3901646137237549
8104,4.402552127838135,-1.2152576446533203
3742,1.6240239143371582,0.537693202495575
3907,1.1637191772460938,0.487637996673584
4613,0.8349462151527405,1.4382431507110596
6404,2.2174198627471924,0.12550431489944458
6832,0.7913852334022522,1.284677267074585
7189,2.7070868015289307,-0.5815966725349426
1789,3.888904333114624,-0.8375653624534607
2590,2.316727876663208,0.24878719449043274
6106,1.439368724822998,0.8714663982391357
7409,2.156017303466797,0.2506431043148041
7675,2.6816818714141846,-0.2322225272655487
7783,1.9281971454620361,0.5756144523620605
2749,1.7691740989685059,0.7000426054000854
2832,0.9424049258232117,1.6352016925811768
3726,2.779456615447998,-0.12904290854930878
3887,3.023850679397583,-0.14850547909736633
2340,4.176596164703369,-0.9234039187431335
4204,2.6768696308135986,-0.17195285856723785
7141,3.20320725440979,-0.9238377213478088
7183,3.1719062328338623,-0.34995540976524353
7567,0.904633104801178,1.4769279956817627
1554,1.6443196535110474,0.14960993826389313
3820,1.696903109550476,0.8691070079803467
4382,2.7375547885894775,0.22998642921447754
7813,2.586887836456299,0.15465910732746124
8484,1.3188560009002686,1.1794908046722412
7982,1.4212902784347534,0.20509031414985657
2112,0.43924784660339355,2.8870506286621094
2675,1.5405302047729492,0.663992702960968
2732,3.1990156173706055,-0.4603278636932373
3554,0.9935930371284485,1.4789572954177856
6449,3.063051462173462,-0.4142618477344513
2994,0.016941137611865997,1.9755353927612305
6143,3.796312093734741,-0.6825897693634033
6865,3.748654365539551,-0.9515674710273743
7588,3.2401297092437744,0.10221434384584427
8108,0.12891994416713715,2.2707173824310303
1682,0.13906285166740417,1.9287772178649902
3107,1.067033052444458,1.4405256509780884
1848,1.244894027709961,0.9527719616889954
3461,3.2359254360198975,-0.43561455607414246
1648,1.1073386669158936,1.1187174320220947
1828,1.5445842742919922,0.7277845144271851
3502,2.0329842567443848,-0.20100116729736328
5849,1.9484871625900269,0.5117010474205017
6203,2.051025629043579,0.06375101953744888
7514,0.6267989873886108,2.0753159523010254
1775,0.22831378877162933,2.222999334335327
2502,0.4402301013469696,2.161315679550171
3516,1.6626595258712769,0.4121187627315521
3831,0.04091871529817581,3.0769448280334473
4468,2.0644419193267822,0.6462196707725525
6435,2.070852518081665,0.5295587182044983
7606,2.198150634765625,0.17102162539958954
7701,0.6277655959129333,1.183701515197754
8187,2.233361005783081,0.40759867429733276
1585,3.2777812480926514,-0.5494549870491028
2607,0.7597079873085022,0.8379026055335999
3546,0.5986208915710449,1.5574830770492554
6715,1.492917776107788,1.250075101852417
8354,2.8465354442596436,-0.141371950507164
1972,0.9394803643226624,1.244065284729004
2638,0.25927168130874634,2.788043260574341
2841,3.9822475910186768,-0.5200013518333435
3090,3.1748173236846924,-0.3252502381801605
3941,1.989985466003418,0.6323066353797913
5191,1.0846048593521118,1.1429458856582642
6061,2.105743646621704,0.6621484160423279
7147,1.0924822092056274,1.7040495872497559
8419,2.762531042098999,0.05317079275846481
2213,1.0471383333206177,0.47234731912612915
3585,2.1526877880096436,0.7385616302490234
4315,0.46242600679397583,1.7568566799163818
4947,3.706721544265747,-0.5984912514686584
2123,1.6497260332107544,1.081541895866394
2260,1.2682116031646729,1.0467385053634644
2329,3.168675184249878,-0.16755971312522888
2336,2.3223416805267334,0.11204181611537933
2980,0.8263087868690491,1.6732341051101685
4371,1.2384753227233887,0.8116633892059326
6352,2.799830198287964,-0.44254282116889954
7091,3.942518472671509,-0.7770141363143921
8255,1.7695305347442627,0.0017927000299096107
1711,-0.14558078348636627,2.671893358230591
2416,1.9719123840332031,0.336616575717926
3389,2.9014387130737305,0.0396311953663826
3814,0.6119515895843506,2.137002944946289
7463,3.6787922382354736,-0.5487307906150818
3957,-0.2574481964111328,2.8369922637939453
8301,-0.916251540184021,3.281987428665161
1645,2.342358350753784,-0.07555828988552094
2060,1.040644884109497,1.2010643482208252
2458,2.623880386352539,-0.5155588984489441
2971,2.6376357078552246,-0.15187318623065948
3411,1.7636256217956543,-0.14880190789699554
3805,1.0174559354782104,1.6903551816940308
3932,3.452504873275757,-0.26643913984298706
1860,1.5379880666732788,0.9474243521690369
4267,0.9816451668739319,0.715245246887207
6148,1.0345689058303833,0.8750062584877014
8380,4.041757583618164,-0.9985154271125793
1523,2.0291197299957275,0.647865355014801
2374,2.881223440170288,0.4366559386253357
2391,1.904934287071228,0.7290468811988831
4077,1.4666457176208496,1.2700355052947998
2369,1.2622777223587036,1.1826038360595703
4057,0.8945115804672241,0.8459935188293457
7280,1.6048719882965088,0.8867256045341492
6539,2.3740999698638916,0.4401851296424866
6693,2.108271837234497,0.48533305525779724
8144,1.5132203102111816,0.20040354132652283
2575,2.305111885070801,0.24336127936840057
3996,1.0889087915420532,1.4048547744750977
4270,2.7375099658966064,0.03216613829135895
5063,1.3711844682693481,1.309788465499878
5857,2.6508214473724365,0.18367798626422882
6918,-0.8134438395500183,3.2468717098236084
7308,0.7647997736930847,2.257798910140991
2600,1.4262375831604004,1.4333057403564453
3677,2.3762691020965576,0.06421523541212082
6863,3.4458858966827393,-0.05261103808879852
3963,2.768733501434326,-0.05227193981409073
1788,2.438182830810547,0.738339364528656
2781,3.5531976222991943,-0.676392138004303
3062,1.6087067127227783,0.4666227698326111
4743,1.6966122388839722,0.8469662070274353
7485,1.7057138681411743,1.3082988262176514
1834,0.7831262946128845,2.0601913928985596
2030,-0.2947973310947418,2.894195795059204
2474,2.5133633613586426,0.16724513471126556
2901,1.005687952041626,1.4052938222885132
3243,2.424828290939331,0.3600941300392151
3581,3.1437435150146484,-0.3667908310890198
1924,1.9555457830429077,0.46310853958129883
2181,2.8520405292510986,-0.702559232711792
2451,2.2747151851654053,0.6434926390647888
2863,3.692342758178711,-0.7014869451522827
5871,1.7771100997924805,0.471112459897995
7430,0.27525120973587036,2.1917402744293213
2016,1.6084920167922974,0.8268237113952637
2215,2.7535412311553955,-0.23454666137695312
2926,0.9747130274772644,1.2619231939315796
3935,3.913591146469116,-0.835075318813324
6032,3.0420072078704834,-0.31047576665878296
8076,0.10560744255781174,2.6472561359405518
3401,2.043534517288208,0.40661829710006714
3789,0.8418256640434265,1.8473132848739624
6458,1.9744597673416138,0.1638876050710678
8022,0.4082180857658386,1.3708810806274414
3242,1.1789194345474243,1.674057960510254
3828,0.7296048998832703,1.5034282207489014
4233,0.5970129370689392,1.9971472024917603
4304,1.0202900171279907,1.5158939361572266
6984,3.0678484439849854,-0.4110456109046936
2285,1.3825002908706665,1.050205945968628
3174,1.9688060283660889,1.1659300327301025
4963,1.6649214029312134,0.1904037445783615
2045,1.9673655033111572,0.4753396213054657
3899,1.5305153131484985,0.3998834490776062
3925,2.6095051765441895,-0.15545393526554108
7306,1.1956959962844849,1.1232593059539795
7671,1.0433011054992676,1.937814474105835
2041,0.8182248473167419,1.751892328262329
2435,1.4708832502365112,0.5656228065490723
2773,2.121448278427124,0.4986240863800049
3919,2.275090217590332,0.07741305977106094
5177,2.3896725177764893,0.619804322719574
7053,0.575413703918457,2.160015821456909
7155,2.555727481842041,-0.23455800116062164
1895,3.1874167919158936,-0.6614974141120911
2734,3.877354860305786,-1.035383701324463
3613,3.659963369369507,-0.5564613938331604
4285,3.0410170555114746,-0.668662965297699
6600,1.7266430854797363,0.8136341571807861
3716,1.4172368049621582,1.0337636470794678
7777,0.6094040274620056,0.8060267567634583
1606,0.04374255985021591,2.995539903640747
1657,2.1158504486083984,0.6885201334953308
2364,0.5619847774505615,1.443002462387085
3945,3.9464480876922607,-0.6860232353210449
4588,3.3143932819366455,-0.32660654187202454
2189,1.801604151725769,0.4427669942378998
2837,0.9514026641845703,1.0471009016036987
3568,2.9818828105926514,0.417559415102005
4307,0.5592665672302246,2.313735008239746
6230,3.1946828365325928,0.11406750231981277
6371,-1.2021582126617432,3.1633102893829346
6493,-0.19864340126514435,1.901341438293457
2063,2.528902769088745,0.7300776243209839
2602,0.9507279992103577,1.3336188793182373
2885,0.9980351328849792,1.7271395921707153
4118,1.672104835510254,0.946102499961853
7774,1.9386252164840698,0.5847106575965881
1686,1.3427858352661133,1.3041467666625977
2248,1.0404436588287354,1.1474897861480713
3115,0.5064419507980347,2.3570663928985596
3342,1.6024885177612305,0.8872354030609131
3433,2.9579169750213623,0.18991920351982117
5474,1.392371654510498,0.3329472541809082
6078,0.7569261193275452,1.4864751100540161
2764,0.3371862769126892,2.172342300415039
3225,1.582021713256836,0.34595638513565063
4210,3.197969913482666,-0.29576975107192993
6217,3.7903316020965576,-1.0274014472961426
7165,-0.2807859778404236,2.7154641151428223
1701,0.7412272691726685,2.023606061935425
2535,1.3190237283706665,1.1763074398040771
3734,0.8695909380912781,1.4412126541137695
3765,0.4885813593864441,2.0434682369232178
6413,1.9194974899291992,0.8220032453536987
6723,2.516986608505249,-0.2523471415042877
4640,3.2358486652374268,-0.5624696612358093
6544,0.9165905117988586,1.2892258167266846
8361,2.0782077312469482,0.3108447790145874
2702,2.3946645259857178,0.45545315742492676
2754,1.0203007459640503,1.3921786546707153
3773,0.7000306248664856,2.1814825534820557
7760,3.1518425941467285,-0.4069696068763733
2376,3.0235798358917236,-0.025762856006622314
7985,0.41192272305488586,1.7387802600860596
1762,1.815927505493164,0.3656577169895172
1966,2.240062952041626,-0.0034757768735289574
3009,2.2464356422424316,0.09007003158330917
3696,2.1075615882873535,-0.09484682232141495
4257,0.8189582228660583,1.6070725917816162
4458,1.611560583114624,0.5069387555122375
6838,2.425462245941162,0.44399359822273254
6862,3.684868097305298,-0.5440801382064819
7158,-0.4277470111846924,2.75528883934021
7285,3.6068661212921143,-0.7562838196754456
7545,0.059180278331041336,1.915501356124878
7841,1.6780238151550293,0.6179678440093994
8463,2.9896442890167236,-0.22143061459064484
2393,1.396286964416504,0.34295547008514404
3453,-0.24042414128780365,2.8909425735473633
6026,2.257223129272461,0.7406841516494751
1977,1.7609349489212036,1.0436592102050781
1980,2.974205255508423,-0.024991951882839203
7103,0.4068577289581299,2.417893171310425
3727,1.6529704332351685,0.5668626427650452
6753,3.049499034881592,-0.24731449782848358
1608,0.7342483997344971,1.0794591903686523
1815,3.121086359024048,-0.41308581829071045
2665,3.8959288597106934,-1.0133720636367798
3256,3.200645923614502,-0.983248770236969
4066,0.90707927942276,1.8267414569854736
2199,3.4623732566833496,-0.8474735021591187
7372,1.658705472946167,1.2679458856582642
8468,1.7839456796646118,0.2958958148956299
2200,0.5157994627952576,1.4544243812561035
6787,1.0692737102508545,1.7651867866516113
2221,-0.3893114924430847,1.706126093864441
2725,2.229044198989868,0.22280652821063995
7795,0.7535499930381775,1.771958589553833
2597,0.6725457906723022,0.5702491402626038
4559,2.3967337608337402,-0.06161431968212128
6152,3.6342995166778564,-1.1183115243911743
8330,1.5321118831634521,0.884864330291748
3685,2.6906542778015137,0.4041689932346344
8415,1.4932960271835327,0.960506021976471
2398,2.8411920070648193,-0.12922576069831848
3126,2.0664713382720947,1.1097005605697632
2587,2.375861883163452,-0.34552475810050964
2808,0.6545060873031616,2.680689573287964
4472,2.884165048599243,-0.240198016166687
7714,2.2524492740631104,0.42594558000564575
2292,0.8207992911338806,1.771209955215454
3281,2.568105459213257,0.23481979966163635
6119,1.1055655479431152,1.3219118118286133
6615,3.118726968765259,0.2264905571937561
7244,2.4982168674468994,-0.39380696415901184
2656,3.093825101852417,-0.2654417157173157
3283,0.9384315013885498,1.3621577024459839
8429,1.2594010829925537,0.9282703995704651
3254,0.597834050655365,1.5807774066925049
4308,3.4158806800842285,-0.7893214225769043
6893,1.5135053396224976,1.121380090713501
6938,0.9919090270996094,1.6331976652145386
1720,2.0723161697387695,-0.45612961053848267
1744,1.2979280948638916,1.2524967193603516
2116,2.873908758163452,-0.3627510368824005
2417,4.182584285736084,-0.5719365477561951
2550,3.2538840770721436,-0.5589070320129395
3774,1.9016482830047607,0.5718704462051392
5836,0.18867340683937073,2.2315423488616943
7804,1.6005882024765015,0.18202801048755646
7908,4.010074138641357,-0.9991036057472229
1794,1.0887863636016846,1.2803928852081299
2420,3.2841081619262695,-0.1729159653186798
4071,1.582887053489685,0.7558525204658508
4439,2.2908883094787598,0.36535149812698364
6038,0.9370977878570557,1.8188366889953613
6694,2.129607677459717,0.6511960625648499
3596,0.40202784538269043,2.094433307647705
7691,0.35855281352996826,2.0169780254364014
8147,0.5896835923194885,2.3662281036376953
2581,1.1265087127685547,1.460082769393921
3665,1.4133751392364502,0.7623169422149658
6197,3.2812387943267822,-0.3695552945137024
6259,0.4186558723449707,1.7118198871612549
1677,0.34249553084373474,1.815340280532837
2768,2.2147250175476074,0.850030243396759
4170,3.6416966915130615,-0.7453984618186951
5808,3.0089614391326904,-0.011227150447666645
1626,3.32391357421875,-0.8831992745399475
2459,1.8305785655975342,0.7673980593681335
3486,2.6573007106781006,0.1594316065311432
6353,0.49768972396850586,1.4843800067901611
8119,3.708857536315918,-0.758309543132782
1868,0.5729324221611023,2.0695667266845703
3396,0.971107542514801,1.055702805519104
3605,0.7618989944458008,1.7644942998886108
3722,2.968944549560547,-0.2850337624549866
7856,3.1834073066711426,-0.6504547595977783
8309,2.9291515350341797,-0.12186921387910843
2601,2.094900369644165,1.319031000137329
2753,0.5241358280181885,1.835395097732544
5848,2.05735445022583,-0.13517996668815613
7312,-0.5784425139427185,2.8949902057647705
8216,1.9933247566223145,0.7600012421607971
1785,1.043172836303711,1.4824063777923584
3106,0.598673403263092,1.980841875076294
3295,3.9863924980163574,-0.9993690848350525
3530,-0.36575818061828613,2.5635063648223877
3947,3.0991530418395996,-0.026103876531124115
4438,3.014258861541748,0.1440925896167755
7509,2.094909906387329,0.7569615840911865
7875,2.61777400970459,-0.6688887476921082
1597,3.1983418464660645,-0.7917686104774475
1909,2.5423972606658936,-0.3243550658226013
2100,1.3566744327545166,0.6485807299613953
2657,1.2910521030426025,1.1735365390777588
2712,1.4260611534118652,1.396003246307373
2986,1.463761806488037,1.4681910276412964
4819,2.2620859146118164,0.6435176134109497
2003,0.8965064883232117,0.98209148645401
2708,0.37736812233924866,2.357649087905884
2800,2.413668632507324,0.24686278402805328
5523,0.12318891286849976,2.434875249862671
6974,1.2137541770935059,0.5771374106407166
2745,0.11399108916521072,1.6671960353851318
2944,1.9565837383270264,-0.18797500431537628
4271,1.5297068357467651,1.0877814292907715
5997,0.011483102105557919,2.4533228874206543
6346,1.6789333820343018,0.4146918058395386
8066,0.8942434787750244,1.4963535070419312
8348,2.677133560180664,-0.24791042506694794
1797,1.187178373336792,1.0491825342178345
2347,3.960407257080078,-0.8356195092201233
4337,3.5417134761810303,-0.7338253855705261
3060,2.1753361225128174,0.3632639944553375
3381,0.8812570571899414,0.943318784236908
3387,2.2372138500213623,0.6453329920768738
6482,0.46672874689102173,2.1409952640533447
6768,1.7660471200942993,0.7086254358291626
7484,4.0126423835754395,-1.2455496788024902
2097,3.743403196334839,-0.5992431044578552
4211,1.391761302947998,0.8290349841117859
7003,1.7163538932800293,0.7657129764556885
7692,2.726891040802002,-0.37944158911705017
7941,4.246336936950684,-1.4546681642532349
1611,3.4312686920166016,-0.7159761786460876
1664,2.138408660888672,0.7790037989616394
2014,2.671980619430542,-0.28984910249710083
2144,2.8640220165252686,-0.20416291058063507
2767,2.53495454788208,-0.6327394843101501
2934,0.14869171380996704,2.0720627307891846
5050,1.3911120891571045,1.1051485538482666
6225,0.1566600203514099,2.2153143882751465
6456,2.2923266887664795,-0.1535034030675888
6811,2.541043996810913,-0.17966367304325104
6883,3.1288366317749023,-0.2618977725505829
6947,-0.14941145479679108,3.1264214515686035
8313,2.480355739593506,-0.060363754630088806
1713,0.8682382702827454,1.7297674417495728
1880,1.4499735832214355,1.1322959661483765
1963,2.353598117828369,-0.2839530110359192
3227,1.0720340013504028,1.5491204261779785
3252,-0.37055331468582153,2.9332635402679443
6542,-0.18967214226722717,2.1819698810577393
7869,1.8175292015075684,0.4176672101020813
1959,-0.49498194456100464,2.841604471206665
2132,0.5609980225563049,1.9871753454208374
6797,2.017021656036377,0.2558298707008362
1639,1.9616193771362305,0.6759865880012512
4226,3.280164957046509,0.13984428346157074
4705,1.6530086994171143,1.1160402297973633
7926,1.678923487663269,0.0666210725903511
1663,1.0593280792236328,1.9549615383148193
1773,3.301257371902466,-0.7668793797492981
4157,2.559372663497925,-0.1358628273010254
4243,1.3276158571243286,0.7753477096557617
4381,-0.015680573880672455,2.897524118423462
5816,2.460684061050415,-0.07010155916213989
2023,0.4395647644996643,2.201277494430542
2496,1.1625089645385742,0.8614914417266846
2812,1.103194236755371,1.3037058115005493
3598,2.979584217071533,-0.7805071473121643
3914,2.006429433822632,-0.20017556846141815
6556,0.48198097944259644,1.6384291648864746
1706,3.3715035915374756,-0.19287621974945068
3930,0.3511168658733368,1.8133902549743652
7119,0.2523181438446045,1.86846923828125
7693,2.1740946769714355,0.3640645444393158
7826,3.8128468990325928,-0.8607088327407837
1601,1.884253740310669,0.41617777943611145
2091,1.0898113250732422,1.1710482835769653
2406,2.4167251586914062,0.1440201997756958
2277,0.5568737387657166,1.7824528217315674
2562,1.5565050840377808,1.1854867935180664
4419,1.0853105783462524,0.9197139739990234
4552,3.8318674564361572,-1.23445725440979
5844,-0.2725435495376587,2.6941983699798584
2131,2.5725901126861572,-0.3869732916355133
3455,0.1422375738620758,2.6213796138763428
5532,0.6547701358795166,2.0997743606567383
7619,2.238621950149536,0.15856938064098358
1852,1.7148109674453735,1.117244839668274
2218,2.4125449657440186,0.12201230973005295
5013,2.4178075790405273,0.19813159108161926
6581,2.2833306789398193,0.1005721464753151
2479,1.4212998151779175,0.9680317044258118
4426,1.667514443397522,0.8895344138145447
6782,1.5004851818084717,0.7412859201431274
6793,1.2159430980682373,0.7040027976036072
2207,0.07102981954813004,1.8795067071914673
2846,0.763579785823822,1.7208645343780518
3066,3.9695911407470703,-1.0161497592926025
3848,1.8900291919708252,-0.23492561280727386
4557,1.6831963062286377,1.0767557621002197
6533,1.5354098081588745,0.7918822765350342
6807,1.929608702659607,0.4090062975883484
6991,0.7673649191856384,1.1375160217285156
7843,0.10237415879964828,1.8064823150634766
8328,3.1972110271453857,-0.4058583974838257
1640,1.2759134769439697,1.6697579622268677
2231,2.085339307785034,0.17483431100845337
3127,3.1845362186431885,0.0018659615889191628
3301,1.5637893676757812,1.5909264087677002
3821,2.8152425289154053,0.03813808783888817
3315,3.557323455810547,-0.3756800591945648
3474,3.259645700454712,-0.31797027587890625
4404,2.289724349975586,0.6843327283859253
7072,1.6246089935302734,1.5616074800491333
7267,2.043779134750366,0.7715646624565125
2217,1.086235523223877,1.3473575115203857
7328,1.624924659729004,1.2592265605926514
7717,0.8848795294761658,1.3380683660507202
1667,1.2765769958496094,0.5372478365898132
6053,2.9865453243255615,-0.28631195425987244
2105,1.8159520626068115,0.8907666802406311
2276,1.872389554977417,0.7448541522026062
3599,2.7809135913848877,-0.20230090618133545
1960,1.7083948850631714,-0.059031449258327484
6137,1.7926828861236572,1.1765638589859009
1969,1.7025036811828613,0.8188694715499878
7539,1.407751441001892,0.5109197497367859
7883,3.288130044937134,-0.39401447772979736
7948,-0.013798556290566921,3.4883759021759033
8122,1.6710870265960693,0.8668816685676575
1620,0.34523358941078186,2.092210531234741
3019,2.2144227027893066,0.3130439519882202
3745,1.2762985229492188,1.097150444984436
7609,0.61278235912323,1.4953259229660034
1746,2.7600252628326416,-0.2630234658718109
1910,1.0258046388626099,1.6122467517852783
2414,2.692153215408325,-0.405324786901474
2915,1.3582603931427002,1.1094461679458618
4125,0.9784581065177917,1.992663025856018
5317,3.545264959335327,-0.423854798078537
6890,3.1429026126861572,0.015421406365931034
8086,2.477329969406128,0.36930516362190247
3277,1.4512869119644165,0.6386582255363464
5873,0.1119634285569191,2.6017649173736572
8413,1.1057850122451782,0.3674217462539673
1521,1.69314706325531,0.6168572306632996
2006,2.747126340866089,-0.03339994698762894
2642,3.6439788341522217,-0.6489510536193848
3561,2.1849188804626465,0.1620284914970398
4467,0.9340159893035889,1.8470572233200073
6597,2.38405704498291,-0.4814353287220001
7423,2.4003942012786865,0.6307279467582703
2552,1.3071227073669434,1.2925055027008057
3817,0.5629788041114807,1.0405349731445312
3903,2.934877634048462,0.08243485540151596
7624,3.3749492168426514,-0.42341095209121704
2913,1.5958911180496216,1.3233288526535034
5751,1.1064753532409668,1.7281901836395264
2064,-0.16543035209178925,2.5239691734313965
2124,-0.20376521348953247,2.348313093185425
2141,1.6892192363739014,0.9837772250175476
2672,0.9254024624824524,1.1226191520690918
3021,2.9475691318511963,0.508800745010376
6695,1.7898932695388794,0.2815766930580139
6760,3.3414571285247803,-0.3375743627548218
2204,0.7822771668434143,1.54481840133667
2534,0.91814786195755,1.235278844833374
2786,1.79850172996521,1.1894614696502686
3463,3.3498799800872803,-0.4629025459289551
1928,3.710076332092285,-0.8775657415390015
2655,2.6955904960632324,0.0002848701551556587
2817,2.9206621646881104,-0.42008888721466064
3764,0.9540303349494934,1.4175903797149658
6686,1.1830863952636719,1.758458137512207
2186,1.9603736400604248,0.8916603922843933
2287,2.6182923316955566,-0.5482802987098694
3886,1.715003252029419,0.29302093386650085
4625,3.318376302719116,-0.4894752502441406
7820,2.3268771171569824,0.06734616309404373
7971,1.1994394063949585,0.9406816363334656
4107,1.0858449935913086,1.6628007888793945
8259,1.3129034042358398,1.0865375995635986
1809,2.911576986312866,-0.004559806548058987
2402,3.2377891540527344,-0.23029573261737823
4283,0.1570913940668106,1.9355034828186035
6237,2.030165672302246,0.22824729979038239
3467,1.986008644104004,0.7777239680290222
3835,1.5932483673095703,1.0177723169326782
4259,0.5320711731910706,1.677736759185791
1529,0.4746569097042084,2.4199702739715576
2491,2.1296796798706055,0.1284749060869217
4092,2.1382038593292236,0.4831082224845886
4887,2.6533706188201904,-0.5544407963752747
1635,1.4588940143585205,1.372631311416626
3806,2.5685946941375732,0.251118004322052
1602,1.8046761751174927,0.45232951641082764
4516,1.2578672170639038,1.411452293395996
6764,2.05722975730896,0.4266420304775238
7498,2.786198854446411,-0.3374784290790558
2965,2.933778762817383,-0.22814464569091797
3724,2.525636911392212,0.04098121076822281
4059,1.549300193786621,1.1031628847122192
6236,4.58854341506958,-1.0232985019683838
7645,2.210857391357422,-0.025245897471904755
5957,2.7564618587493896,-0.21910221874713898
7593,2.7342865467071533,0.23419615626335144
3579,1.328918218612671,1.555633544921875
4274,1.8497915267944336,0.18047738075256348
6049,1.8036807775497437,0.6142951250076294
7497,3.557966947555542,-0.3892229199409485
1628,0.4013424217700958,2.1354012489318848
2083,0.9102494120597839,0.8676219582557678
3037,0.8278488516807556,1.9159891605377197
3355,2.0592525005340576,0.9247438311576843
4546,3.3856561183929443,-0.4691561460494995
6649,2.1166439056396484,0.9133635759353638
2814,2.3475077152252197,0.17711685597896576
2922,2.851830005645752,-0.2981935143470764
4323,0.30848428606987,1.9662981033325195
7921,2.2022483348846436,-0.30550122261047363
1758,2.228534460067749,0.8419305682182312
3701,2.706947088241577,0.3918541371822357
7008,1.1120381355285645,0.880977213382721
8509,-0.2512170076370239,2.9527580738067627
2038,3.6987249851226807,-1.1327862739562988
3329,0.1893738955259323,1.917671799659729
3854,1.1212236881256104,1.552868127822876
6161,0.7719293236732483,1.2200261354446411
6223,0.9210072755813599,1.3605105876922607
7279,0.46438512206077576,1.8701956272125244
7881,4.13870096206665,-1.17078697681427
2264,3.3469436168670654,-0.7395623326301575
2421,1.5899611711502075,0.7506852149963379
3092,-0.5127772688865662,3.458888053894043
4073,2.9573071002960205,-0.4188709259033203
6199,1.73447847366333,0.7066428065299988
6738,3.5173985958099365,-0.6259501576423645
6920,0.6615546345710754,1.8515185117721558
3322,1.867135763168335,0.9719613194465637
4246,1.7619844675064087,0.09794715791940689
5590,1.979168176651001,0.6472381353378296
6942,2.0481278896331787,0.882746696472168
1599,-0.4079074561595917,2.42403507232666
3343,1.3759191036224365,0.609332263469696
3747,3.5222055912017822,-0.8335365653038025
2099,3.8795673847198486,-0.8678336143493652
2355,0.38269513845443726,2.0782623291015625
2795,2.256849765777588,0.44172513484954834
3382,1.2035077810287476,0.7760315537452698
3454,2.854562997817993,-0.2555376887321472
4478,2.220604658126831,0.3251844346523285
6039,3.25624942779541,-0.46516090631484985
7018,2.7709667682647705,-0.020474016666412354
7877,2.1768734455108643,0.21222764253616333
2750,2.954627513885498,0.0849987044930458
5630,-0.1318635195493698,2.0439515113830566
6441,3.027039051055908,-0.4247964024543762
6614,0.7225282788276672,2.1989777088165283
7459,3.412980079650879,-0.46658068895339966
3152,1.736169695854187,0.7293877005577087
3332,0.5452035069465637,1.744942307472229
1589,2.0008397102355957,0.5371841192245483
1592,2.0857458114624023,0.61859130859375
2143,2.4257748126983643,0.07605361193418503
2167,0.39960014820098877,2.3197522163391113
6940,2.049665927886963,0.29406803846359253
1725,1.1943655014038086,1.15247642993927
2728,3.1703312397003174,-0.8489037156105042
3178,2.1355197429656982,0.4049351215362549
6216,2.5017216205596924,0.35002848505973816
7625,1.519014835357666,1.3036119937896729
8376,3.761336088180542,-1.0068604946136475
2494,1.3928227424621582,0.8624767661094666
4114,2.0061652660369873,1.0100786685943604
5591,1.3572728633880615,1.8589454889297485
5650,3.026496410369873,-0.7185537219047546
7449,-0.2910141348838806,2.5947420597076416
7670,4.432326316833496,-1.2900348901748657
2117,2.8547918796539307,0.1613965630531311
2509,3.992769241333008,-0.9517952799797058
3088,1.650180459022522,0.8346210718154907
3266,1.4482345581054688,1.2836565971374512
5962,0.43430453538894653,1.9887888431549072
1704,1.438293218612671,1.0876673460006714
1989,2.4326913356781006,-0.09795378893613815
2026,0.17454540729522705,1.8898234367370605
6525,3.4153449535369873,-0.6996869444847107
2075,1.7906670570373535,0.5501589775085449
3170,0.92227703332901,1.486807107925415
7690,3.093414068222046,-0.476513534784317
8476,-0.6379315257072449,3.734442949295044
3144,0.8179693818092346,1.9447277784347534
4172,2.2239723205566406,-0.14104357361793518
5184,0.8648033142089844,0.8807303309440613
5911,3.267169713973999,-0.5588365197181702
8195,0.07927931100130081,2.0126044750213623
8536,0.18039502203464508,2.8092310428619385
3641,3.0531437397003174,-0.08234953880310059
7367,2.513359308242798,0.18987937271595
7728,1.3733506202697754,1.0059654712677002
2404,1.6160634756088257,1.4573400020599365
7959,2.4102349281311035,0.5306169986724854
1553,2.587679147720337,-0.23029030859470367
2053,2.142254590988159,-0.33440425992012024
2625,0.3696949779987335,1.4553335905075073
2779,1.9051772356033325,1.1673144102096558
4634,2.264967679977417,0.603119432926178
5486,2.374887228012085,0.1660909354686737
6513,2.0343477725982666,0.1625332534313202
8062,1.373471736907959,1.2189980745315552
1550,1.528157353401184,0.527498185634613
1672,1.4158899784088135,1.3497921228408813
2894,2.555133104324341,-0.07886289805173874
3536,0.7358197569847107,1.4331337213516235
6915,3.4513332843780518,-0.5419481992721558
8056,1.657926321029663,1.1344010829925537
8189,2.0170860290527344,0.9364908337593079
8439,0.15576650202274323,2.6248862743377686
1555,0.34007182717323303,2.2562601566314697
3972,2.753615140914917,-0.0795406773686409
5906,-0.7246142625808716,3.6963839530944824
7057,2.1093528270721436,0.6945374608039856
2095,0.8848180770874023,1.1872638463974
2303,1.980711579322815,0.8680433034896851
2397,3.2721023559570312,-0.7825829386711121
4051,2.0521843433380127,0.508500337600708
2015,2.3479177951812744,0.30288589000701904
3422,2.2812764644622803,0.48754745721817017
7450,2.3710968494415283,0.39078599214553833
7992,3.5543878078460693,-0.5973455905914307
8069,1.7193862199783325,0.9262698292732239
1865,2.2252705097198486,0.6287402510643005
2407,0.5383097529411316,1.3408470153808594
2508,-0.6137293577194214,2.6003382205963135
6082,0.7850885987281799,1.655249834060669
7744,1.7537721395492554,0.7424233555793762
1705,1.8660476207733154,0.5902417302131653
3939,0.749171257019043,1.271461009979248
5107,0.2820351719856262,2.754840612411499
7297,0.6221047043800354,1.9449113607406616
7835,0.3460783064365387,2.2576115131378174
1882,1.1233534812927246,1.7034605741500854
2171,1.3848271369934082,0.6298697590827942
2822,2.2717368602752686,0.41376638412475586
3330,2.0969655513763428,0.06790081411600113
4144,-0.20376355946063995,2.805624008178711
6659,2.68888783454895,0.016767464578151703
7488,0.4082809388637543,2.403733015060425
1590,-0.460844486951828,2.8283889293670654
1694,1.9862788915634155,0.18528802692890167
3112,3.7487714290618896,-0.9297716617584229
3297,3.763232946395874,-0.6341443657875061
5988,0.6364530324935913,1.4757611751556396
6989,1.6261924505233765,1.4381206035614014
8109,2.2945003509521484,0.3921967148780823
2114,1.3169491291046143,1.6127277612686157
2147,0.48442983627319336,1.686180830001831
3393,2.026629686355591,0.8788880705833435
3851,3.4379003047943115,-1.0107429027557373
4879,2.2710797786712646,0.4799453616142273
6102,1.0315455198287964,1.1229958534240723
7213,1.1809437274932861,1.2497584819793701
1733,1.7741848230361938,1.1808135509490967
4213,2.255352258682251,0.400407075881958
6124,0.6883507370948792,1.6419650316238403
6190,2.6188700199127197,-0.17331160604953766
6402,1.9241158962249756,0.4425968825817108
6842,2.244520425796509,0.19953449070453644
1556,0.19112904369831085,1.3262648582458496
3861,1.3610897064208984,1.442704200744629
6685,3.597179651260376,-0.44539594650268555
3025,3.1688249111175537,-0.17160315811634064
3940,3.4232561588287354,-0.41423290967941284
6373,2.5612781047821045,0.15317294001579285
3975,2.6274800300598145,-0.1375235766172409
4036,1.9052135944366455,0.9330524802207947
6279,2.1229822635650635,0.49959176778793335
6633,-0.15769487619400024,2.4300222396850586
1922,2.6850626468658447,-0.44390633702278137
6023,3.803483486175537,-0.8846738934516907
6099,2.3092076778411865,0.1946689337491989
8047,1.7768830060958862,0.272504597902298
3560,0.36969423294067383,2.6617753505706787
3830,1.7459807395935059,1.1689993143081665
7258,2.2224433422088623,0.5968562960624695
1933,2.6490986347198486,-0.7608392238616943
2296,-0.4736279845237732,2.85654354095459
6160,3.3383045196533203,-0.3748990297317505
3206,2.4682247638702393,0.6234222054481506
3782,1.650636911392212,0.8852171897888184
3863,0.06946680694818497,2.3881328105926514
3922,2.715134382247925,-0.12305384129285812
4831,0.6495904326438904,1.7270654439926147
3213,1.353408694267273,1.2092435359954834
6027,1.7132318019866943,0.740265965461731
7017,3.0434532165527344,-0.7947174906730652
2731,0.597984254360199,1.0621771812438965
3161,1.384081482887268,1.027158260345459
3416,1.7187819480895996,0.6115729808807373
5096,0.5121122002601624,2.114281415939331
6675,1.1112154722213745,0.9125943779945374
2715,2.10499906539917,0.49067652225494385
3490,1.2392691373825073,1.3676658868789673
4086,-0.20917357504367828,2.110966205596924
4249,1.2343467473983765,1.465409517288208
4373,0.2279493361711502,2.1582984924316406
4416,2.719250440597534,-0.07686909288167953
4873,1.4082920551300049,1.120270848274231
8277,-0.05726776272058487,2.116485357284546
2283,0.3410722315311432,2.0590856075286865
3794,2.995772123336792,-0.6334291100502014
4313,1.1728763580322266,1.0583480596542358
6332,2.2412517070770264,0.9106985926628113
6409,1.4966299533843994,1.6323018074035645
7424,1.5833148956298828,0.843539297580719
3140,1.6879706382751465,1.3153103590011597
3751,0.9536128640174866,1.2801501750946045
3816,1.8243579864501953,0.9624906182289124
3840,3.0910379886627197,-0.16758961975574493
4554,0.16196949779987335,2.375251054763794
6354,3.304077386856079,-0.525233805179596
6601,1.300233006477356,1.5039434432983398
7988,2.968489646911621,-0.7452451586723328
2035,1.3490355014801025,1.3999907970428467
3120,4.439495086669922,-1.3966306447982788
4128,0.906827449798584,1.8674192428588867
5951,2.044711112976074,0.1772979199886322
2025,-0.5081847310066223,2.280149221420288
2042,1.7023205757141113,1.4526853561401367
3349,2.275925636291504,0.6671072840690613
4402,0.887046217918396,1.8003140687942505
4441,1.975635051727295,-0.1980564147233963
7351,3.490913152694702,-0.5980543494224548
7766,2.884284019470215,-0.37968334555625916
8275,2.844196081161499,-0.48165789246559143
8360,4.521047592163086,-1.3502593040466309
1714,-0.529731810092926,2.824445962905884
1831,0.558448076248169,1.637779951095581
1846,-0.13823135197162628,1.9470646381378174
3218,3.0928099155426025,0.07278095930814743
6343,1.8313473463058472,0.7827138900756836
8318,3.3179450035095215,-0.3963395059108734
4135,1.193260669708252,1.8940930366516113
6588,2.00931715965271,0.8470781445503235
6950,-0.505612313747406,2.7054824829101562
7035,3.2983436584472656,-0.5367283821105957
8197,2.5803885459899902,-0.020562149584293365
1612,0.9295549392700195,1.8430061340332031
3896,0.9126393795013428,2.0726234912872314
5409,-0.4499254524707794,3.1192100048065186
7289,2.9348812103271484,-0.45700502395629883
8448,2.7472383975982666,-0.5138935446739197
1760,1.16575026512146,1.236259937286377
2490,2.9870307445526123,-0.532346785068512
3203,1.0537132024765015,1.1126227378845215
3362,2.8857362270355225,-0.04023941606283188
3698,1.4970111846923828,1.4298009872436523
4248,1.0931059122085571,1.2836400270462036
2683,4.124989986419678,-0.7508795857429504
2859,1.1857414245605469,0.837221622467041
3018,0.8108142018318176,2.096141815185547
7341,1.4618297815322876,1.6270099878311157
7769,2.3868753910064697,-0.023579269647598267
1634,2.5387442111968994,0.26871001720428467
4510,0.5555087924003601,1.8636410236358643
7787,1.6457253694534302,0.4374086856842041
8513,1.3827593326568604,1.3981192111968994
1656,1.9035804271697998,0.5395824909210205
1709,-0.02239801734685898,2.151878595352173
1840,1.6779720783233643,0.7861866354942322
3783,2.470360517501831,-0.23942382633686066
4275,0.9962466955184937,1.4515396356582642
4612,0.6820032000541687,1.8033123016357422
6214,3.0674221515655518,-0.3903159201145172
6359,1.8563262224197388,0.8417738080024719
7614,1.850064992904663,0.7251695990562439
7732,3.7605788707733154,-0.7942364811897278
1990,0.437959760427475,1.4964685440063477
2916,2.4584615230560303,0.3854359984397888
4579,1.6558319330215454,1.2466762065887451
4587,0.6203325390815735,2.0058677196502686
1613,2.7258355617523193,-0.5356684327125549
1751,2.26874041557312,0.3981439471244812
6844,3.552220106124878,-0.8423348069190979
8300,2.6328518390655518,-0.07122752070426941
2935,1.459972858428955,1.2087903022766113
3323,3.333859920501709,-0.057616524398326874
4079,0.8332728147506714,1.3168208599090576
4080,1.7727611064910889,0.24486882984638214
6895,0.5964047908782959,1.9732322692871094
2090,0.34142550826072693,2.343264579772949
2269,1.3966702222824097,1.2522084712982178
2914,-0.09670183062553406,2.6466424465179443
3156,1.474806547164917,0.8227067589759827
4102,0.11577700823545456,2.21345591545105
4507,1.2566243410110474,0.7379609942436218
7698,3.907325029373169,-0.6234114766120911
7871,2.5432097911834717,0.10115493088960648
8204,1.7949724197387695,0.8010255694389343
4142,2.02671480178833,0.6758773922920227
7544,2.578413486480713,-0.5189559459686279
8068,0.43917161226272583,1.9834860563278198
1844,0.43821170926094055,2.1906611919403076
2332,2.1377880573272705,0.59349125623703
5618,1.0288879871368408,0.5677416920661926
7590,2.127246618270874,0.4341328740119934
1605,2.6459662914276123,0.2684278190135956
4272,0.5709450840950012,1.7317386865615845
5845,0.5870382189750671,1.5450469255447388
5933,0.8094108700752258,1.9551727771759033
7217,2.0328657627105713,0.45621323585510254
8491,1.3461754322052002,1.0633639097213745
1913,2.464703321456909,-0.6562120914459229
3223,2.0008697509765625,0.9256888031959534
3371,2.276674509048462,0.6599545478820801
6850,1.2888805866241455,1.4295506477355957
7327,0.26429232954978943,1.9844763278961182
7422,1.4569971561431885,0.3250860273838043
2444,1.9611046314239502,0.989515483379364
3054,1.7875680923461914,0.4695599675178528
3229,2.0316669940948486,0.6364368796348572
6673,0.8959745764732361,1.5373547077178955
7172,2.583298444747925,0.3690313696861267
8338,2.262939691543579,0.18698732554912567
2438,1.3685760498046875,1.130976676940918
3642,-0.09570106118917465,2.370539903640747
3750,1.4557266235351562,0.9317060112953186
3837,0.5697079300880432,1.2595000267028809
4024,2.1616339683532715,-0.22467970848083496
4580,0.8084664344787598,0.9355871081352234
4718,1.4817410707473755,0.6863303184509277
5824,-0.2579115629196167,2.7636208534240723
5863,-0.4236897826194763,2.709373950958252
6755,1.5957714319229126,0.7763523459434509
6887,2.166297674179077,0.18295125663280487
7047,1.6982626914978027,-0.1366007775068283
8405,2.580677032470703,-0.043689049780368805
1578,1.2847063541412354,0.9530688524246216
3124,2.8060061931610107,-0.2171153575181961
6721,3.6574761867523193,-0.7114304900169373
7726,1.0152407884597778,1.335717797279358
8173,1.7761619091033936,0.7364075779914856
7062,1.7896674871444702,0.5054882168769836
3367,2.258819341659546,0.4218774735927582
3908,1.3649108409881592,1.2725210189819336
6231,1.8948168754577637,0.195246621966362
7710,-0.2429478019475937,2.777028799057007
7972,1.470579743385315,1.5532433986663818
8464,-0.4174339473247528,2.6994173526763916
1790,1.8110766410827637,0.5302300453186035
5821,0.6984547972679138,1.8843401670455933
6554,1.4347257614135742,1.4549041986465454
8425,0.06275831162929535,2.2519466876983643
1915,3.016122579574585,-0.9819071888923645
2588,1.223196029663086,1.1767661571502686
2730,3.140319585800171,-0.8009067177772522
2747,2.34291934967041,0.874988853931427
7174,2.186572551727295,0.10968311876058578
8349,3.908304452896118,-0.9105278849601746
1791,2.1693007946014404,-0.18652276694774628
1842,1.879314661026001,1.1682895421981812
2583,3.143968343734741,-0.38048285245895386
2892,3.4939706325531006,-0.25223639607429504
7197,3.1371400356292725,-0.6447753310203552
3003,2.0794031620025635,0.5695631504058838
7836,2.870337724685669,-0.7725401520729065
1792,0.6560719609260559,2.148862600326538
3578,2.1766467094421387,0.23712436854839325
3625,0.48740172386169434,1.9333608150482178
4158,1.2691690921783447,1.5531256198883057
7048,3.055772542953491,-0.48544546961784363
3181,0.8814849257469177,1.927259922027588
3738,0.6878640055656433,1.7691915035247803
3780,-0.2099197953939438,3.205132246017456
4617,1.9682066440582275,1.1213606595993042
5562,1.1109261512756348,1.1034786701202393
7390,4.3555402755737305,-1.1540606021881104
8378,1.8929611444473267,1.0396175384521484
8409,4.140970706939697,-1.1287802457809448
2317,1.7024903297424316,0.7116903066635132
3897,2.7838757038116455,-0.23969902098178864
6192,1.5040090084075928,1.2644119262695312
6631,1.0147106647491455,1.1489678621292114
7442,0.9776138067245483,0.9765481352806091
7752,0.15905626118183136,2.4789867401123047
2079,1.6871693134307861,-0.12111923098564148
3729,0.5001325011253357,2.152167797088623
5908,4.005715847015381,-1.1033333539962769
4019,1.4162498712539673,1.0393668413162231
4063,-0.09219890087842941,2.2271909713745117
4461,0.4033038914203644,1.5004165172576904
5546,1.249333143234253,1.4944334030151367
6919,1.653078317642212,0.5503266453742981
8015,0.5963320732116699,1.8790934085845947
8531,2.165614604949951,0.3559252619743347
2536,0.5004695057868958,1.307441234588623
3289,0.7134042382240295,1.9116266965866089
3550,1.853340983390808,0.5292308926582336
3686,1.355675458908081,0.9599351286888123
4531,3.6769018173217773,-1.0190180540084839
4630,3.4318788051605225,-0.7509047389030457
5178,0.701816737651825,2.0696775913238525
6287,1.927497148513794,0.5508716702461243
8092,2.611125946044922,0.48870426416397095
1781,2.3274905681610107,-0.2927805781364441
2428,1.850459098815918,0.8735448718070984
3723,2.250154733657837,0.09078829735517502
3788,2.0167171955108643,0.21514306962490082
4384,2.297353982925415,0.4940494894981384
7014,1.1566276550292969,1.6612275838851929
4212,3.265571355819702,-0.27160409092903137
4581,0.9383372664451599,1.4474198818206787
5976,3.591548204421997,-0.8632091879844666
8452,3.355544328689575,-0.26793771982192993
4216,2.8013598918914795,-0.4051821827888489
4254,2.3504698276519775,0.4305051863193512
4582,1.296129584312439,0.8141030669212341
7432,1.8938157558441162,0.8518279194831848
3185,2.9159562587738037,0.13827396929264069
3678,3.1494224071502686,-0.6718897819519043
4614,1.8179583549499512,1.004047155380249
7477,2.064232349395752,0.33631229400634766
8214,3.2038252353668213,-0.1479634791612625
4733,0.25879359245300293,2.8923399448394775
5968,1.3485243320465088,0.8648055791854858
8417,1.8835362195968628,0.33657655119895935
3142,1.7959107160568237,1.3112730979919434
6079,0.2020111083984375,1.3958995342254639
7750,2.3642213344573975,0.3692431151866913
2367,2.4609949588775635,0.1542222946882248
5226,1.7777460813522339,0.845785915851593
5920,1.4717166423797607,0.8378133177757263
1587,2.344398260116577,-0.17606626451015472
2268,2.6807734966278076,0.17267943918704987
2628,2.2427875995635986,0.4832704961299896
3023,1.3759404420852661,0.830604612827301
4078,1.417736291885376,1.2594854831695557
5150,0.0028094733133912086,1.6521494388580322
1856,2.9143054485321045,-0.10412038862705231
1952,0.3429325819015503,2.109498977661133
2225,2.2739322185516357,-0.15660053491592407
2830,1.1194093227386475,0.933931291103363
6478,1.5380940437316895,1.0031660795211792
7938,2.7465407848358154,-0.08962170034646988
2741,2.178961753845215,0.449801504611969
2970,1.1907029151916504,1.336108684539795
3822,-0.41163063049316406,2.974980592727661
6504,2.435513734817505,0.47483670711517334
2495,3.0603444576263428,-0.15262778103351593
3074,2.111016273498535,0.2511717677116394
3488,1.5509364604949951,0.4834631681442261
4460,2.4714555740356445,0.03809574991464615
4465,1.2324600219726562,0.9496577978134155
7112,2.698544979095459,0.6079134941101074
7515,0.7861220240592957,1.8982832431793213
1610,2.1987144947052,0.618007242679596
4520,2.1604020595550537,0.020268790423870087
6499,-0.19718943536281586,2.742035150527954
6885,1.62666654586792,0.4882107377052307
7317,-0.7280175089836121,3.1743626594543457
2549,3.3017935752868652,-0.8811939358711243
2691,0.42749708890914917,2.590543031692505
2699,3.52286696434021,-0.5036413073539734
4487,1.5908172130584717,0.5448664426803589
5994,3.962648630142212,-0.48738306760787964
6729,1.1421014070510864,1.6328115463256836
7248,2.3929495811462402,0.5066795945167542
8423,2.912994146347046,-0.869870662689209
2073,1.8032597303390503,0.9860631227493286
5206,0.21246354281902313,1.5315632820129395
5869,1.215749740600586,1.5232349634170532
7440,0.5948325991630554,1.2141337394714355
2357,1.4818806648254395,1.4172027111053467
3199,2.900608777999878,-0.37044912576675415
3246,2.6195640563964844,-0.162934347987175
3313,2.223456859588623,0.4694775640964508
3446,2.5015947818756104,0.6666319966316223
3521,3.2703633308410645,-0.40184420347213745
6836,1.6824432611465454,1.0144522190093994
7042,1.7214746475219727,0.4598538279533386
8431,0.24820615351200104,2.653081178665161
2757,2.976287841796875,0.014257163740694523
6139,0.8403274416923523,1.5990421772003174
6372,0.41381868720054626,1.0697228908538818
6494,1.1149210929870605,1.0488407611846924
6630,3.580822229385376,-0.6673140525817871
7138,0.9293345808982849,1.6791325807571411
8170,-0.06299162656068802,2.0652859210968018
1878,1.9844790697097778,0.15855000913143158
3370,-0.19765838980674744,2.665477752685547
3948,2.118597984313965,0.44918501377105713
7901,1.9530882835388184,0.8076109290122986
1961,2.963552951812744,-0.1516912579536438
2614,1.542568564414978,1.2629438638687134
4415,1.8680872917175293,0.04456374794244766
4538,2.1873080730438232,1.108275294303894
2121,2.2942898273468018,0.427026629447937
2242,2.834908962249756,-0.046038366854190826
2645,3.4689009189605713,-0.7086934447288513
3205,3.0566866397857666,-0.432170569896698
3860,1.4296338558197021,1.2007580995559692
6688,1.1414594650268555,2.0187108516693115
6837,4.176528453826904,-1.1357674598693848
7995,0.6400943994522095,1.5290735960006714
7746,1.7384639978408813,1.0175728797912598
2811,2.9215500354766846,-0.3826325237751007
3836,-0.48461657762527466,2.8343148231506348
5609,2.1800782680511475,0.49140244722366333
6144,0.10112063586711884,1.9152421951293945
6466,4.297878742218018,-1.0803515911102295
7207,1.7808442115783691,-0.1652381271123886
7354,0.418221116065979,1.7859904766082764
8248,1.7914485931396484,0.526286244392395
3438,1.5341769456863403,0.989327609539032
6188,1.16969633102417,0.8773643970489502
6963,3.4252326488494873,-0.8159669041633606
7376,1.661314606666565,0.9380165338516235
2801,1.7781833410263062,0.2075052410364151
2958,0.9879565834999084,1.967477798461914
3057,1.85427987575531,0.30551213026046753
4117,2.5324513912200928,0.12453114241361618
5831,2.035970687866211,0.7575272917747498
6385,1.3166003227233887,2.105895519256592
7496,2.0722944736480713,0.9626747965812683
1588,0.9663240313529968,2.25142502784729
1853,-0.3524489402770996,2.4801149368286133
3172,2.2824718952178955,0.17759354412555695
4464,3.0109758377075195,-0.4915052652359009
6610,2.08502459526062,0.6036787629127502
7572,1.3244906663894653,1.6731278896331787
3358,1.5511479377746582,0.8759130835533142
4469,2.105964422225952,0.4393162429332733
4570,0.039991315454244614,2.537813901901245
5485,0.1396137773990631,1.4792991876602173
6983,3.0685131549835205,-0.4626896381378174
7140,2.7341268062591553,-0.6892648339271545
8430,0.9294499158859253,1.066779375076294
1849,0.8709797263145447,1.7333197593688965
2139,1.2033450603485107,1.4176054000854492
7081,2.4156196117401123,0.08320681005716324
5430,1.7673084735870361,0.8038591146469116
5999,1.0072091817855835,1.0833027362823486
4342,0.5048060417175293,2.059583902359009
4477,0.6224601864814758,2.4902563095092773
2797,0.367095410823822,1.955657720565796
3892,2.715532064437866,0.16923825442790985
6080,1.6639842987060547,1.057650089263916
7983,0.2732101380825043,2.7498319149017334
2910,2.8259546756744385,-0.6198594570159912
2981,1.9674134254455566,0.7185881733894348
6063,1.4274373054504395,0.8103935718536377
6374,0.9297779202461243,1.7010818719863892
6624,1.8853667974472046,0.3945190906524658
3114,1.6260042190551758,1.5472617149353027
7665,0.5405880808830261,1.382378339767456
1541,2.321744680404663,0.8324046730995178
1544,1.6910502910614014,0.9375365376472473
3249,-0.18611036241054535,3.0642917156219482
3744,0.5011501312255859,1.8694828748703003
4913,0.47969651222229004,2.476797342300415
7939,2.9852254390716553,0.05641566962003708
8244,1.5506598949432373,0.9540006518363953
2178,0.9959751963615417,1.368478536605835
3856,1.9736640453338623,0.7215765118598938
4383,3.1568491458892822,-0.003932400606572628
5282,1.1586887836456299,1.3547266721725464
6176,1.5398218631744385,0.7832402586936951
6376,1.626228928565979,0.9185598492622375
8224,2.017291307449341,0.8399444222450256
8506,-0.06845467537641525,2.4932241439819336
2596,1.4169813394546509,1.2827459573745728
2853,1.9475222826004028,0.567777693271637
2956,0.15775464475154877,2.2170333862304688
5366,0.761096179485321,1.914346694946289
5954,1.4591890573501587,1.519069790840149
4235,1.097238540649414,2.025038003921509
5508,1.7075769901275635,0.9443371891975403
1870,2.173821210861206,-0.1374933123588562
2848,1.367164969444275,0.8246793746948242
3572,3.0378661155700684,-0.2201429009437561
3924,1.5049604177474976,1.2943124771118164
4917,0.8129511475563049,1.7128660678863525
4951,2.1789681911468506,0.23085148632526398
6503,1.662214756011963,0.5468307137489319
6851,2.147181987762451,0.16068385541439056
3261,-0.36286139488220215,2.5702595710754395
6059,2.720794439315796,0.2571246325969696
7027,1.0283534526824951,1.191877841949463
7383,1.401263952255249,1.0542775392532349
3137,1.4448611736297607,0.7781429886817932
4828,-0.08775585144758224,2.7003700733184814
6306,-0.12081106752157211,2.23746919631958
6968,2.769587278366089,-0.20328281819820404
8151,4.072926044464111,-1.1789600849151611
2087,1.214338779449463,1.5778998136520386
3285,1.7328517436981201,1.15793776512146
3305,1.6515905857086182,0.6849784255027771
8198,1.9492146968841553,0.7424800992012024
2523,0.6889867186546326,1.9858778715133667
2794,0.9906570911407471,1.7756483554840088
3397,2.234388828277588,0.03160674124956131
4376,-0.34627825021743774,2.5618886947631836
8168,4.412935256958008,-1.153936743736267
2333,3.168576240539551,-0.08234167844057083
3758,1.6988029479980469,1.1445949077606201
4637,2.3621270656585693,0.19973360002040863
4892,2.250786066055298,-0.10619452595710754
5924,3.6580169200897217,-0.8937281966209412
1734,-0.27987217903137207,2.380201578140259
2546,1.830235481262207,0.7838835120201111
4435,1.3931100368499756,0.8607303500175476
4656,2.1037681102752686,0.9795976877212524
4934,0.6861270070075989,1.8548763990402222
6398,2.386934280395508,0.6237921118736267
6438,4.43416166305542,-0.948022723197937
1536,1.1766936779022217,1.2181662321090698
1811,2.787285566329956,-0.039387159049510956
5464,0.8692721724510193,1.590597152709961
7943,1.9412469863891602,0.7707276940345764
8103,0.4457942545413971,1.9228447675704956
2198,0.7317631840705872,1.909383773803711
2255,3.32997727394104,-0.8816434741020203
2448,2.9660723209381104,0.24659068882465363
5946,1.9578444957733154,1.1824181079864502
6979,3.2528836727142334,-0.6714724898338318
7256,1.87771475315094,0.6078246235847473
1646,1.1920621395111084,0.518217921257019
4021,1.3586188554763794,0.6829317212104797
2493,1.6492292881011963,1.3319108486175537
2654,1.6610080003738403,1.424736738204956
2990,3.0580432415008545,-0.24159936606884003
3437,1.086782455444336,1.3365827798843384
4175,0.6510401964187622,2.116050958633423
6641,2.3717052936553955,0.6020134091377258
6966,1.4103107452392578,0.7519251108169556
2055,2.021068811416626,0.38380542397499084
4479,1.5739972591400146,0.8901755213737488
4553,2.8424503803253174,0.3011395335197449
6570,-0.8163185715675354,2.875756025314331
7096,1.4147775173187256,0.9376136660575867
2613,3.548186779022217,-0.38755249977111816
3328,2.9577581882476807,-0.3898099660873413
4782,0.9232419729232788,2.232316732406616
7946,-0.49349245429039,2.7296977043151855
2219,1.5125701427459717,1.1729438304901123
2826,4.316423416137695,-1.3300474882125854
4837,0.8991824984550476,2.1231157779693604
7486,1.3974168300628662,1.4343554973602295
7556,2.8973782062530518,-0.22064225375652313
7933,0.16687072813510895,1.8543423414230347
8435,-0.4085269868373871,2.989635705947876
2168,1.987418532371521,0.1632128357887268
2659,2.028327226638794,0.288074254989624
3657,-0.9548502564430237,3.4516971111297607
3933,2.191375970840454,0.12101680785417557
4056,0.45401817560195923,1.9899365901947021
4244,2.756040096282959,0.26689785718917847
4872,1.6123886108398438,0.6303836703300476
1650,3.4335415363311768,-0.8463364243507385
3808,2.013780355453491,0.9714937210083008
3827,2.695359468460083,-0.19979055225849152
3880,2.5051281452178955,-0.019656620919704437
3997,0.1215420514345169,2.1246557235717773
7358,-0.2625083327293396,3.126054048538208
3123,0.4814172387123108,1.715889573097229
2289,2.6735739707946777,-0.10098367184400558
4386,2.396693468093872,0.6956378221511841
4799,0.8288264870643616,1.8191041946411133
5823,0.8900555372238159,1.4442164897918701
6043,2.301138162612915,0.5590513944625854
6876,1.2515636682510376,0.9742385149002075
3237,2.7149665355682373,-0.16137365996837616
3251,3.2929437160491943,-0.3224771320819855
1992,0.5203647017478943,1.869909644126892
6819,2.4331181049346924,-0.12881287932395935
8183,1.3146679401397705,1.7409465312957764
1982,0.7851069569587708,1.4459537267684937
6642,3.473844289779663,-0.5891860127449036
2563,3.452322006225586,-0.5263711214065552
4926,0.6425855159759521,1.6995224952697754
6777,1.7127913236618042,1.0232274532318115
6886,2.6290524005889893,-0.46169185638427734
2658,2.7779295444488525,0.32478067278862
2815,3.0623295307159424,0.22962068021297455
6849,0.5744847655296326,1.5882055759429932
3428,3.130584478378296,-0.42087817192077637
1542,3.134702444076538,-0.46199163794517517
4354,1.91362464427948,0.34485888481140137
4561,-0.4629291892051697,2.085547924041748
6999,1.1027462482452393,2.0679690837860107
1771,0.6934848427772522,1.907079815864563
2646,1.687535047531128,0.8086491823196411
1649,0.3975435495376587,1.4175589084625244
2039,2.3721749782562256,0.07305296510457993
3812,1.7422560453414917,0.9172620177268982
4219,0.5292996764183044,2.482773542404175
6050,0.5110466480255127,2.115903615951538
1778,1.7059001922607422,0.6646197438240051
6034,2.317708730697632,0.24257706105709076
6427,1.3982350826263428,0.4972132742404938
6955,0.7942164540290833,1.7052936553955078
7025,0.846656858921051,0.7670038342475891
8451,1.698832392692566,0.7461947798728943
2560,0.32432135939598083,2.2373855113983154
4562,0.535862147808075,2.462083578109741
6741,1.6718010902404785,0.8298081755638123
7187,3.1787948608398438,-0.9344355463981628
7170,1.6112295389175415,0.5786964297294617
8035,1.616376519203186,1.1184237003326416
3566,1.6020593643188477,0.805266797542572
7739,3.5125207901000977,-0.7449464201927185
2170,0.5874881148338318,2.2045092582702637
2974,1.9467791318893433,1.0050280094146729
2991,1.9671962261199951,0.2738344669342041
6368,1.0757253170013428,1.6811772584915161
2390,1.1823092699050903,1.022863745689392
2723,0.9804262518882751,0.9445294737815857
5622,1.038121223449707,1.5522956848144531
6833,-0.6212208867073059,3.8228671550750732
6847,1.3828614950180054,-0.22647924721240997
7381,1.511029839515686,1.2490177154541016
7868,0.7414695024490356,1.3601738214492798
3690,1.8909523487091064,0.3513152003288269
5140,1.2410707473754883,1.0232211351394653
5331,4.055258274078369,-1.308266520500183
7309,1.5264716148376465,1.1517610549926758
7571,2.2497479915618896,0.25513771176338196
8510,0.3480461835861206,3.5057551860809326
1552,0.3177254796028137,2.072604179382324
4148,2.5799691677093506,-0.0006490116938948631
5563,2.5385773181915283,-0.3994322717189789
5627,-0.42627960443496704,2.8564112186431885
6848,1.213832139968872,1.170100212097168
6866,-0.11797712743282318,2.880682945251465
7198,1.091996431350708,1.7244969606399536
7597,1.7811119556427002,1.7811119556427002
2852,2.467534065246582,0.33048343658447266
3620,1.1337823867797852,1.522719383239746
3865,1.0658044815063477,1.5564039945602417
4351,0.5488924980163574,2.1296141147613525
6335,2.1040689945220947,0.46718838810920715
7129,1.5680768489837646,1.1214399337768555
8080,1.106889009475708,0.5310027003288269
2048,1.4051597118377686,0.9008142352104187
4428,3.22402024269104,-0.5711869597434998
8305,1.9596647024154663,0.6683687567710876
2142,0.9555052518844604,1.7644383907318115
2254,0.8222693800926208,1.5798685550689697
2589,-0.003226916305720806,2.455655336380005
3171,1.8164193630218506,0.5225542783737183
6285,3.293175220489502,-0.29133838415145874
8154,1.441711187362671,1.2760577201843262
1770,1.4848929643630981,0.5068502426147461
2145,3.438784122467041,-0.7650636434555054
2392,1.3574153184890747,1.227034091949463
3325,1.316107988357544,0.8809508681297302
3481,1.5745295286178589,0.6908477544784546
3918,1.319077491760254,0.8191353678703308
4505,2.1211941242218018,0.5360994935035706
4608,3.653512716293335,-0.6742870807647705
5521,1.3768138885498047,0.8627610802650452
7493,0.9443472027778625,1.535226821899414
8125,-0.00974277313798666,2.1471221446990967
2539,2.9077627658843994,-0.3982360363006592
8459,0.2626765966415405,2.127288818359375
4629,1.7492859363555908,-0.20670732855796814
7286,1.2674155235290527,1.1536567211151123
8420,1.62017822265625,1.1334381103515625
1934,0.9711413979530334,0.7581543922424316
3526,2.03250789642334,1.0203826427459717
4770,1.4852975606918335,1.0629348754882812
5182,1.7941739559173584,1.1167712211608887
7059,1.1437757015228271,0.9715635180473328
7064,1.563910722732544,0.7110124230384827
8314,2.1571662425994873,0.4262443780899048
2113,-0.8620628714561462,2.991499662399292
2415,2.4778754711151123,-0.0008743414655327797
2661,2.728376865386963,0.3631860613822937
3096,2.782249927520752,-0.38826873898506165
5593,0.5424655079841614,1.9816932678222656
1839,0.8180793523788452,1.5504374504089355
4240,3.4543755054473877,-0.3404516279697418
4932,1.7522177696228027,0.7213236689567566
6006,1.1818650960922241,1.7307411432266235
6227,1.3140106201171875,1.001672625541687
6877,2.3418264389038086,0.29247909784317017
7009,2.1911587715148926,0.44973424077033997
8186,3.2431929111480713,-0.41546106338500977
2274,1.8371379375457764,0.7333149313926697
3148,1.79771089553833,1.0591521263122559
3563,1.8074101209640503,0.8392399549484253
3681,4.1975998878479,-1.1198381185531616
6390,1.1923352479934692,0.7600231170654297
3177,3.2503769397735596,-0.568487286567688
3776,-0.26346078515052795,1.9804797172546387
4362,1.3474359512329102,1.4271728992462158
4374,1.628755807876587,0.3717096149921417
6972,2.3967857360839844,0.36737629771232605
7019,2.6927716732025146,-0.2101907879114151
7524,4.043053150177002,-0.8751348853111267
8169,3.6985392570495605,-0.9515622854232788
2377,2.019543409347534,0.3772081434726715
6608,4.176858901977539,-0.9966629147529602
7654,4.2260823249816895,-0.8357093930244446
4525,1.5002310276031494,0.7441797852516174
4597,1.8587656021118164,0.7022899985313416
3183,2.9794390201568604,0.14342360198497772
6415,-0.5530580878257751,3.1609182357788086
8229,0.5647466778755188,1.676248550415039
1586,1.0371454954147339,1.4103368520736694
4192,1.0884841680526733,0.7998306751251221
1780,0.9077988266944885,1.769689917564392
2302,0.967692494392395,2.149099349975586
7816,0.346920371055603,1.362410545349121
3649,0.48364153504371643,1.4449090957641602
4372,1.0028061866760254,1.7285054922103882
5468,0.70148104429245,1.9554722309112549
6058,1.5164971351623535,0.4369000196456909
7796,2.1240458488464355,0.44605135917663574
8004,2.084275245666504,0.3648449778556824
7833,2.546008348464966,-0.07731149345636368
8012,1.299420952796936,1.7042372226715088
1806,-0.17507585883140564,2.4390406608581543
2765,0.5783974528312683,2.3200206756591797
4549,2.4797213077545166,-0.14290447533130646
6645,1.5394225120544434,1.3117825984954834
2480,2.6942873001098633,0.009054847992956638
6710,1.7801525592803955,1.1839385032653809
6998,2.458787202835083,-0.3978249132633209
7265,2.5913803577423096,0.2827603816986084
7803,-0.3839972913265228,3.370659112930298
1551,0.25792181491851807,2.4026248455047607
3468,2.3018484115600586,0.46855753660202026
4566,1.1041264533996582,1.5508962869644165
5984,0.9435746669769287,1.9442793130874634
6644,1.9547988176345825,1.0540990829467773
1528,0.38103187084198,1.5252704620361328
1736,2.944713830947876,-0.678695023059845
2183,0.7960456013679504,2.288785696029663
2253,2.3537285327911377,-0.024729184806346893
3819,1.5316834449768066,0.4978998303413391
6625,0.5923407673835754,1.8059754371643066
6835,1.2819631099700928,1.4336943626403809
8377,1.252659797668457,0.3359116017818451
2050,2.437340497970581,-0.31967583298683167
3955,0.3482471704483032,2.3443503379821777
5370,2.347942590713501,-0.045895423740148544
3280,1.8753046989440918,0.6681715846061707
4615,1.6578987836837769,1.2016477584838867
6634,2.1880943775177,-0.1609124392271042
7469,2.404158353805542,0.05171920359134674
1675,2.0280373096466064,0.7309059500694275
1718,1.7471294403076172,0.5484675168991089
2137,2.466963529586792,0.6739123463630676
2473,1.0003325939178467,1.1830615997314453
2759,2.2730636596679688,0.8942099213600159
7368,1.5042091608047485,1.0410597324371338
1779,2.000316619873047,0.5780632495880127
3191,0.25729361176490784,2.0508933067321777
3345,1.779467225074768,0.5517911314964294
3515,3.1627066135406494,-0.38342997431755066
8282,1.027949571609497,1.2596526145935059
2532,1.993110179901123,0.7451169490814209
4338,0.8776583075523376,1.618727684020996
6523,1.2240651845932007,0.5390182733535767
6809,1.3504977226257324,1.0344105958938599
8029,2.4647719860076904,-0.29536986351013184
4016,0.6847541928291321,1.9578948020935059
4150,1.955666184425354,0.7465744614601135
4646,2.771571397781372,-0.6964962482452393
5076,1.8686468601226807,0.4333588480949402
7164,0.7276260256767273,1.9357300996780396
7827,2.8962714672088623,-0.3446369469165802
3354,1.1848379373550415,1.6873996257781982
3369,0.7358600497245789,1.1248148679733276
3718,1.408042073249817,0.9809294939041138
5196,2.829486131668091,-0.16136915981769562
3190,2.2310616970062256,0.13715945184230804
6957,2.446603298187256,0.4638895094394684
7380,2.0393025875091553,0.5531535148620605
1636,2.5786311626434326,-0.15453754365444183
7199,3.639237403869629,-0.692202627658844
7519,1.821932077407837,0.30251628160476685
7531,1.7504534721374512,1.0326849222183228
7850,1.1225708723068237,1.341726541519165
3811,1.5310723781585693,1.3321952819824219
5086,1.2426977157592773,0.8596029877662659
6840,2.9548776149749756,0.38606491684913635
7910,1.7877520322799683,0.4005139470100403
1841,0.41968902945518494,1.9081900119781494
2431,1.179814338684082,1.4473947286605835
3414,1.9790805578231812,0.981782078742981
5215,1.9184393882751465,0.207217276096344
1690,3.975693941116333,-1.4334208965301514
1970,0.6817384958267212,1.1840176582336426
2196,1.0655511617660522,1.3021554946899414
2680,0.26622897386550903,2.371885061264038
2883,-0.31091105937957764,2.319363832473755
4400,0.9527308344841003,1.9045791625976562
4688,1.1734822988510132,1.2894076108932495
4766,1.3493306636810303,1.0935070514678955
7185,2.8673484325408936,-0.4075394868850708
7537,-0.1315789818763733,2.1824967861175537
3901,-0.026781104505062103,2.049215793609619
4261,2.096078634262085,0.5288506150245667
4292,2.310812473297119,0.8381540179252625
5101,-0.6359624266624451,3.3592560291290283
3636,2.8320529460906982,0.36825165152549744
6040,0.7960157990455627,0.6697189211845398
7492,0.9513347744941711,0.7969362139701843
7810,0.8789179921150208,1.9124712944030762
7903,2.412471294403076,-0.17489491403102875
1604,2.087015151977539,0.18698836863040924
6060,2.890618085861206,0.12983915209770203
2904,2.2011945247650146,0.03832205384969711
4061,0.2976042926311493,2.2531063556671143
6003,0.6066613793373108,1.2352845668792725
1987,1.0771377086639404,1.713821291923523
4230,1.77870774269104,0.7379691004753113
4881,1.4505667686462402,1.275812029838562
8230,1.0319006443023682,1.235154390335083
2774,2.682420492172241,0.24349762499332428
2860,2.5157630443573,0.7817310690879822
2930,0.6450427174568176,1.6176810264587402
3149,1.473119854927063,1.313050627708435
4933,1.7282369136810303,0.3823342025279999
7637,2.9951303005218506,-0.06970895826816559
4065,3.5212440490722656,-0.6457136273384094
4106,1.8425756692886353,0.7009168267250061
4616,1.8992083072662354,0.5570288300514221
5902,3.066422700881958,-0.47576767206192017
3232,2.3254830837249756,0.3352668285369873
4567,2.1669132709503174,0.5575254559516907
4968,0.8861231207847595,1.1842464208602905
5115,0.40956270694732666,1.6046252250671387
6662,3.615037679672241,-0.8317691087722778
2360,0.8861254453659058,0.9849604368209839
2380,1.430349349975586,1.4040040969848633
3562,0.9419541358947754,0.8786680102348328
5155,0.5514539480209351,1.39523446559906
6150,1.4214861392974854,1.0988471508026123
6551,1.321492075920105,1.573657751083374
2177,0.3602164387702942,1.8703045845031738
2782,4.03710412979126,-1.0599148273468018
3029,2.160705327987671,0.16983440518379211
4651,1.2978671789169312,1.0077400207519531
7605,1.0066914558410645,0.7878009080886841
8461,1.2197251319885254,0.9551677107810974
2410,2.74463152885437,-0.042346857488155365
3147,1.238541841506958,0.9992836117744446
3484,2.224154233932495,0.40938520431518555
5214,1.9981228113174438,1.448594570159912
5387,1.482796549797058,1.4355008602142334
5904,2.1687228679656982,0.6276067495346069
8316,2.5051445960998535,0.9502254724502563
6669,3.2555792331695557,-0.9129264950752258
7482,1.0984379053115845,1.291374921798706
6900,0.668813943862915,1.7501449584960938
7291,1.2840254306793213,0.8748473525047302
8121,0.8641422986984253,1.1507436037063599
8251,3.1845617294311523,-0.7053572535514832
6007,1.6427943706512451,0.3082147240638733
6852,0.789923369884491,1.0454487800598145
7414,3.146791696548462,-0.7511256337165833
1722,1.1720013618469238,0.5395857095718384
2084,1.8249648809432983,1.2828847169876099
2897,1.2114784717559814,1.0910001993179321
2993,1.6653629541397095,0.3399583101272583
4584,2.1421589851379395,-0.23428116738796234
5040,2.2665605545043945,-0.20817293226718903
1572,1.1042685508728027,1.2202985286712646
2320,1.0813653469085693,1.3667981624603271
3201,0.3552762567996979,1.91438889503479
6639,4.072235584259033,-0.9881536960601807
6802,0.7211735248565674,1.4671051502227783
7611,0.2597687244415283,2.2087554931640625
8235,1.7035026550292969,0.8427612781524658
2379,2.5792086124420166,-0.27755028009414673
3883,1.3400585651397705,0.9414889216423035
5419,1.3323626518249512,0.5823096632957458
8112,2.6435163021087646,-0.37832897901535034
8185,2.6735453605651855,-0.01518890168517828
4899,2.7136213779449463,-0.09643972665071487
6165,1.0377787351608276,1.581797480583191
7121,0.7207038998603821,1.5544235706329346
7798,0.7725125551223755,2.083936929702759
1525,1.0955880880355835,1.2641688585281372
2807,0.254988431930542,3.0000736713409424
3141,0.6835708022117615,1.3915939331054688
6481,1.9575730562210083,0.4794648289680481
7283,1.776410698890686,0.33059602975845337
8239,1.817229986190796,1.1980464458465576
1579,1.4683302640914917,1.5286576747894287
2106,1.5074293613433838,1.3070621490478516
2180,0.715591549873352,2.119391679763794
2383,2.6684372425079346,0.2977847158908844
5174,1.2954155206680298,1.1782634258270264
7171,2.794163703918457,-0.259222149848938
1688,2.6490962505340576,-0.518817126750946
2241,1.1832072734832764,1.4492614269256592
2259,1.1601353883743286,1.3649420738220215
2313,0.9374465346336365,1.8190231323242188
2356,2.730112314224243,0.029502004384994507
4644,3.6002211570739746,-0.6934937834739685
6698,0.5633191466331482,1.8556692600250244
7036,0.21093250811100006,2.756819486618042
7426,3.0233428478240967,0.10216759890317917
8052,3.251518964767456,-0.6804380416870117
1687,1.1431570053100586,1.1722111701965332
1764,2.8899502754211426,-0.49050167202949524
3053,2.5173676013946533,-0.017363235354423523
5234,1.8239355087280273,0.2597450613975525
5288,0.09363929182291031,2.9086854457855225
6254,1.0337533950805664,1.5008199214935303
2839,-0.10139703005552292,2.8521342277526855
3682,0.16975730657577515,2.388596296310425
4173,2.45237398147583,-0.3734235167503357
4533,2.655709981918335,0.14455397427082062
4962,2.206256866455078,0.576598048210144
6113,1.2133053541183472,1.1059226989746094
7526,0.9342878460884094,1.7511851787567139
8542,2.6160099506378174,0.43501508235931396
3443,-0.13248403370380402,2.971137285232544
4181,2.213650703430176,0.4304927885532379
6907,2.600590944290161,0.3504977226257324
4110,1.8842318058013916,0.47567641735076904
4526,1.7376188039779663,0.8000206351280212
5829,3.5900790691375732,-0.5701442956924438
7408,0.24698953330516815,2.1079769134521484
8333,2.0736446380615234,0.8015121221542358
2867,2.127408266067505,0.8590747117996216
5822,0.053854018449783325,1.5381654500961304
5993,2.632931709289551,0.32519689202308655
7476,1.2010362148284912,1.47654128074646
6986,2.0112671852111816,0.6292925477027893
8410,1.2932519912719727,1.3055741786956787
1538,2.1168997287750244,-0.46175307035446167
2249,1.5654656887054443,1.302546501159668
4260,2.598353862762451,-0.5228336453437805
5561,2.041456460952759,0.6352841258049011
8077,2.2158663272857666,0.9405845403671265
3902,2.063400983810425,0.2157481461763382
4512,2.8222835063934326,-0.5522496104240417
5251,3.7113497257232666,-0.5172776579856873
6181,0.43626904487609863,2.1875393390655518
8085,3.025501251220703,-0.010732906870543957
3236,1.7949496507644653,1.0345137119293213
6304,1.78684663772583,0.2649562954902649
2969,1.2317426204681396,1.5244923830032349
4290,1.1400002241134644,1.6121954917907715
7434,1.086369276046753,1.6913254261016846
7685,2.382206678390503,0.024543635547161102
3293,1.1513844728469849,0.8795539140701294
4006,2.4049201011657715,0.2286689132452011
4647,2.6488664150238037,-0.5219781994819641
6484,1.7744965553283691,1.0672399997711182
1683,1.971543550491333,0.6691455245018005
1772,1.6240630149841309,1.179264783859253
2387,2.0755574703216553,0.017579898238182068
2505,0.7094208598136902,2.0188381671905518
3194,2.9511055946350098,-0.3506276607513428
4189,3.06628680229187,-0.29209911823272705
6897,-0.534130334854126,2.8363349437713623
7192,1.652940273284912,0.63180011510849
8289,3.189312219619751,0.21155023574829102
2350,2.7524688243865967,-0.372527539730072
3378,0.7966107726097107,0.9184587597846985
4134,1.0823276042938232,1.5743787288665771
6134,1.131902813911438,1.0729403495788574
7799,0.2687009871006012,2.3073394298553467
2700,2.6754348278045654,-0.39574527740478516
2890,1.1637766361236572,1.6018539667129517
4214,1.3615626096725464,0.3506224453449249
4484,0.7665836215019226,2.317126512527466
5977,1.747140884399414,0.6718528270721436
2972,1.8567891120910645,0.8248606324195862
5915,1.1244611740112305,1.1601488590240479
3188,0.12768761813640594,1.719900369644165
3709,1.4895563125610352,0.3437916338443756
4220,1.1394556760787964,1.4461355209350586
6090,2.0749168395996094,0.5709747672080994
1813,1.1041805744171143,1.2013558149337769
3711,1.6947094202041626,1.1436376571655273
4327,0.023941002786159515,2.59867262840271
6226,1.8640031814575195,0.04948657006025314
6380,-0.47096961736679077,3.080190896987915
1886,-0.3381195068359375,2.9223978519439697
2515,2.6739447116851807,-0.34788382053375244
2756,1.849029541015625,0.2602664828300476
3179,1.507712483406067,0.5146632790565491
5922,1.8720250129699707,0.31900152564048767
7230,1.812887191772461,0.33322250843048096
8006,1.0877825021743774,0.9856033325195312
2442,2.266054630279541,0.2815801799297333
7116,-0.04944118857383728,2.243595838546753
7599,1.6806440353393555,0.2763667702674866
3755,0.7161505818367004,1.3038617372512817
1730,1.8773165941238403,0.5672577619552612
7899,0.09025095403194427,2.391935110092163
1932,1.277528166770935,1.5156705379486084
3651,1.4819388389587402,0.529918372631073
6712,0.016127415001392365,2.6920859813690186
4548,-0.19895952939987183,3.0552995204925537
2945,3.6831214427948,-0.8510128855705261
4320,1.6631441116333008,1.4316763877868652
5697,1.8330252170562744,0.2346622794866562
6074,1.9650850296020508,0.21049150824546814
2788,1.5620551109313965,0.7123019099235535
6344,3.13958477973938,-0.5570521950721741
7143,0.8548515439033508,0.9863646626472473
8414,3.178173542022705,-0.1321735978126526
2558,0.10458831489086151,3.075415849685669
2876,1.8323274850845337,0.7399252653121948
3321,0.8692823052406311,1.3184218406677246
6575,2.3517260551452637,0.4520449638366699
1641,0.7327712178230286,0.9887087345123291
2504,2.110481023788452,0.7714805603027344
3447,1.6565457582473755,1.5602025985717773
4103,1.7429178953170776,0.5099804997444153
5038,0.9641526341438293,1.6827499866485596
5970,1.279063105583191,0.57364821434021
1584,3.4813592433929443,-1.0613832473754883
6294,1.341447353363037,1.4513535499572754
6348,2.7993834018707275,-0.30132919549942017
7041,1.3140819072723389,0.9187757968902588
8321,1.2530099153518677,1.180532693862915
3331,2.5145044326782227,0.026694945991039276
4480,1.7811119556427002,1.7811119556427002
5123,0.9326462745666504,0.9458678364753723
7538,2.158372402191162,0.853790819644928
4195,-0.12990914285182953,2.404848337173462
4440,2.4350597858428955,0.5082445740699768
6582,1.571258783340454,1.1658880710601807
7001,3.480626344680786,-0.9412737488746643
7139,-0.5135951638221741,3.3733394145965576
7520,2.044578790664673,0.12612846493721008
7912,0.1274014115333557,2.0497844219207764
2322,3.8728508949279785,-0.7659017443656921
3473,1.1769564151763916,1.2634787559509277
3653,2.665580987930298,0.3950185775756836
3712,1.7355859279632568,1.307588815689087
4075,1.866701602935791,0.8787634968757629
5258,0.18948981165885925,2.3962342739105225
5699,2.4153411388397217,0.5789190530776978
6239,0.9929076433181763,1.1508610248565674
6342,1.497032642364502,0.5772424340248108
7759,1.779071569442749,0.9051685333251953
1816,1.016716480255127,0.5152720808982849
2173,2.60734486579895,-0.20941941440105438
4497,0.729009211063385,1.5452269315719604
7037,0.49027377367019653,1.532517910003662
7963,2.4701144695281982,0.04946065694093704
2961,1.1840170621871948,0.6539238691329956
5375,2.321570634841919,0.4877732992172241
8105,1.5278797149658203,0.6533052325248718
6244,0.5851515531539917,2.2449216842651367
3180,2.73587703704834,-0.2528577148914337
6337,3.2880005836486816,-0.25315558910369873
6903,2.1009066104888916,0.05008383095264435
6939,2.6122024059295654,0.04306025803089142
8294,3.392141580581665,-0.6051382422447205
2526,2.9066498279571533,-0.02227633073925972
3548,3.135530710220337,-0.2069413959980011
6389,0.7837189435958862,2.0535168647766113
7819,3.292590379714966,-0.12652528285980225
1761,1.5979506969451904,0.8229870200157166
3391,1.8610451221466064,0.35078132152557373
4783,1.0503731966018677,1.8339444398880005
4928,1.4894239902496338,0.6343442797660828
5242,1.2890127897262573,0.9159484505653381
7276,1.7530919313430786,0.6762149930000305
7382,2.288778781890869,0.33035939931869507
8454,2.541553497314453,0.44419223070144653
3307,1.330322504043579,1.0897352695465088
4586,2.68475079536438,-0.08790381252765656
5534,1.9626843929290771,0.7684566378593445
6025,0.6030037999153137,1.9670673608779907
6159,1.9638605117797852,0.8709717988967896
2660,1.0711627006530762,1.4031307697296143
5144,1.3237473964691162,1.2849013805389404
2262,2.5759775638580322,-0.16579055786132812
2463,2.492025375366211,0.49906277656555176
3906,2.0749480724334717,1.119640827178955
5453,-0.23515407741069794,2.7373697757720947
6744,2.5672996044158936,-0.21891777217388153
2065,0.4138985276222229,2.2999613285064697
2275,1.8291237354278564,0.8125768303871155
4423,3.063530445098877,-0.4606779217720032
4959,1.797739863395691,0.13783635199069977
7384,1.896064043045044,1.176842212677002
1803,0.8559418320655823,1.4356001615524292
1830,2.1939773559570312,-0.2943950295448303
3763,2.372344970703125,-0.12871643900871277
5969,0.2939910292625427,2.1317222118377686
6560,3.8852627277374268,-0.8507159352302551
8336,3.1526801586151123,0.04584982246160507
2440,2.272174596786499,0.1181277334690094
4185,1.8204782009124756,1.0395166873931885
4970,2.6844723224639893,-0.03951925411820412
6502,3.4404919147491455,-0.8675763607025146
8231,1.0166064500808716,1.0072124004364014
4673,1.4742305278778076,1.3725436925888062
1674,1.3265061378479004,0.7635429501533508
2899,1.1822173595428467,1.2218878269195557
3910,3.4839017391204834,-0.6829262375831604
4317,-0.7144152522087097,3.097590208053589
5767,2.2855184078216553,0.38126707077026367
7521,-0.42380449175834656,3.632880210876465
5478,0.19238467514514923,2.449761152267456
6953,1.4360179901123047,1.103666067123413
7254,2.2999684810638428,0.1654524952173233
7262,2.617964506149292,-0.1604488641023636
6618,1.4398210048675537,1.5467677116394043
1807,2.7385616302490234,0.24962401390075684
6747,0.32456809282302856,2.660562753677368
7253,0.8416905999183655,1.5059471130371094
7742,2.6824498176574707,-0.16628722846508026
3086,3.153576135635376,-0.35326218605041504
5525,1.2012114524841309,1.7250125408172607
6453,3.569443941116333,-0.17540858685970306
1575,1.1524182558059692,0.6313372850418091
2010,3.2462613582611084,-0.683806836605072
2733,3.319801092147827,-0.4910820722579956
3471,-0.00566848274320364,2.4427406787872314
4997,1.6132313013076782,0.5551096200942993
6018,-0.3902767300605774,2.9284489154815674
8373,0.28528305888175964,1.9754060506820679
4683,0.9595227241516113,1.6303857564926147
6309,1.8540138006210327,0.7504565119743347
6522,1.0876507759094238,1.5084812641143799
7716,1.6262404918670654,0.6295425295829773
1881,2.4341862201690674,-0.5496827960014343
2903,3.333017587661743,-0.6125379204750061
6856,2.9951984882354736,-0.26900714635849
2081,2.102449655532837,0.4537865221500397
3010,2.5766918659210205,0.36387526988983154
5265,0.5100172162055969,2.100597381591797
5395,0.028742201626300812,2.672009229660034
7631,2.261678457260132,-0.2276654690504074
2096,1.603926420211792,0.8210496306419373
2127,2.7904512882232666,-0.4320586025714874
2306,2.693897008895874,-0.597922146320343
5506,0.1302349865436554,2.2609059810638428
6260,2.0769026279449463,0.6417028307914734
6412,1.1324470043182373,1.0591273307800293
7644,0.30241140723228455,2.5289528369903564
8412,1.5334742069244385,0.8796253800392151
2300,1.056618094444275,2.2472498416900635
2529,0.24055974185466766,1.5948171615600586
4572,2.8856499195098877,0.12675003707408905
4855,1.074171543121338,1.6838912963867188
5434,1.9431718587875366,1.0689241886138916
1563,0.8763704895973206,1.6443400382995605
1747,1.5918060541152954,0.7922731041908264
2409,0.7225726246833801,1.556169867515564
3056,1.9900104999542236,0.9130620360374451
3538,3.3049004077911377,-0.06389325857162476
3622,2.7221152782440186,0.27191439270973206
3970,2.690492868423462,0.17930008471012115
4133,0.8421121835708618,1.960647702217102
8483,1.3410354852676392,0.5990329384803772
6369,2.978165864944458,-0.4814467430114746
6997,1.6610500812530518,0.8917093873023987
7700,1.319220781326294,1.0529239177703857
8060,1.1102018356323242,1.2272417545318604
8518,3.6924915313720703,-0.16293375194072723
2418,1.3283653259277344,1.1033854484558105
2921,-0.22645699977874756,2.885040521621704
8500,1.3749903440475464,1.3582568168640137
2569,2.585279703140259,0.431688517332077
2803,0.8599912524223328,1.955637812614441
3575,1.6080985069274902,0.9190199971199036
4353,1.5645027160644531,0.21387973427772522
6758,2.437502145767212,0.7491536736488342
2256,2.8368990421295166,-0.3483636975288391
2399,2.030904769897461,0.822722852230072
3050,2.5178496837615967,0.7076913714408875
3462,1.8822438716888428,0.26767897605895996
3658,1.2701756954193115,1.6893832683563232
4276,1.2151319980621338,1.0748403072357178
7209,3.275728464126587,-0.3743225634098053
7389,2.5517663955688477,0.5407999157905579
3209,2.2561755180358887,-0.23620949685573578
3460,3.0164637565612793,-0.24558965861797333
7529,3.1081879138946533,-0.3150634169578552
8456,3.6300556659698486,-1.099714756011963
2227,1.6255110502243042,0.7267643809318542
2703,2.4304282665252686,-0.21790482103824615
2881,1.043756365776062,1.6735401153564453
3624,2.1568338871002197,0.4263935983181
4780,1.9369537830352783,0.6607096791267395
7713,1.6174445152282715,0.9056075215339661
8071,-0.32747626304626465,2.9281325340270996
1755,2.8004355430603027,-1.1508264541625977
2705,1.2985788583755493,1.3989884853363037
2870,2.509904384613037,-0.18929018080234528
3732,1.5599442720413208,0.01704404503107071
4029,1.8748009204864502,0.4602782428264618
4361,2.5444066524505615,0.8628798127174377
7975,1.0131218433380127,1.9834707975387573
1873,-0.09948588907718658,3.118100166320801
3517,2.1252100467681885,0.12880487740039825
4209,2.546736717224121,0.32235920429229736
4638,0.6738548874855042,1.794093132019043
6922,1.4429996013641357,1.4669182300567627
7978,3.134814739227295,-0.06256488710641861
2164,1.9992268085479736,0.6799933910369873
5431,0.6869712471961975,1.9831351041793823
7013,1.0340960025787354,1.331437349319458
1890,2.031702756881714,0.4554280936717987
2368,1.6725084781646729,0.8782963752746582
2524,2.1335155963897705,0.38663777709007263
6208,3.2270405292510986,-1.0796878337860107
8233,2.0037660598754883,0.6905017495155334
5412,0.2170042097568512,2.3706252574920654
6477,2.1936018466949463,0.9992929100990295
8274,1.7175288200378418,0.5053725242614746
1822,1.070733904838562,1.0983624458312988
3951,0.2786704897880554,2.5823304653167725
4020,2.7486965656280518,-0.42854663729667664
5220,2.2537810802459717,0.4144408702850342
6663,2.7600581645965576,-0.6245173811912537
7355,1.2176560163497925,1.132117748260498
7656,0.3752441108226776,1.9042950868606567
1545,1.4396523237228394,1.0668272972106934
1665,0.03405648469924927,2.052326202392578
2766,1.7852187156677246,0.44560977816581726
3093,0.8328555226325989,1.8914672136306763
3576,0.5264677405357361,1.2772854566574097
5875,3.307908058166504,-0.31167441606521606
6439,0.9212383031845093,1.8893349170684814
6816,0.8023671507835388,1.3494799137115479
7592,2.307589292526245,0.280161589384079
3629,2.773740530014038,-0.5464907884597778
5257,1.4270024299621582,0.9998235106468201
6479,2.812587022781372,-0.6583294868469238
7219,2.2329354286193848,0.08932701498270035
7532,-0.24279697239398956,2.694890022277832
2341,1.6779286861419678,0.4295005202293396
4406,0.5597681999206543,1.2021842002868652
4420,0.6678734421730042,1.7059783935546875
7142,0.6707627177238464,2.2987515926361084
8034,0.5182086825370789,2.16825270652771
5091,0.34101176261901855,1.8664849996566772
7261,1.653857946395874,0.47697022557258606
7884,-0.1263715922832489,2.694371461868286
2261,2.361398458480835,0.2037353813648224
2998,2.134690046310425,0.6953368782997131
5361,0.09529053419828415,2.363863706588745
5883,1.1775151491165161,1.9130473136901855
6083,2.469592571258545,-0.11470441520214081
6483,3.3671681880950928,-0.960810661315918
7470,1.3395953178405762,1.0299584865570068
3532,1.7054340839385986,0.5264416337013245
3991,3.789081335067749,-0.9768205285072327
5449,1.4199789762496948,0.010523439384996891
6235,0.4394102096557617,1.6375601291656494
6507,1.1607434749603271,1.3108317852020264
6934,2.060377359390259,0.5917102694511414
7733,0.6413138508796692,1.921265721321106
3436,0.061388351023197174,2.152665376663208
1845,1.1889588832855225,1.4623279571533203
1859,0.5499220490455627,2.045722246170044
2471,1.4701606035232544,0.99343341588974
4023,2.2743022441864014,0.30153602361679077
4282,3.220292806625366,-0.260079562664032
6022,0.21299920976161957,2.2509446144104004
7915,2.662738800048828,-0.35363733768463135
8350,2.6856749057769775,-0.44091111421585083
2192,1.405332326889038,1.2163653373718262
2580,1.8300299644470215,0.24867355823516846
4422,0.6513729691505432,1.6524806022644043
6388,1.0807380676269531,1.9394078254699707
7870,0.04434066265821457,2.392137289047241
2193,0.6496865749359131,1.3631830215454102
4534,1.766127347946167,1.347937822341919
5929,0.8702123761177063,1.4527866840362549
7016,2.3820085525512695,0.08261805027723312
2806,1.008649468421936,1.8454444408416748
6057,1.0437679290771484,1.6385999917984009
7077,1.7811119556427002,1.7811119556427002
7444,2.9399755001068115,-0.13748560845851898
8525,2.019028425216675,0.41006243228912354
2983,1.7223894596099854,0.5530798435211182
4595,0.5119947791099548,1.711747407913208
7203,2.3102118968963623,-0.3022425174713135
2844,3.0885703563690186,-0.6250836849212646
3118,2.193864107131958,0.31146514415740967
3868,1.3632560968399048,0.5893073081970215
4163,1.9650745391845703,0.6949805617332458
2093,1.466884970664978,0.7893989682197571
3122,1.3867309093475342,1.444114327430725
4083,1.9274152517318726,0.705682635307312
4176,1.2592298984527588,1.0494970083236694
6317,2.1132380962371826,0.8325930237770081
6524,0.6392166018486023,0.7187352776527405
5897,0.5734303593635559,1.7438507080078125
6355,-0.9579418897628784,3.5039992332458496
6537,0.686298668384552,2.100600004196167
8292,0.10578662902116776,2.4639437198638916
2612,3.1924376487731934,-0.42594707012176514
3655,2.0493252277374268,0.639988124370575
5351,2.517652988433838,-0.44607874751091003
7958,0.026017695665359497,1.5517618656158447
8093,2.2346761226654053,0.4808098077774048
5277,2.207627773284912,0.3678956925868988
2518,1.491044521331787,1.5143940448760986
5046,1.9536489248275757,-0.020843759179115295
6411,3.535781145095825,-0.40370580554008484
7153,1.2719357013702393,1.2304761409759521
8184,1.4571672677993774,1.354069709777832
1614,2.3670694828033447,-0.38804998993873596
7251,1.1910048723220825,0.9369974732398987
7370,1.7334264516830444,0.640244722366333
7776,1.5928043127059937,0.8946356177330017
2086,-0.002752876840531826,2.1372387409210205
7917,1.5756356716156006,1.1508715152740479
1796,1.1646661758422852,0.6795077919960022
3184,3.164513111114502,-0.27822166681289673
4312,1.000844955444336,1.3988364934921265
5324,0.8069246411323547,1.781328797340393
5981,0.9891343116760254,1.5539591312408447
6089,1.9449462890625,0.6504178643226624
7344,-0.3786410391330719,1.892317295074463
1912,2.7371370792388916,0.09187815338373184
1985,1.7459408044815063,0.4891776442527771
2126,0.3066219687461853,2.1709697246551514
2544,2.1892950534820557,-0.3773724138736725
4393,2.8208601474761963,0.5447055101394653
6798,1.0119998455047607,1.4111138582229614
6825,-0.11449222266674042,2.9231927394866943
7505,1.1422185897827148,1.1398561000823975
8020,1.18867027759552,1.7394700050354004
6108,1.5238374471664429,0.48205727338790894
4996,0.30108723044395447,2.250493288040161
7145,1.1694462299346924,1.4525468349456787
1531,0.5525917410850525,2.0410940647125244
1670,1.0677284002304077,1.7106146812438965
1763,3.6640336513519287,-1.0162080526351929
1861,1.6121946573257446,0.48151278495788574
2682,1.7326209545135498,0.5758185386657715
3522,1.527632474899292,0.9179072976112366
4034,2.949310541152954,0.02265184372663498
4294,1.6226110458374023,1.0249146223068237
4573,3.3309426307678223,-0.504422128200531
5219,1.3722074031829834,1.4369127750396729
6670,1.7904610633850098,0.9958617091178894
7557,1.5461435317993164,1.129107117652893
3117,0.40120893716812134,2.170790433883667
2337,2.6738171577453613,-0.16000843048095703
4452,2.9258744716644287,0.10503945499658585
4925,1.3654899597167969,1.5227482318878174
2778,1.2691280841827393,1.6696205139160156
3078,1.2756233215332031,0.8817709684371948
6303,-0.33634698390960693,2.522174835205078
7420,0.9540494084358215,1.3013811111450195
3792,2.2378616333007812,0.6804749369621277
4340,0.9302113652229309,1.2416869401931763
5709,3.2784926891326904,-0.8074530959129333
7643,2.24725604057312,-0.10618884116411209
7747,1.8071156740188599,0.7101852297782898
2606,2.466160535812378,0.11319974809885025
2775,1.790870189666748,0.9403738379478455
4293,2.2591326236724854,0.37154635787010193
6861,3.2410590648651123,-0.31374070048332214
8094,-1.0919395685195923,3.2566888332366943
1955,-0.28322547674179077,3.0867819786071777
7615,1.6633599996566772,0.9404798150062561
7758,0.10155434161424637,2.580209493637085
2430,2.357206106185913,0.5842908024787903
3219,1.1092231273651123,1.7284035682678223
4380,1.680762529373169,1.0410165786743164
5245,0.8815575242042542,1.8258309364318848
3971,1.1438037157058716,1.4169756174087524
5577,1.8135247230529785,0.7441769242286682
7237,2.3355908393859863,0.7024896740913391
3588,2.156461000442505,0.2664114236831665
6151,3.0672554969787598,-0.07573457062244415
6692,0.4807208776473999,1.7776048183441162
6959,3.0349647998809814,0.022450529038906097
7055,-0.6219687461853027,3.3793201446533203
8215,1.605078935623169,0.46532219648361206
6775,1.838714599609375,0.48849987983703613
1715,0.05625205487012863,2.1712088584899902
2486,0.7581874132156372,1.878967523574829
4358,3.750166893005371,-0.7158613801002502
5684,2.156461477279663,0.12662307918071747
5787,2.6770665645599365,-0.06789999455213547
6016,3.5538535118103027,-0.5252612233161926
6044,1.364607572555542,1.6430070400238037
2810,0.827589213848114,1.7614400386810303
2288,2.9566128253936768,-1.0320954322814941
6110,1.1167874336242676,1.8007421493530273
2761,2.1877317428588867,0.8802602291107178
4164,2.8776352405548096,0.18526174128055573
8307,3.314911127090454,0.09497793763875961
2553,0.36637139320373535,1.9729969501495361
3324,0.4298838973045349,2.240666389465332
3430,0.9769364595413208,1.1510694026947021
4286,3.572300672531128,-0.6637928485870361
4325,2.464083671569824,0.25965988636016846
4527,3.069859743118286,-0.03340493142604828
5183,3.088313579559326,-0.2837962210178375
5502,2.709139108657837,0.01833287999033928
6302,1.0379122495651245,1.6378958225250244
6976,1.3792604207992554,1.0824275016784668
7101,3.131166934967041,-0.48249948024749756
7566,2.94732928276062,-0.31848812103271484
2282,0.6985010504722595,1.7164249420166016
2623,1.8070130348205566,0.5723870396614075
3260,2.5221683979034424,0.23085273802280426
3287,-0.2686280608177185,3.298288106918335
3333,2.7010369300842285,-0.11059709638357162
3439,2.181302547454834,-0.031891919672489166
3807,2.5799214839935303,-0.025326766073703766
4660,1.9514191150665283,0.7482531666755676
7287,1.3948183059692383,1.0061187744140625
8519,0.0015810327604413033,2.5006706714630127
3905,0.6044347882270813,1.8505147695541382
4178,1.2968249320983887,1.4657748937606812
5319,2.410642385482788,-0.1037592887878418
3574,1.3127959966659546,0.578818142414093
5426,0.6478675603866577,1.942368745803833
5756,2.1568291187286377,0.2831132411956787
6857,1.586167335510254,0.48794978857040405
6958,2.065565347671509,0.4348132908344269
4571,1.929167628288269,0.052370019257068634
5583,1.2438137531280518,1.4608709812164307
6702,3.402174234390259,-0.41500502824783325
8356,3.552537202835083,-0.674226701259613
2203,0.300106406211853,2.4141130447387695
5360,2.5486526489257812,-0.2724592089653015
6872,2.0883796215057373,0.8272707462310791
7471,0.34035980701446533,2.28708553314209
3388,0.8992761969566345,1.4383341073989868
7078,0.9801322817802429,1.8315385580062866
7407,2.267171859741211,0.19047346711158752
3015,2.200747489929199,0.4695233404636383
3881,1.8145108222961426,0.6590067148208618
6713,1.6220800876617432,0.8199517130851746
6735,3.2304365634918213,-0.4152526259422302
7214,0.8499889373779297,1.7898173332214355
2092,0.8501833081245422,1.1395633220672607
2315,1.3897783756256104,0.9283844828605652
6255,1.495103120803833,1.0744576454162598
6952,2.3566040992736816,-0.005692805163562298
7331,2.4106333255767822,-0.44190549850463867
3291,1.9928134679794312,0.3718492388725281
7585,1.7491897344589233,1.1378729343414307
8046,2.807781934738159,0.09761010855436325
6180,2.143329381942749,0.11760778725147247
7010,0.5034555792808533,2.52336049079895
7226,2.0386950969696045,0.7489214539527893
4161,2.684002637863159,0.014621877111494541
4208,1.757464051246643,0.20168744027614594
6403,0.20047833025455475,2.0774385929107666
3891,0.734926164150238,2.015394926071167
4333,0.6246818900108337,1.3442904949188232
2688,0.9118791222572327,1.9799814224243164
4258,2.0170252323150635,0.3652234375476837
8538,4.2151665687561035,-1.0134645700454712
3262,1.3623480796813965,1.0365774631500244
3495,2.748955488204956,-0.03321240097284317
5377,2.37622332572937,0.456277072429657
6091,1.6996313333511353,1.0540655851364136
3510,2.7411997318267822,0.6020867228507996
5333,1.6455960273742676,0.5310022234916687
6263,1.4118069410324097,1.7626962661743164
1719,1.8294938802719116,-0.04485417902469635
2263,3.0775792598724365,-0.7974472641944885
7002,1.4984426498413086,1.0079900026321411
8099,1.4956812858581543,0.7939652800559998
2299,2.535452365875244,-0.32027095556259155
2829,3.0554234981536865,-0.5438619256019592
2976,0.47696346044540405,2.159801483154297
3459,1.6237281560897827,1.003829836845398
3986,3.0593221187591553,0.28159528970718384
4596,2.565596342086792,0.1529175490140915
5900,0.7222480773925781,2.0789263248443604
7834,2.1161367893218994,-0.09582183510065079
2201,1.4546136856079102,1.3299124240875244
3424,0.5345764756202698,1.3854403495788574
4539,2.2533438205718994,0.5918965935707092
5264,2.841963052749634,-0.24014201760292053
6405,3.0178277492523193,-0.4264662563800812
7608,1.8056049346923828,0.3198665380477905
2345,2.5192196369171143,-0.11318235844373703
5390,0.8515449166297913,2.0447309017181396
5910,2.244121789932251,0.30620235204696655
6555,2.0028505325317383,0.6733016967773438
7303,-0.7161768078804016,2.949791669845581
3770,1.037431240081787,1.5428543090820312
4642,0.9452776312828064,1.2576229572296143
5237,2.193366527557373,0.4248737692832947
6274,-0.6890608668327332,3.654541254043579
7204,0.565869152545929,1.665745735168457
7657,0.13664570450782776,2.125378131866455
8385,0.8862895369529724,1.770885944366455
3014,3.1395068168640137,0.008383178152143955
3380,0.13411562144756317,2.1027188301086426
4341,0.46878916025161743,2.14570689201355
4485,-0.0813385546207428,1.7099921703338623
6400,2.8522450923919678,0.22846965491771698
3475,2.9347922801971436,-0.45966243743896484
6637,1.6935417652130127,0.6622974276542664
7445,1.3217766284942627,0.5879728198051453
2122,3.2785744667053223,-0.6710321307182312
4459,1.7498528957366943,0.3894006013870239
6004,1.079317331314087,1.5622563362121582
1547,1.4058101177215576,1.0833290815353394
2898,1.1374152898788452,1.015228033065796
3212,1.7874252796173096,1.3861680030822754
5867,0.8050758242607117,1.2932261228561401
3772,2.768671751022339,0.24783186614513397
4709,1.3640787601470947,1.2069425582885742
6164,1.4546525478363037,1.6054133176803589
6823,-0.0020266463980078697,2.6499507427215576
2928,0.2320932298898697,2.630601167678833
3567,0.1477511078119278,2.724555015563965
4281,2.078397512435913,0.8861231207847595
2605,0.8990455865859985,1.3548264503479004
2664,0.6756321787834167,1.5254004001617432
3097,2.8557188510894775,-0.5598212480545044
6098,1.8004393577575684,0.6619656682014465
2813,0.8312883377075195,2.057159662246704
4084,2.590718984603882,0.2896699011325836
4417,2.7551681995391846,-0.33537912368774414
2304,2.4603805541992188,0.2821153700351715
2979,1.6636416912078857,0.9923123121261597
3741,2.3501291275024414,0.7116480469703674
4792,1.7947041988372803,1.1719963550567627
8540,1.9338082075119019,0.6998719573020935
4387,0.8222944736480713,1.3744876384735107
6491,1.1057205200195312,1.8462491035461426
3798,0.5614165663719177,1.8974422216415405
4088,0.9149845242500305,1.8611036539077759
6550,0.588994562625885,1.282986044883728
6684,2.7934932708740234,0.14415647089481354
7411,-0.02057720720767975,2.4861268997192383
7711,2.070200204849243,0.45260047912597656
2295,1.9126614332199097,1.078734040260315
2864,0.7781916260719299,2.1156883239746094
6937,1.8230572938919067,0.7978001236915588
7664,-0.4879082143306732,2.822978973388672
7797,1.1204396486282349,1.4104878902435303
1823,4.030135154724121,-1.0250036716461182
2205,0.3848952651023865,1.6683557033538818
2648,2.2325189113616943,0.19617332518100739
3477,1.9698251485824585,0.1581295281648636
5443,0.6046413779258728,1.654660701751709
6173,1.7774709463119507,0.6123852133750916
2085,2.386803388595581,0.3101196885108948
5691,3.9517767429351807,-1.1070590019226074
7706,2.200571298599243,0.23223671317100525
8219,3.834078073501587,-1.0466487407684326
2297,0.13058631122112274,2.1021969318389893
5806,1.713415503501892,0.8491043448448181
1900,2.4143447875976562,-0.2377307265996933
3264,1.0704469680786133,1.1033746004104614
5019,2.639132499694824,0.2856979966163635
6295,2.1614115238189697,0.5767596364021301
7068,2.4431185722351074,-0.044188760221004486
8023,1.1646959781646729,1.615421175956726
5289,0.3267042636871338,1.9859874248504639
5996,1.8123371601104736,0.7979616522789001
6313,2.5679900646209717,-0.3886466920375824
6515,-0.2937852144241333,2.323925256729126
7284,1.9638988971710205,0.8114659190177917
7580,3.1827383041381836,-0.4653169512748718
7651,2.3433408737182617,-0.009102105163037777
8075,-0.11094460636377335,1.726001501083374
4336,4.153698444366455,-0.7913228273391724
4488,1.3702454566955566,0.905708909034729
4550,1.7085027694702148,0.7933711409568787
4749,0.8134913444519043,1.3373003005981445
5696,2.178830862045288,0.2836812734603882
5958,0.6160842776298523,2.3715105056762695
3413,2.8874385356903076,0.013378449715673923
3499,1.87720787525177,0.4931941032409668
3781,2.7908823490142822,-0.363116979598999
4698,3.632643461227417,-0.5842998623847961
5254,1.8771238327026367,0.9848107099533081
5850,0.21293194591999054,2.7008719444274902
4288,1.51050865650177,1.0648008584976196
6087,1.104520559310913,0.5369063019752502
7680,2.105743169784546,0.5653571486473083
8084,2.5993220806121826,0.055016353726387024
8165,2.051110029220581,0.27165353298187256
5359,1.982300043106079,0.07251965254545212
5778,1.4134373664855957,0.7326895594596863
6527,0.9400376677513123,1.2953639030456543
7610,1.4483602046966553,1.0954039096832275
1837,0.31097593903541565,2.1611812114715576
1883,0.4878085255622864,2.281097173690796
2018,1.4024713039398193,0.8149870038032532
4399,2.201996088027954,0.31528139114379883
4922,1.4072747230529785,1.4505085945129395
6714,0.3964236378669739,2.0030291080474854
5966,2.422062635421753,-0.01340207364410162
6711,3.119123697280884,-0.24051614105701447
3318,2.677572727203369,-0.3031007945537567
4329,3.0034306049346924,0.3017248809337616
5927,2.0849435329437256,0.42137348651885986
6683,0.9055118560791016,1.0419601202011108
6776,2.021484613418579,0.10874371975660324
6839,0.4409385919570923,1.7071235179901123
3496,-0.012463263235986233,2.665529489517212
6000,0.0052418941631913185,2.4647743701934814
7260,2.1562283039093018,0.45830023288726807
7541,3.646594762802124,-0.40300238132476807
7855,2.330263376235962,-0.2382345348596573
2452,1.4745635986328125,1.3249989748001099
2693,2.840869426727295,-0.20923209190368652
3334,2.16213059425354,0.2698851525783539
8527,2.1750190258026123,0.32546570897102356
3815,2.1702020168304443,0.46239063143730164
7879,-0.15315520763397217,2.774918556213379
3427,0.6798142790794373,1.7265024185180664
5016,2.350834608078003,0.21928438544273376
6769,2.310997486114502,0.4772084355354309
7660,0.021315164864063263,2.7572715282440186
2467,0.7087549567222595,2.1408331394195557
7356,1.7430390119552612,0.7497838139533997
1838,1.338468074798584,1.3070465326309204
4407,2.5449864864349365,0.3238140642642975
7122,1.8745192289352417,0.6425768136978149
7740,1.8931888341903687,0.7932194471359253
4168,1.6711136102676392,1.3493247032165527
5194,2.422391653060913,-0.14715369045734406
7754,-0.07887955754995346,2.329728126525879
1692,1.664818286895752,0.48200932145118713
5746,0.45430028438568115,2.801539182662964
2358,1.1448091268539429,1.3309829235076904
2593,2.8384454250335693,-0.4409753680229187
3353,2.6270806789398193,-0.3004372715950012
3511,0.7289362549781799,1.9537162780761719
2223,2.1836163997650146,0.6229378581047058
4237,2.542043924331665,0.8501712679862976
5146,1.1389038562774658,1.1398124694824219
8191,1.1629524230957031,1.0452947616577148
8211,1.674765706062317,1.021867275238037
8278,1.672114610671997,0.9930970072746277
1712,0.669207751750946,1.6036834716796875
2234,0.8040781617164612,1.9676203727722168
3121,3.5279595851898193,-0.7592436671257019
7729,1.771026372909546,1.1936498880386353
7934,0.4295412302017212,1.906702995300293
8392,3.0772721767425537,-0.3186521530151367
1904,1.676563024520874,1.0074059963226318
3129,-0.008375636301934719,2.398998498916626
3623,0.24617183208465576,2.9723007678985596
3974,1.8403432369232178,0.6373130679130554
8539,1.9319154024124146,1.0923796892166138
2190,1.720203161239624,1.1120634078979492
4475,1.1903631687164307,1.257515788078308
4058,1.8573939800262451,0.4993997812271118
4610,4.285126209259033,-0.8929958343505859
1616,1.63755464553833,0.8182026743888855
2008,0.7080494165420532,2.0485286712646484
5004,1.4288573265075684,0.8473033905029297
5564,1.3708446025848389,1.29743230342865
6361,1.7144007682800293,1.25499427318573
6580,2.0690481662750244,0.11114368587732315
7021,2.3881916999816895,0.09650576114654541
8293,3.0844058990478516,0.007334901951253414
2104,3.1731984615325928,-0.48656022548675537
4509,0.8899624943733215,2.0117807388305664
5349,-0.30108535289764404,2.714296579360962
2058,4.066509246826172,-0.9030258059501648
2077,2.620086431503296,-0.12954659759998322
2621,2.3536808490753174,-0.39357176423072815
5213,3.6722891330718994,-0.8498749136924744
5705,1.2976948022842407,1.62213134765625
7525,1.5410667657852173,0.4913669526576996
7688,3.144230604171753,-0.6363682150840759
8494,-0.6650325655937195,3.7987077236175537
1911,2.0914864540100098,0.40248817205429077
3421,0.8983979821205139,1.6818691492080688
4022,2.532660722732544,-0.10306817293167114
4495,1.682006597518921,0.6396573781967163
5528,0.7276996970176697,1.585658311843872
7562,0.7837228178977966,1.204067349433899
3360,2.175945281982422,0.5839696526527405
3549,1.437853217124939,1.1245741844177246
4808,0.9009895920753479,1.7631438970565796
6012,1.8780419826507568,0.9731742739677429
6395,3.6486096382141113,-1.2383004426956177
2252,2.6714608669281006,-0.27113595604896545
7821,0.509277880191803,1.8842792510986328
3046,1.3196043968200684,0.6099823117256165
3607,-0.24122196435928345,2.8168132305145264
5060,1.8496203422546387,0.703577995300293
6731,2.3021256923675537,0.59555584192276
2312,0.20897388458251953,2.8332412242889404
3363,1.5911712646484375,1.2790799140930176
3769,1.3764901161193848,1.2987048625946045
4074,0.8712599873542786,1.3312475681304932
5421,1.546802282333374,1.412458062171936
5519,1.1337215900421143,1.7933467626571655
5980,3.5278432369232178,-0.2714090943336487
6906,1.5203149318695068,0.9125001430511475
7126,2.3446545600891113,-0.17876267433166504
8326,0.1839379370212555,2.0873732566833496
1826,1.922595739364624,0.690678596496582
3303,0.4167202115058899,1.8431487083435059
3350,0.8268062472343445,1.6477681398391724
4139,1.9165456295013428,1.007232427597046
4851,2.0035247802734375,0.5872512459754944
7134,0.1851692646741867,2.1983606815338135
2433,0.6914893984794617,1.5240322351455688
2946,2.813507318496704,0.5689266324043274
3392,2.24634051322937,0.4030016362667084
3519,1.2322946786880493,1.2507128715515137
4627,1.8303239345550537,1.1429932117462158
5862,0.9271603226661682,1.0809035301208496
7216,2.5727949142456055,-0.02677997201681137
2929,2.8004860877990723,0.5006107091903687
5552,1.75977623462677,0.508746325969696
6250,0.09279370307922363,2.7403452396392822
7791,0.8544371724128723,1.282029151916504
7947,1.8127824068069458,0.9519999027252197
4301,1.8562196493148804,0.38828402757644653
6935,0.03865939378738403,2.769760847091675
7890,-0.4572545886039734,2.7392828464508057
2140,3.252403974533081,-1.0251588821411133
3615,1.54765784740448,1.024428367614746
7402,0.20204637944698334,2.5314741134643555
3222,1.8879904747009277,0.29852306842803955
3258,1.7092071771621704,0.7662851810455322
4862,1.361072301864624,1.342414140701294
7238,2.4353411197662354,-0.11276092380285263
7508,2.036224126815796,0.7952437400817871
8450,-0.04848157614469528,2.625492811203003
8465,2.7275798320770264,-0.18000103533267975
4277,3.4680535793304443,-0.10700244456529617
5316,1.1368725299835205,1.8859362602233887
7221,1.16506028175354,1.7549341917037964
7353,1.5734076499938965,0.34123894572257996
8070,0.9773092865943909,1.1913270950317383
1526,0.5817800164222717,1.813145399093628
2012,2.4697842597961426,0.5283346176147461
3080,1.9679434299468994,0.539953887462616
4234,0.8125210404396057,1.7183661460876465
4500,0.090424545109272,2.602951765060425
5732,0.8165575861930847,1.874685525894165
6878,3.5351269245147705,-0.353918194770813
8261,1.60737943649292,0.5133243799209595
2078,0.7406632304191589,1.8209600448608398
3314,2.272829294204712,0.7115123867988586
5987,0.5523185729980469,2.3082435131073
7831,2.467913866043091,-0.1800331473350525
3038,2.2526895999908447,-0.02096429467201233
3326,3.7631804943084717,-0.8827765583992004
5779,-0.0029163574799895287,2.3128747940063477
7735,2.1234424114227295,0.5640832781791687
8467,-0.004921010695397854,2.878131151199341
3311,2.2808871269226074,0.6972623467445374
3508,3.43860125541687,-0.8120213150978088
3533,2.098412275314331,0.3810425400733948
4002,0.20278383791446686,2.3283350467681885
6602,1.559720754623413,1.1954431533813477
7460,2.8420417308807373,-0.21503514051437378
1651,0.27576345205307007,2.1717050075531006
4028,2.5048043727874756,0.04769081622362137
8529,2.522901773452759,0.2703869044780731
1867,2.2369163036346436,0.5971351861953735
3198,2.090930700302124,0.3286415934562683
3361,2.1334035396575928,0.23670409619808197
3833,2.2213687896728516,0.44831979274749756
5299,2.572345495223999,0.6268336176872253
5943,2.5691921710968018,-0.0790700614452362
6296,0.4578793942928314,1.6412006616592407
7011,1.2296124696731567,1.3850808143615723
7634,1.5097532272338867,0.594681441783905
2314,3.3545162677764893,-0.5370546579360962
2931,3.137432336807251,-0.8426493406295776
4496,1.0928438901901245,1.5556871891021729
5192,0.3619711399078369,1.3260860443115234
6386,3.217540979385376,-0.06114151328802109
6571,4.279016971588135,-1.1436048746109009
6941,1.7300708293914795,1.2132880687713623
7066,0.47267329692840576,2.1307146549224854
5207,3.008392095565796,-0.3055024743080139
6069,-0.5886548161506653,3.4173672199249268
7243,1.373450756072998,1.1601176261901855
7403,2.0295515060424805,0.3865118622779846
1941,2.27712345123291,0.0874934121966362
2713,0.8201774954795837,1.8747342824935913
3187,2.146754503250122,0.34897884726524353
5061,2.9460175037384033,-0.4699551463127136
5802,1.7285605669021606,0.8349583148956299
7369,1.6293658018112183,1.3787848949432373
3618,2.0543391704559326,0.6397339105606079
5860,0.33077073097229004,2.2963290214538574
7942,2.023991584777832,0.2106349915266037
4728,0.5999428033828735,1.989544153213501
7106,2.627199411392212,-0.17327438294887543
4143,3.051975965499878,-0.13138583302497864
4193,-0.9859176278114319,3.210304021835327
7325,1.4984698295593262,0.694710373878479
7721,1.998748540878296,0.352726012468338
2635,3.9296696186065674,-0.7357268929481506
3628,0.3012339472770691,2.308835029602051
5985,-0.014647814445197582,2.4121577739715576
7051,0.6692035794258118,1.794701337814331
7128,1.2572063207626343,1.3532030582427979
1877,1.2099440097808838,1.6350826025009155
2185,0.7031059265136719,1.7790167331695557
2959,1.3707518577575684,1.5057787895202637
3275,1.1009926795959473,1.8781267404556274
3352,3.442216634750366,-0.7337269186973572
6331,2.6370432376861572,0.09668485075235367
7969,0.66904217004776,1.1921164989471436
1564,1.3302397727966309,0.5553491115570068
2681,-0.009012020193040371,2.9958951473236084
2884,1.2460460662841797,1.5807044506072998
6201,2.646148443222046,0.1563182771205902
7916,0.5322185754776001,1.659029245376587
1548,-0.5707032680511475,3.1910037994384766
3051,1.4916468858718872,0.9312908053398132
5298,0.9195384383201599,1.3951715230941772
5832,1.0396809577941895,1.3771030902862549
6213,2.1182143688201904,0.48432719707489014
8370,0.6414734721183777,1.944298267364502
3143,2.1885135173797607,0.27068376541137695
8366,0.31223219633102417,1.7806446552276611
3376,2.7133007049560547,0.165708526968956
3786,0.6088697910308838,1.9255805015563965
3915,2.0889806747436523,0.0029206061735749245
4041,2.4905073642730713,-0.014557410962879658
8428,2.4391298294067383,0.3024623692035675
2630,0.2858733534812927,2.7786502838134766
3673,1.159140944480896,1.0240446329116821
4391,0.8792391419410706,1.49813711643219
4878,-0.31427061557769775,2.9718801975250244
6422,2.422327756881714,-0.2478279322385788
7392,0.09145880490541458,2.309522867202759
7437,1.1861732006072998,0.8028457760810852
8478,3.4602105617523193,-0.8099028468132019
1618,1.9362609386444092,0.7622390389442444
3186,2.9631428718566895,-0.4156256914138794
3482,3.197868824005127,-0.2929987609386444
4551,0.7787260413169861,1.5482723712921143
4641,0.9023382663726807,1.9585344791412354
6320,3.031262159347534,0.0741027444601059
6584,2.3994181156158447,0.8866440057754517
6799,3.7253830432891846,-0.7397512793540955
7235,2.337742567062378,0.6834215521812439
2667,0.7665162682533264,1.6982917785644531
6762,0.8574177622795105,1.637843370437622
8088,2.4761061668395996,-0.3165413737297058
4489,3.08854341506958,-0.5737513899803162
4838,0.5106377005577087,1.4191683530807495
1874,1.208655595779419,1.60263991355896
2395,1.867018699645996,1.0340938568115234
2598,0.40112167596817017,2.257786512374878
3033,1.47660231590271,0.7817448973655701
3169,1.1681206226348877,1.7631317377090454
4740,1.1629267930984497,1.0320137739181519
5669,1.0497081279754639,1.2051365375518799
5268,1.7790886163711548,0.4550934135913849
3877,0.16559158265590668,2.7139670848846436
3981,-0.18709741532802582,2.346698522567749
5069,0.612623393535614,1.471693754196167
5267,1.8552870750427246,0.7003291249275208
5745,2.3247663974761963,-0.04155922681093216
7555,2.1328134536743164,0.22653861343860626
7960,1.3098032474517822,0.9089364409446716
3125,3.090245008468628,-0.3479810655117035
4378,1.355339527130127,1.3706941604614258
6408,1.6142263412475586,0.5192996859550476
4169,2.1250014305114746,0.36674144864082336
6459,0.567217230796814,2.2064096927642822
8240,2.4571926593780518,0.11082344502210617
3668,0.8235034942626953,1.7949802875518799
6509,2.897873640060425,-0.6837753653526306
8241,0.9272799491882324,1.480656385421753
3079,1.2746416330337524,1.1280213594436646
4087,0.6931765675544739,2.3855390548706055
4367,1.5793888568878174,0.809441864490509
7648,2.4594826698303223,-0.1428460031747818
7962,1.3147348165512085,0.8811454176902771
2506,1.325019121170044,1.5390207767486572
2955,2.1089375019073486,0.6602784395217896
3614,1.552717924118042,0.7154436707496643
8079,2.2939465045928955,0.30127888917922974
8365,1.8862162828445435,0.9441872239112854
4600,1.0620713233947754,1.4827203750610352
5516,2.056211233139038,0.8305936455726624
3672,2.797001361846924,-0.36986565589904785
3967,1.2651287317276,1.3541874885559082
4245,0.8273740410804749,1.0312657356262207
6821,2.124494791030884,0.8199334740638733
7031,2.0152690410614014,0.3522909879684448
7613,1.481677532196045,0.5908494591712952
3270,1.6622428894042969,1.0142871141433716
3730,0.1507188230752945,1.8198039531707764
8403,2.1347148418426514,0.3836865723133087
5886,1.2720777988433838,0.9208894371986389
6719,2.255296468734741,0.686945915222168
6619,2.6684467792510986,0.4618041515350342
1582,2.1681249141693115,0.6511711478233337
3130,1.818075180053711,1.5835375785827637
6462,0.4340653121471405,2.366990804672241
7596,2.7188844680786133,-0.47110629081726074
8127,1.4198529720306396,1.3265690803527832
3528,1.9104385375976562,0.9757668972015381
5842,0.6464011073112488,1.685666799545288
3675,0.9687185883522034,1.7147307395935059
8019,2.354924201965332,0.5196861028671265
1699,3.7839279174804688,-1.3131356239318848
7004,0.29836341738700867,1.2966736555099487
7146,0.83897465467453,1.4750950336456299
8001,1.9610998630523682,0.4771425724029541
2849,0.6143057346343994,1.95452082157135
3419,0.12404719740152359,2.6931469440460205
6154,3.8143274784088135,-0.8261828422546387
7206,0.6898834705352783,2.0224459171295166
2324,3.2827446460723877,-0.9298990368843079
6648,2.095991611480713,0.04680855572223663
7533,0.6965065002441406,2.1160757541656494
7771,2.0708634853363037,0.2943454384803772
3274,1.6558353900909424,1.5163499116897583
5002,1.4741079807281494,0.44748079776763916
5679,3.019350051879883,-0.5469618439674377
6967,1.7811119556427002,1.7811119556427002
7553,1.815920114517212,0.05417025461792946
7781,1.1236907243728638,1.8467835187911987
1580,-0.5663151741027832,1.9659302234649658
2412,1.4893356561660767,2.140944242477417
4205,0.2559027373790741,2.1770691871643066
4408,1.4000118970870972,1.2755882740020752
7668,1.9211899042129517,0.8115652203559875
3662,1.4185656309127808,0.9178751111030579
4621,2.2447288036346436,0.5462689399719238
6552,2.501323938369751,0.7859370708465576
7584,0.2723984122276306,1.937821626663208
6468,2.393221378326416,-0.13428634405136108
8048,3.2720069885253906,-0.4839027225971222
3005,1.9947717189788818,0.5731455683708191
3432,0.4488835334777832,2.006716012954712
7079,3.207646608352661,-0.3426409363746643
7133,1.316483736038208,0.7588886618614197
7334,1.1994343996047974,1.0391225814819336
8371,2.8599190711975098,-0.14720289409160614
4339,1.4032001495361328,1.426000714302063
5747,3.0461628437042236,-0.38929593563079834
5990,2.127631187438965,0.7133172154426575
6319,2.5366623401641846,0.18075783550739288
8537,3.632413387298584,-0.701760470867157
4306,0.7178714871406555,1.8803497552871704
8271,0.8001752495765686,1.8541014194488525
4722,0.36770492792129517,1.3430731296539307
6517,2.0013575553894043,0.4287242889404297
6671,0.13686899840831757,2.2042129039764404
6701,0.4688218832015991,2.210195541381836
7446,0.5800060629844666,1.768843173980713
3706,1.1382218599319458,1.6195387840270996
4445,1.7503139972686768,1.02915358543396
7065,1.7984206676483154,0.325218141078949
8129,1.8153469562530518,0.5134981274604797
2845,2.781298875808716,-0.424871563911438
4047,1.287083387374878,0.986948549747467
6500,1.359273910522461,0.30002647638320923
6506,2.8193960189819336,0.3616860806941986
7177,2.298480272293091,0.7785378694534302
6135,2.1521120071411133,0.230099156498909
6621,1.4651579856872559,0.7742567658424377
7684,1.9447956085205078,0.7254884243011475
7993,-0.11869218200445175,2.4053568840026855
4300,1.0474835634231567,1.6313198804855347
5581,1.5613040924072266,0.8785804510116577
6969,1.7052303552627563,0.36095497012138367
8455,0.6517320275306702,2.0883352756500244
8547,1.4052729606628418,1.1159400939941406
2057,0.5686251521110535,1.7607314586639404
4998,1.2299002408981323,1.5598841905593872
6628,3.3557982444763184,-0.6031152606010437
8287,2.501366376876831,0.3849073052406311
4008,1.2535758018493652,0.5260441899299622
7052,0.43320006132125854,2.382286310195923
7377,1.3366544246673584,0.5926602482795715
7487,1.5673316717147827,1.0136864185333252
7558,0.5842293500900269,1.2727844715118408
4177,2.928715467453003,-0.20903977751731873
8243,2.3182244300842285,0.2707085907459259
1964,3.240673065185547,-0.4927571415901184
2151,1.4630341529846191,0.06925029307603836
3593,0.6334087252616882,1.927058458328247
4297,3.108924150466919,-0.4288332462310791
6605,1.6059490442276,0.87711501121521
2461,0.27541956305503845,2.0047407150268555
2769,2.247781753540039,0.9823907613754272
3158,0.5738269686698914,1.8128349781036377
4806,0.7904441952705383,1.523637056350708
5011,1.4514634609222412,0.9659518003463745
7030,2.0342278480529785,-0.08841013163328171
1696,2.136275291442871,-0.5117531418800354
2851,0.8717169165611267,1.5282232761383057
3002,1.5362046957015991,1.4433398246765137
6647,-0.33731135725975037,2.632511854171753
7712,1.6683073043823242,0.7830116152763367
8395,0.848866879940033,1.7399499416351318
3442,3.441136598587036,-0.6593127846717834
7687,2.72257137298584,0.07812755554914474
8308,1.8596627712249756,0.3198130130767822
3108,1.686022400856018,0.5497354865074158
3610,0.41089528799057007,1.8475730419158936
3954,0.3411206901073456,1.9947726726531982
4577,2.6045167446136475,-0.8293115496635437
4745,2.2446908950805664,0.3610890209674835
4871,0.19234193861484528,2.044755697250366
4972,2.0237953662872314,0.7698094248771667
5499,0.8234774470329285,0.7993994355201721
6864,2.000190496444702,0.8597913384437561
7808,2.3124921321868896,0.19297350943088531
8551,1.9277986288070679,0.3731776475906372
7249,0.3735373616218567,1.6794743537902832
4537,1.2718944549560547,1.3741754293441772
7124,1.0929826498031616,1.1062499284744263
8399,3.1606533527374268,-0.3034249246120453
2370,1.9506944417953491,0.807773768901825
2919,1.8424468040466309,0.4879359304904938
2936,1.966995120048523,0.7960236668586731
3994,1.8998422622680664,0.5182200074195862
5864,1.475172519683838,1.257060170173645
6620,0.7181294560432434,1.4108998775482178
8273,0.4767798185348511,1.5157110691070557
7346,1.7696373462677002,0.7993245720863342
7405,0.6260879635810852,1.901487112045288
2697,1.9306116104125977,1.2752504348754883
4558,2.679698944091797,0.43396732211112976
7453,1.1499354839324951,0.9672727584838867
1740,2.333056688308716,-0.10285090655088425
2232,1.494135856628418,1.0052729845046997
7587,0.9384934902191162,0.4329817593097687
8546,0.8916050791740417,1.5081299543380737
3843,1.5581058263778687,0.6824645400047302
4121,1.8960607051849365,0.49836450815200806
4593,2.5232348442077637,-0.08241824805736542
6572,2.993361234664917,0.7311121225357056
6882,2.9985196590423584,0.16989897191524506
1835,3.4949402809143066,-0.002157083712518215
7212,0.941754162311554,1.7892999649047852
7601,2.5534324645996094,-0.10332750529050827
3875,-0.13063083589076996,2.036179780960083
5247,2.242325782775879,1.1538971662521362
8462,2.046391725540161,0.25089362263679504
2021,0.8300849795341492,1.253408670425415
6704,2.8925278186798096,-0.5886962413787842
7400,2.6978118419647217,0.1280420869588852
8192,3.98408579826355,-0.7383264899253845
2608,3.4792962074279785,-0.6330950856208801
3916,1.5710055828094482,1.665191650390625
8490,3.230421781539917,-0.5903826355934143
1756,2.520332098007202,-0.9500234723091125
4252,0.9670922160148621,0.7328301072120667
5676,2.0602972507476807,0.35227859020233154
8353,0.6324285864830017,2.4705257415771484
4793,0.3650280237197876,1.638334035873413
3512,0.5091220736503601,1.653591513633728
6130,0.4035472869873047,1.8835344314575195
6366,1.115372657775879,1.6176331043243408
4238,2.3477554321289062,0.29826679825782776
5362,2.2560555934906006,0.5469958186149597
6379,-0.6408773064613342,3.147472620010376
7904,2.373420238494873,0.14035388827323914
8389,3.2488698959350586,-0.565525472164154
6858,0.8408264517784119,1.56842839717865
3196,0.316769540309906,2.3699910640716553
6252,0.8691135048866272,2.0544817447662354
1962,3.4255073070526123,-1.0200252532958984
4914,0.29087454080581665,1.4493142366409302
5417,2.6930248737335205,-0.23339234292507172
6123,3.865365743637085,-0.7197563648223877
4818,2.713247537612915,-0.06919731944799423
5681,0.816601037979126,2.062401533126831
5952,3.099372386932373,-0.5038765072822571
6172,0.29722240567207336,2.068524122238159
6617,0.10268091410398483,1.6599230766296387
6846,2.2205541133880615,0.9819198250770569
7118,0.9768158197402954,1.7103512287139893
7188,-0.3356146216392517,2.915102958679199
7329,1.4659559726715088,0.8927680850028992
1805,3.6831414699554443,-0.940182089805603
4356,0.24405603110790253,1.7660496234893799
4473,1.281554937362671,1.4504954814910889
2108,3.507234573364258,-1.0691452026367188
3099,3.0309815406799316,-0.37770509719848633
6543,0.8692069053649902,0.6350728869438171
2054,1.0975236892700195,1.0596318244934082
2887,1.7003495693206787,0.7390820384025574
2893,1.4771085977554321,1.385669231414795
3193,2.719815731048584,0.49580228328704834
1759,2.5554187297821045,0.11295082420110703
2834,1.6883145570755005,0.8624827265739441
4180,-0.2041415423154831,2.374562978744507
5396,2.0339109897613525,1.025409460067749
5517,1.88957679271698,0.4574204683303833
6868,2.3855478763580322,0.43128687143325806
7696,0.9738181233406067,1.4350130558013916
2002,1.4863319396972656,0.8097083568572998
2153,0.8975117802619934,1.8247692584991455
3674,1.5747475624084473,1.2776423692703247
3717,1.0114622116088867,1.1971979141235352
6377,3.4990551471710205,-0.8572850227355957
7156,0.35827550292015076,2.625491142272949
7535,3.0092813968658447,-0.17361102998256683
8379,2.6734721660614014,0.5995627045631409
3061,0.28719592094421387,1.9485929012298584
3757,3.0207388401031494,-0.25080442428588867
5628,1.4692479372024536,1.222135305404663
8026,0.4582703709602356,1.9611965417861938
4436,2.8596503734588623,0.1278429925441742
7050,2.3002865314483643,0.34185630083084106
2437,-0.6578786373138428,3.298943519592285
3146,0.6076937317848206,1.9229843616485596
7307,0.3752341568470001,2.6656270027160645
7528,2.5505847930908203,0.1392926126718521
7736,2.153935432434082,0.33841612935066223
2619,0.5001106858253479,1.4516677856445312
3555,2.9592106342315674,-0.1079762652516365
3695,1.5848662853240967,0.5468736886978149
4775,-0.12194859236478806,2.0627641677856445
2344,0.9423692226409912,1.336761713027954
3131,1.546635389328003,1.027247667312622
4119,2.1005873680114746,0.6476154923439026
4326,1.3871700763702393,0.1508672684431076
4518,1.4967682361602783,1.212663173675537
5542,0.5179492831230164,2.956181764602661
4575,0.9500150084495544,1.4392540454864502
5555,1.6407525539398193,1.5518295764923096
5876,1.6193838119506836,1.128017783164978
5955,0.1758800894021988,2.7242391109466553
8176,2.2026498317718506,0.03413624316453934
1671,0.6179292798042297,1.4803619384765625
3101,1.2982392311096191,0.2352106124162674
3589,2.063469648361206,1.0737051963806152
3728,3.2639923095703125,-0.4463917016983032
4499,1.0881661176681519,1.4622868299484253
2148,2.4157495498657227,-0.11082449555397034
2716,2.7840921878814697,0.14843356609344482
4697,0.6198768615722656,1.2950037717819214
5335,2.5340678691864014,0.6445067524909973
6874,0.9311996698379517,1.740309715270996
6780,2.9095308780670166,-0.312875360250473
7394,2.397500514984131,0.5752328634262085
7630,1.746914267539978,0.5993048548698425
2366,0.9942048192024231,1.8426834344863892
3982,1.5503591299057007,0.19211208820343018
5152,1.7471396923065186,0.7749505639076233
3173,0.6296812295913696,1.208943486213684
3929,2.3389732837677,0.5305679440498352
4033,2.358315944671631,0.1704128235578537
4365,1.2330132722854614,1.61729896068573
4515,2.5323195457458496,0.34089162945747375
5195,2.0533862113952637,0.4659011960029602
6187,2.7710907459259033,0.11590871959924698
6292,0.8168345093727112,1.7208701372146606
8013,2.1765358448028564,-0.02737104892730713
1693,2.1818466186523438,0.2684182822704315
1793,1.5633819103240967,0.25897014141082764
3001,1.723077416419983,0.42778491973876953
5380,0.7854763865470886,1.4886457920074463
7785,3.748131513595581,-0.9145821332931519
7929,3.0450592041015625,-0.22232715785503387
3904,1.0491563081741333,1.4914910793304443
7168,3.203953981399536,-0.7068139910697937
7749,1.836078405380249,0.968349277973175
2618,2.3315258026123047,-0.2243564873933792
4093,1.5086169242858887,1.3387048244476318
4197,2.29021954536438,0.19222848117351532
4788,1.4332207441329956,0.8995874524116516
5887,2.1104907989501953,0.37161844968795776
6362,0.12041322886943817,1.9022432565689087
7495,1.5100196599960327,0.782383143901825
8073,1.1680572032928467,0.929740846157074
2964,-0.19333522021770477,2.8730874061584473
3263,3.031977653503418,0.35270124673843384
8351,2.566253185272217,0.061994753777980804
4502,0.8573448061943054,1.8840863704681396
6792,0.6578723192214966,1.8900460004806519
7920,0.6022018790245056,1.9403384923934937
2615,1.3546797037124634,0.9774817228317261
2780,2.8965156078338623,-0.236468106508255
3100,0.6726937890052795,2.0607597827911377
4427,0.8085928559303284,1.2097718715667725
8470,2.2710843086242676,0.17653073370456696
3296,2.996886968612671,-0.05273398756980896
3310,1.8995308876037598,1.1161044836044312
4009,-0.2276877909898758,3.158217191696167
4503,1.173125982284546,0.7508914470672607
6563,2.9471161365509033,-0.26976925134658813
2425,2.5042648315429688,0.11829932779073715
5735,2.1441500186920166,0.9422309994697571
6726,1.186492919921875,1.2270374298095703
7659,1.7752267122268677,0.7390370965003967
5959,1.1322914361953735,1.3847546577453613
3238,2.900520086288452,0.009977624751627445
5202,0.8496755361557007,2.082935333251953
6382,0.634784996509552,1.8418684005737305
7663,1.9069368839263916,0.8365145325660706
2943,2.278949499130249,0.1378471702337265
8386,2.297410726547241,-0.09331300109624863
8548,2.659841299057007,-0.10786451399326324
2158,2.9229376316070557,-0.49803608655929565
7208,2.38738751411438,-0.18568497896194458
7272,0.6627272963523865,1.557401180267334
1708,-0.2262146770954132,2.6902573108673096
3582,1.5280649662017822,1.1606287956237793
3684,1.1798189878463745,0.8699414730072021
4239,1.773151159286499,0.45225533843040466
4798,2.3843531608581543,-0.3054007291793823
7232,2.2337968349456787,0.7081893682479858
8411,2.2895963191986084,0.19080381095409393
2125,2.6829044818878174,-0.137019082903862
3339,0.7781043648719788,1.901944637298584
5624,2.4891226291656494,0.2695945203304291
5689,0.7772790789604187,1.674586534500122
6324,2.6195833683013916,-0.39998239278793335
6387,3.6155588626861572,-0.7201056480407715
6475,1.3149911165237427,1.3433274030685425
6604,1.9224505424499512,0.6097539067268372
3768,0.2696295976638794,1.8416688442230225
7073,3.33223557472229,-0.6718799471855164
7632,4.017411231994629,-0.9742531180381775
8267,2.7763867378234863,0.2088666409254074
8355,1.633616328239441,0.8629229068756104
3348,2.1475272178649902,0.5313478112220764
4255,1.6362807750701904,1.4125919342041016
6308,1.6669745445251465,1.0782558917999268
6577,1.4530190229415894,1.2592804431915283
8284,2.9601800441741943,-0.5573527216911316
8442,0.45594722032546997,2.1697752475738525
3136,1.040090560913086,1.3560576438903809
5794,1.8711838722229004,0.18908457458019257
2784,2.7315165996551514,-0.15904641151428223
3072,2.42471981048584,0.24233411252498627
3286,1.4011814594268799,0.805411696434021
7109,3.2863314151763916,-0.54408860206604
3671,0.9954389333724976,1.1656298637390137
3968,2.205843925476074,0.5411474108695984
3869,1.634531021118164,0.9651268124580383
4187,0.7755191922187805,2.3180735111236572
7385,2.2858645915985107,0.4124060869216919
8322,2.3182408809661865,0.13236069679260254
2067,1.1731438636779785,1.254370927810669
2861,1.5587002038955688,0.6243160963058472
6946,1.298931360244751,2.007704019546509
7268,1.355442762374878,0.6130058765411377
7864,-0.016019433736801147,2.788198709487915
3832,1.777480959892273,0.5382874608039856
3969,0.7208621501922607,0.8691090941429138
6258,0.5781236290931702,1.7704704999923706
4671,0.23129044473171234,1.8260802030563354
6433,2.7694356441497803,-0.13817916810512543
2007,1.05168616771698,0.795539140701294
2152,1.93212890625,0.20771202445030212
5249,2.9602901935577393,-0.3716757893562317
6009,-0.336548388004303,2.2844784259796143
8532,1.3013982772827148,0.8548420071601868
1926,2.848921775817871,-0.1576540768146515
6590,3.0901405811309814,-0.17299896478652954
7252,2.2131268978118896,0.24039684236049652
7811,3.2773220539093018,-0.24018926918506622
3306,2.1757118701934814,0.3341856300830841
5021,1.2933053970336914,0.8513643145561218
2953,1.3268530368804932,1.4869439601898193
3895,0.6507399678230286,2.4081270694732666
6347,0.3903770446777344,2.3524906635284424
3472,3.097775459289551,-0.38477542996406555
5763,1.6876468658447266,1.1003329753875732
5819,0.5661879181861877,1.733520746231079
7452,0.8978492617607117,1.0908892154693604
3626,4.30070686340332,-1.243438482284546
1598,3.912820816040039,-1.3171956539154053
8027,1.7253289222717285,0.9880022406578064
5617,3.2259981632232666,-0.2686949074268341
7748,2.8183844089508057,-0.0011323010548949242
8234,2.472644567489624,0.18882371485233307
5835,3.7455973625183105,-0.8131505250930786
6668,2.134368419647217,0.23439417779445648
1951,1.1412752866744995,1.6004661321640015
2184,0.7042911648750305,1.7198810577392578
5413,1.5176055431365967,0.9971972703933716
6912,1.3757259845733643,0.5798066854476929
8090,0.189277783036232,1.8466745615005493
2802,0.5668412446975708,1.9554921388626099
6927,2.272076368331909,0.2615579664707184
7114,2.1413323879241943,0.1982850283384323
7586,1.6597896814346313,0.3425501585006714
3667,1.954267978668213,0.5681714415550232
3802,1.9676618576049805,0.3568514287471771
6301,1.5770078897476196,0.683740496635437
7564,2.6270930767059326,-0.030229724943637848
8481,1.7654376029968262,1.0028685331344604
7342,3.209519624710083,0.0065628523007035255
4994,2.4530742168426514,0.15746010839939117
5104,1.9910255670547485,0.6347320079803467
6626,3.219074010848999,-0.24363680183887482
6656,0.9277268052101135,1.4971394538879395
4094,0.9046788811683655,0.8155373930931091
4662,0.5863769054412842,1.5702805519104004
6564,0.4915590286254883,2.6618916988372803
6841,2.8620643615722656,-0.5632105469703674
7678,1.1789357662200928,0.719612181186676
2984,0.7736324667930603,1.7230758666992188
3733,1.6617653369903564,0.5347588658332825
7738,0.13804881274700165,2.7696566581726074
7844,0.01790810376405716,2.5965964794158936
3885,0.9294747710227966,2.1515073776245117
6824,1.0271227359771729,1.1514095067977905
8480,1.6476550102233887,0.8292589783668518
2678,3.119227886199951,-0.681656539440155
4666,0.542557418346405,1.9389231204986572
5936,0.17327339947223663,2.8130407333374023
7507,1.908976435661316,0.7837276458740234
8213,1.1279666423797607,1.367906093597412
2888,3.000943422317505,0.39404240250587463
3531,3.9791581630706787,-1.151336669921875
4708,0.3822670578956604,2.1065621376037598
6426,0.3639606833457947,2.1659719944000244
2791,2.763251543045044,0.027027875185012817
3385,2.585331678390503,0.2091677337884903
4140,1.8410556316375732,0.871094286441803
5878,2.397447347640991,-0.30366581678390503
6314,3.3431882858276367,-0.41040903329849243
7534,1.8818800449371338,0.7504265308380127
3927,0.4405631422996521,2.040651798248291
4912,2.064133882522583,0.7548115849494934
7989,4.025510311126709,-0.7727665305137634
2098,0.7380985617637634,0.8187546133995056
4494,0.7771833539009094,1.5448787212371826
6046,1.670905351638794,1.1869709491729736
8149,2.722844362258911,-0.2089322954416275
2896,1.9024362564086914,0.06501344591379166
3031,1.7695677280426025,0.9804685115814209
3248,-0.5251660943031311,2.2718799114227295
3965,0.9112794399261475,1.5335545539855957
6455,1.5618922710418701,0.9637372493743896
7427,1.4495303630828857,0.613348126411438
7431,-0.35316401720046997,3.0098812580108643
7753,2.5119831562042236,-0.43422994017601013
7845,0.8584350347518921,1.486527681350708
1721,1.5940030813217163,1.4236350059509277
2527,2.7513198852539062,-0.5474307537078857
2639,1.0457143783569336,1.4700632095336914
3525,0.4055439531803131,2.372079610824585
6005,3.0520689487457275,-0.04626908153295517
6489,0.7426400780677795,1.5302757024765015
1981,0.9939680695533752,1.247650146484375
3859,2.9039015769958496,0.0077813053503632545
4771,1.919230341911316,0.7632901072502136
6574,2.163057327270508,0.2631327509880066
2209,1.802128553390503,0.6063070297241211
5028,1.3950482606887817,1.3789498805999756
5210,1.8025681972503662,0.6926050782203674
5668,2.4763684272766113,-0.015410958789288998
6271,2.185570001602173,0.6237045526504517
2072,0.5758028626441956,2.2116427421569824
3176,1.998124599456787,0.49300771951675415
5052,1.5772186517715454,1.100011944770813
8310,2.5480310916900635,0.18056194484233856
8496,2.4272537231445312,0.32342657446861267
3364,1.4564894437789917,1.3950061798095703
4227,1.0408176183700562,1.2555960416793823
3564,2.687325954437256,0.3219485878944397
8281,1.4943097829818726,1.7205358743667603
4171,1.6449558734893799,0.6001161336898804
5812,1.9518144130706787,0.7503347396850586
5834,1.5182995796203613,1.0187877416610718
3278,3.7889645099639893,-0.7759857773780823
4070,1.3772764205932617,1.6513850688934326
5269,1.8237180709838867,0.48677781224250793
7782,1.4366041421890259,1.0463217496871948
2136,2.496727228164673,-0.29466089606285095
2617,0.32450151443481445,2.6195671558380127
4693,0.2979409396648407,1.9739935398101807
4984,2.2518222332000732,-0.30708441138267517
2836,3.0279624462127686,-0.5925954580307007
5149,0.5269961357116699,2.581366777420044
6189,2.7914671897888184,0.2169429510831833
6357,0.5191805958747864,2.026136636734009
8544,1.0323765277862549,1.304367184638977
3366,2.259613513946533,0.45890870690345764
3825,1.3413705825805664,1.4986789226531982
4790,0.28561559319496155,2.023914337158203
5543,1.8460922241210938,0.32033097743988037
6497,1.8214385509490967,1.0025702714920044
8132,0.8915219902992249,2.0289254188537598
3163,0.8437662720680237,1.4645555019378662
7034,0.5901618599891663,1.8500971794128418
3063,1.304579257965088,0.5262854099273682
4675,2.375896692276001,0.9756411910057068
5855,0.8548187613487244,1.5232558250427246
4334,1.4045342206954956,1.3516510725021362
4578,0.721122682094574,1.967625617980957
4731,3.03477144241333,-0.3562696874141693
6125,3.039015054702759,-0.03428817540407181
6338,1.0886175632476807,1.5809800624847412
6951,1.6519842147827148,0.5645196437835693
2411,1.7599493265151978,0.7393642067909241
2528,2.6507017612457275,0.1375584602355957
4101,1.3039896488189697,1.0616774559020996
4680,3.5270440578460693,-0.45836013555526733
6450,2.433743953704834,0.3334447741508484
7054,3.0712366104125977,-0.2331402599811554
3233,1.8522915840148926,0.5292931199073792
3710,1.1165428161621094,1.1972286701202393
5165,2.1557061672210693,0.04941146820783615
6728,0.42378416657447815,2.112386703491211
1901,1.2020264863967896,1.2483497858047485
2663,1.2691564559936523,1.115848422050476
2739,2.3638408184051514,0.5499376654624939
4346,0.7826201915740967,1.6254689693450928
4528,1.5640342235565186,1.4169988632202148
8201,0.71103835105896,2.0474443435668945
8264,1.7398734092712402,0.5402929782867432
1827,3.2008931636810303,-1.087236762046814
4536,1.7906187772750854,0.5455908179283142
6933,1.2222024202346802,1.0212855339050293
1896,1.8372182846069336,0.4274097979068756
2319,1.6984426975250244,0.9310169816017151
3162,0.8191786408424377,1.2946678400039673
3337,3.1609809398651123,-0.04766824096441269
6487,0.09498859196901321,2.546346664428711
7271,1.2874915599822998,1.3327841758728027
2382,2.791365385055542,0.23770290613174438
4727,2.031282663345337,0.5753280520439148
6158,0.7381797432899475,0.9005638957023621
7421,2.390320062637329,-0.0031737303361296654
2674,0.9622013568878174,2.216301918029785
3007,0.9878303408622742,1.9131969213485718
5690,1.6201298236846924,1.0824730396270752
7259,0.3358786404132843,2.177513360977173
5111,2.635444164276123,0.33004820346832275
8238,-0.0025403043255209923,2.8930084705352783
8324,2.1287577152252197,0.6432453989982605
6075,1.671226143836975,0.13347065448760986
7234,0.9820230007171631,1.675050139427185
7336,1.3454228639602661,0.8910672664642334
8202,0.7742323875427246,1.6587873697280884
2004,-0.4761536121368408,2.2719271183013916
3845,3.3620028495788574,-0.3877679705619812
8074,3.1203110218048096,0.05375639349222183
3652,0.768381655216217,1.8810713291168213
5595,0.06884979456663132,2.28238844871521
6162,1.6773065328598022,1.062382698059082
6854,1.2690919637680054,1.036232590675354
8051,1.7811119556427002,1.7811119556427002
8102,2.0681474208831787,0.1886821836233139
8226,0.8048971891403198,0.9124289155006409
2577,1.1065819263458252,1.4431332349777222
2879,2.807560920715332,-0.4550590515136719
4835,2.4568238258361816,0.4907805621623993
8203,-0.1684691160917282,2.6819984912872314
2237,1.4161102771759033,0.7171686291694641
5164,1.7869391441345215,0.6113623976707458
5200,1.2797133922576904,1.2644751071929932
6425,1.894499659538269,1.0636411905288696
4155,2.961413621902466,-0.2820780873298645
3858,2.2938082218170166,0.5477227568626404
7441,0.7500229477882385,1.7321068048477173
8339,2.392773151397705,0.10278826206922531
2449,1.0351572036743164,1.6351104974746704
3377,2.2867586612701416,0.5569609999656677
4344,1.1876084804534912,1.470171332359314
5772,0.6262804269790649,1.8317065238952637
7154,2.2726376056671143,-0.013689360581338406
7789,2.1317713260650635,0.3100909888744354
7896,0.7024394273757935,1.3697664737701416
2179,1.9994336366653442,0.23972146213054657
2210,0.8045692443847656,1.468750238418579
2453,1.2830746173858643,1.106971263885498
6186,1.724387526512146,0.2533997595310211
6545,2.4097795486450195,0.4779633581638336
7848,2.909309148788452,0.43146976828575134
2690,1.590193748474121,0.5661125779151917
3803,1.6616920232772827,0.820884644985199
5442,0.5723742246627808,1.6993210315704346
2235,2.4491283893585205,0.8047106266021729
8207,-0.17939479649066925,2.206897497177124
5536,1.23738694190979,1.3129754066467285
6909,0.30636271834373474,2.516348123550415
6910,0.22933228313922882,2.195833921432495
5728,1.1141541004180908,1.1617262363433838
5868,2.005650043487549,0.6139206290245056
7543,2.9550509452819824,-0.2408493012189865
4903,0.16384734213352203,2.1259267330169678
5899,1.812914252281189,0.8229430317878723
6592,1.8264597654342651,0.3275594115257263
7099,1.9065611362457275,0.6261690258979797
6015,1.5920621156692505,1.1489646434783936
7662,0.857517421245575,1.105943202972412
2032,1.4538679122924805,1.2080283164978027
3850,1.703467607498169,0.9686533808708191
4098,2.4191184043884277,0.5568506121635437
5939,1.0475894212722778,1.0786672830581665
6606,1.716611623764038,0.8381649851799011
6945,2.4956181049346924,-0.28341126441955566
3656,2.936811923980713,-0.016631536185741425
5287,1.290158748626709,1.2953323125839233
2161,1.780479073524475,0.6114092469215393
3700,1.9080321788787842,0.505647599697113
5171,3.4556100368499756,-0.8235966563224792
6261,2.0261294841766357,-0.11038459837436676
2182,0.2893643379211426,1.7689827680587769
2843,2.571068525314331,-0.05897008627653122
4116,1.0308516025543213,1.0975232124328613
4794,1.1215763092041016,1.591200590133667
5354,0.822827160358429,1.2645055055618286
5666,-0.248305544257164,2.8263893127441406
6511,0.09962061792612076,2.69161057472229
8227,0.5748888254165649,0.8643890023231506
4222,2.438908576965332,-0.06640069931745529
6611,1.4371147155761719,0.9635371565818787
6908,0.8037211894989014,1.8656184673309326
2040,0.1772279590368271,1.9694736003875732
6350,1.8319604396820068,0.32599958777427673
8486,2.733286142349243,-0.49759817123413086
3697,2.599860191345215,0.006048382259905338
4149,0.9684757590293884,1.6175155639648438
8247,1.632758617401123,0.4410583972930908
3736,1.5005426406860352,1.5062897205352783
5240,2.1769134998321533,-0.37329065799713135
5601,2.509910821914673,0.46407192945480347
7851,0.27924981713294983,2.3184268474578857
8526,0.8980333209037781,2.029419183731079
6322,3.939434289932251,-1.0868395566940308
2567,-0.04584901034832001,3.096447706222534
7316,1.0080976486206055,2.105146646499634
8295,2.903278112411499,-0.14159682393074036
8390,2.4709384441375732,1.0097546577453613
2478,0.683463454246521,1.8668186664581299
6037,1.9067790508270264,0.4595586657524109
6658,1.9221099615097046,0.7614080905914307
6674,1.7641096115112305,0.7617608904838562
7828,2.615783452987671,-0.22023393213748932
7293,1.0395221710205078,1.1118707656860352
8078,-0.10732124000787735,2.339143991470337
8331,0.7670862078666687,1.715395450592041
8469,2.9375686645507812,0.13584116101264954
2516,0.4492812156677246,2.589251756668091
7340,2.32958722114563,0.09592940658330917
7861,0.18916329741477966,2.4313175678253174
2717,0.1334194540977478,2.4105145931243896
2718,2.33473801612854,0.6394801735877991
3269,1.545288324356079,0.26686617732048035
4099,0.20837090909481049,2.44402813911438
4563,-0.19933824241161346,2.7650437355041504
6153,1.8635109663009644,0.7674345374107361
7503,1.4356074333190918,0.763225793838501
5565,2.9823834896087646,-0.4780721068382263
6928,0.2354365736246109,2.111154079437256
7044,2.441467046737671,1.09562349319458
7397,2.4029886722564697,0.6644732356071472
3312,1.4690762758255005,0.37749359011650085
4183,1.0923662185668945,1.8641302585601807
5599,0.9266563057899475,1.7422577142715454
4310,3.4685556888580322,-0.05680680274963379
5203,1.7037404775619507,0.661162257194519
5233,1.437453269958496,1.162520170211792
5250,1.8063559532165527,1.1434396505355835
6891,2.7327687740325928,-0.013591728173196316
2821,2.6110799312591553,0.16593360900878906
3429,0.30765005946159363,2.6517555713653564
5015,1.8665175437927246,0.9322500824928284
5026,0.7408408522605896,1.5524019002914429
7350,2.7751715183258057,-0.02364940196275711
8100,0.24402938783168793,2.282027006149292
2271,2.2375996112823486,-0.26713234186172485
2556,1.2258143424987793,1.0390965938568115
3973,2.5705816745758057,0.45531392097473145
4295,1.997038722038269,0.21551929414272308
8297,0.7311758995056152,2.263350486755371
1583,1.3940664529800415,1.005749225616455
4349,3.7197248935699463,-0.6501310467720032
4425,0.7981343865394592,2.08294415473938
4758,2.272581100463867,0.6839882731437683
4803,1.3704404830932617,1.494408130645752
3128,1.1636860370635986,1.4228873252868652
5197,1.6365047693252563,1.213160753250122
8030,3.5083236694335938,-0.3614460825920105
8199,2.1320102214813232,0.3120814561843872
2644,1.6711591482162476,0.41017669439315796
8025,0.10018998384475708,2.122147798538208
3265,1.269845962524414,1.4140801429748535
4129,0.8347195982933044,1.93849778175354
7522,1.6777726411819458,1.2015150785446167
2128,0.5838600397109985,2.080812692642212
1768,1.7929900884628296,0.5674791932106018
2825,0.1540699601173401,1.9642107486724854
5649,1.735193133354187,0.9332860708236694
5300,0.8705769181251526,1.7509651184082031
5425,2.9659440517425537,-0.42206060886383057
7591,1.3231918811798096,0.5688986778259277
8139,-0.5303730964660645,2.439007043838501
8530,1.0342954397201538,1.2887635231018066
8217,2.9332070350646973,0.06232487037777901
5635,-0.0858384370803833,2.4596915245056152
6794,3.7468509674072266,-1.0237541198730469
4018,1.7820419073104858,0.554396390914917
5841,-0.0689864382147789,2.404334306716919
4299,0.8009364008903503,2.0017144680023193
5514,2.6563446521759033,0.4515536427497864
2166,3.145697832107544,-0.6224996447563171
3912,2.4277732372283936,-0.09628459811210632
5364,1.748582124710083,1.0970485210418701
5440,1.635925531387329,0.938823938369751
7049,-0.40919724106788635,2.683108329772949
7479,3.0329368114471436,-0.2774934470653534
3073,2.200998544692993,0.8161430954933167
3403,2.2135865688323975,0.8489155173301697
4218,1.878060221672058,0.7260547280311584
4995,1.2771315574645996,1.2374995946884155
5949,0.5936278700828552,1.5478637218475342
8466,2.220284938812256,0.6614505052566528
2585,3.069164991378784,-0.41064685583114624
4983,1.7844650745391846,0.20162810385227203
6349,3.093350648880005,-0.6891353726387024
6541,0.8868455290794373,1.6648025512695312
3011,0.6223375201225281,2.0396640300750732
5476,1.4442856311798096,1.2077869176864624
5698,0.7019954323768616,1.723105549812317
6384,1.3990776538848877,0.9043166041374207
7882,0.331379771232605,2.146451473236084
7911,1.1238887310028076,1.008164644241333
8249,1.6736118793487549,0.4923083484172821
1920,2.1875572204589844,0.4504760503768921
3244,0.9148959517478943,2.2550981044769287
5640,1.5606082677841187,1.128697395324707
5737,1.155888557434082,1.4174368381500244
6251,1.9570884704589844,0.5593255758285522
6666,2.623826742172241,-0.4089205861091614
7056,0.771064817905426,1.4427518844604492
7725,2.5000555515289307,0.5029057860374451
7990,1.2753299474716187,1.5890631675720215
7549,2.3571574687957764,0.442903995513916
8148,1.3301295042037964,1.0700111389160156
8432,2.1041431427001953,0.42230966687202454
5139,1.4066293239593506,0.05099979788064957
5632,0.9982845187187195,1.0470337867736816
8167,3.1897451877593994,-0.5093013644218445
1891,0.8775003552436829,2.360266923904419
6467,0.36561331152915955,2.129504919052124
2187,3.241448163986206,-0.5694517493247986
4658,2.985459089279175,0.23575718700885773
5891,2.151559829711914,0.5045154690742493
6944,1.583406925201416,0.9809511303901672
7600,0.48320454359054565,2.3226733207702637
7767,0.9720591902732849,1.770965337753296
8225,1.324079990386963,1.674753189086914
4054,2.2462501525878906,0.8725663423538208
6559,1.6306484937667847,0.9277148842811584
7494,1.713879942893982,0.24696007370948792
2043,0.5389512181282043,1.7264403104782104
4711,1.197819709777832,0.8344751000404358
4753,2.1516826152801514,0.4166814982891083
5653,1.051020622253418,1.2203953266143799
5797,0.1877775341272354,2.9607093334198
8408,0.9009367227554321,2.170433759689331
1821,2.1957712173461914,0.3067757189273834
3540,1.378425121307373,0.8802652955055237
5273,1.2153215408325195,1.1309142112731934
6586,0.8467990756034851,1.2038702964782715
2604,3.305986166000366,-0.3414590656757355
3068,2.084592580795288,0.5401268601417542
2443,0.3364855647087097,3.30366587638855
5340,2.4524683952331543,0.2639191448688507
6142,3.0715560913085938,-0.48691046237945557
6200,3.5735156536102295,-0.6761782169342041
7443,2.4346277713775635,0.3455653190612793
7996,-0.8099254965782166,3.0080227851867676
4701,2.190539598464966,1.3301880359649658
5498,0.39761266112327576,2.351423501968384
5677,1.4525172710418701,0.5664751529693604
7965,2.819216728210449,0.07461811602115631
4010,1.1792755126953125,0.7902945876121521
4124,0.563560426235199,1.9204777479171753
5122,1.0867278575897217,1.1088662147521973
5450,1.1225987672805786,0.9784871935844421
5742,1.7277394533157349,0.6958836913108826
2891,2.3569743633270264,0.2606743574142456
5256,0.5500176548957825,1.133254051208496
6272,3.978116750717163,-0.8205047845840454
7640,0.45912572741508484,1.0876153707504272
7652,2.3741815090179443,0.31535816192626953
4476,1.4202948808670044,1.3381067514419556
5895,2.2821075916290283,0.19059167802333832
5937,2.484187364578247,-0.3969431221485138
6531,3.3503663539886475,-0.659713864326477
7589,2.412428617477417,0.3068922162055969
4940,1.019491195678711,0.96177738904953
5131,-0.24945883452892303,2.8484859466552734
6264,1.805498480796814,0.5509938597679138
6448,-0.5956068634986877,3.414304733276367
8495,2.3790996074676514,-0.028660602867603302
2388,2.48232102394104,0.18267522752285004
2818,1.0280842781066895,1.5052400827407837
4493,2.074882984161377,0.5730367302894592
4523,2.3612818717956543,0.6008150577545166
6742,1.6013630628585815,0.810300350189209
7210,1.9160218238830566,0.1697119027376175
8002,0.45539313554763794,2.1942861080169678
1698,2.8426589965820312,-0.1491382122039795
3767,3.268723726272583,-0.43572351336479187
3838,0.9409213662147522,1.102660894393921
5912,1.7455556392669678,0.6564767956733704
8160,2.247323751449585,0.3624354302883148
4623,1.4115573167800903,1.3368287086486816
4729,1.6114901304244995,0.8677032589912415
5186,1.8503475189208984,1.0367600917816162
1808,2.2364141941070557,-0.22549454867839813
3604,2.235118865966797,-0.13335664570331573
4055,0.24413582682609558,2.1977744102478027
5574,1.3908188343048096,1.1886415481567383
6629,1.2504359483718872,1.9304395914077759
8091,0.8685322403907776,1.7105042934417725
8257,0.7853925228118896,0.8203602433204651
4062,3.0636725425720215,-0.44356220960617065
4198,2.8557093143463135,0.003593006171286106
5135,2.400738477706909,0.7893389463424683
5938,2.7313129901885986,-0.09485473483800888
7727,2.0520331859588623,1.0740911960601807
2908,1.928100824356079,0.811555802822113
4453,2.609226703643799,0.8527939915657043
5341,1.9464621543884277,0.8069800734519958
6323,0.30591273307800293,2.5174763202667236
7812,2.300435781478882,0.10739197582006454
8522,2.6755001544952393,-0.4962303638458252
3224,2.1025707721710205,0.714430570602417
8011,2.5840067863464355,0.12277548760175705
1836,1.0800495147705078,1.2356235980987549
2940,1.9289979934692383,0.39209631085395813
4104,1.6457595825195312,0.7492197751998901
4574,1.031234860420227,1.1503007411956787
4976,0.6954347491264343,1.8428852558135986
7152,1.0741065740585327,1.2618868350982666
7653,3.1156866550445557,-0.16478511691093445
8179,0.8373364806175232,1.1812514066696167
3600,1.504992127418518,1.107893705368042
7703,0.6283579468727112,1.4909776449203491
7823,1.7380574941635132,1.1471872329711914
1603,1.7550572156906128,0.4185904264450073
5714,1.0286509990692139,1.3310860395431519
8335,2.726771593093872,0.11538424342870712
1615,0.5055628418922424,2.140531301498413
7768,0.810417652130127,0.6582894325256348
7033,0.7399060726165771,1.3636497259140015
7357,1.579831838607788,1.0706390142440796
3365,1.8797640800476074,0.7120155692100525
1681,1.9030826091766357,1.2474942207336426
3320,1.5371476411819458,0.6912118196487427
3609,1.5015537738800049,0.9781531691551208
7032,3.616288423538208,-0.5486575365066528
7635,-0.3380734324455261,2.198864221572876
6689,2.1025640964508057,0.2024325579404831
8426,2.7530031204223633,-0.27250227332115173
3210,1.0942270755767822,1.2047276496887207
5537,1.5276802778244019,1.3187227249145508
7765,3.349487543106079,-0.4745452105998993
8534,0.41303426027297974,2.152726650238037
3801,1.7400251626968384,0.7729334235191345
6700,1.9604167938232422,0.44032013416290283
7576,0.3594404458999634,1.2644734382629395
3445,1.747676134109497,1.4678691625595093
3760,2.888054370880127,-0.00046445708721876144
3464,1.510230541229248,1.0006434917449951
5444,-0.4699259400367737,2.206721782684326
2445,2.05412220954895,0.028785493224859238
2499,0.24927960336208344,1.8485254049301147
4674,1.29988694190979,0.9608553051948547
6284,2.8345069885253906,-0.6752237677574158
7773,1.7052406072616577,0.4562881588935852
3553,2.853706121444702,-0.0676352009177208
3693,1.6454825401306152,0.41107338666915894
7131,0.6946128010749817,1.4356541633605957
7330,2.60809063911438,-0.34896600246429443
8397,1.2172040939331055,0.6881313323974609
1902,2.0919153690338135,0.33375248312950134
5078,1.15593683719635,0.4257432818412781
6443,2.3168070316314697,0.3851091265678406
4364,1.7725168466567993,1.1622251272201538
4804,1.6029925346374512,1.0115046501159668
5102,2.025338888168335,0.6382008790969849
7095,0.9632840752601624,2.0792033672332764
7352,2.766710042953491,-0.025045260787010193
4592,1.3925995826721191,0.9643359780311584
5731,2.4579880237579346,0.644182562828064
6014,1.8945454359054565,0.5634989142417908
6033,1.7652816772460938,0.06826189905405045
7058,1.147659420967102,1.7298046350479126
8116,1.0636546611785889,0.7864258289337158
1739,1.9232664108276367,0.47516417503356934
7349,1.297640085220337,1.5151143074035645
7523,1.241411805152893,1.5249005556106567
2777,2.740795373916626,-0.13760775327682495
4035,1.9706815481185913,0.5108197927474976
5224,2.191484212875366,0.26827213168144226
7332,1.3262207508087158,0.9041571021080017
2308,0.09018027037382126,2.4270436763763428
3818,1.5521916151046753,0.9087257385253906
4352,0.7286466956138611,2.1862690448760986
5839,0.6528396606445312,1.7647225856781006
5926,2.2921831607818604,0.8636974692344666
6196,1.7132068872451782,0.8388363718986511
6396,2.304456949234009,-0.028672359883785248
7338,0.8697077035903931,1.8866009712219238
7764,2.5439131259918213,0.10286612808704376
2827,0.4097766876220703,2.2038769721984863
3226,2.406377077102661,0.047530464828014374
4618,1.8971364498138428,0.9068463444709778
5559,1.720165491104126,0.3047643303871155
6062,0.02220941334962845,2.685365915298462
6064,1.9798890352249146,0.5407816171646118
6424,1.8789806365966797,-0.06576528400182724
6505,1.0803405046463013,0.9451020359992981
7180,2.3802084922790527,0.45512205362319946
7770,2.6595897674560547,0.3353765606880188
8306,1.234179973602295,1.6067414283752441
2327,1.4815964698791504,1.0560821294784546
3980,0.5962173342704773,2.3976125717163086
8520,1.332868218421936,1.2055695056915283
2031,2.588380813598633,0.5734125375747681
2692,2.2256858348846436,0.61385577917099
2918,1.5934782028198242,0.20890480279922485
2120,1.643740177154541,0.8594958186149597
3327,3.052741050720215,-0.3018456995487213
4007,0.8131173253059387,2.0498974323272705
4069,1.669645071029663,1.1712785959243774
5337,-0.22626671195030212,2.6476380825042725
6808,0.010538571514189243,2.6654937267303467
8407,1.4697867631912231,1.3965986967086792
7179,0.676838219165802,2.0143935680389404
7578,0.46276429295539856,1.7296900749206543
6434,1.5751715898513794,0.6034061908721924
7986,1.2819609642028809,1.484853982925415
3040,3.1336495876312256,-0.07985406368970871
6170,2.9873554706573486,-0.23339544236660004
1546,2.5928754806518555,0.011634388007223606
3694,1.7666414976119995,0.9205145239830017
7954,1.219318151473999,1.1405223608016968
3013,3.2283318042755127,-0.7222413420677185
3795,3.2443196773529053,-0.4094559848308563
6834,2.8322336673736572,0.1890861541032791
7278,0.5061448216438293,2.014133930206299
7288,1.8901476860046387,0.413113534450531
5363,1.3299450874328613,1.0299599170684814
8082,0.3036441206932068,2.3493144512176514
7264,2.1886954307556152,0.05764242261648178
8482,0.35277456045150757,1.2890492677688599
4236,0.742895781993866,1.6933250427246094
7195,1.183426022529602,1.0201148986816406
7517,0.7497721910476685,2.198390245437622
7734,1.5946489572525024,0.3016536831855774
3666,1.4293735027313232,1.3971850872039795
4064,1.3331936597824097,1.4485551118850708
5549,1.4748209714889526,1.0523309707641602
5644,0.7657237648963928,2.1298816204071045
6532,1.2693085670471191,1.2206332683563232
3175,2.1343300342559814,0.7644731402397156
4188,1.9092165231704712,1.0664525032043457
7682,1.077278971672058,1.198621153831482
4752,-0.4104735851287842,2.7465152740478516
3302,2.1522037982940674,0.4601658880710602
5633,1.4592511653900146,0.6335280537605286
6218,0.09467039257287979,2.0586905479431152
6867,2.0877268314361572,0.7326792478561401
4541,2.032904624938965,0.48079633712768555
8514,1.475595474243164,0.8187118768692017
3884,2.032583713531494,0.7428208589553833
6169,0.7454861998558044,1.768723487854004
6328,1.837846040725708,1.107649564743042
6761,1.653186321258545,0.8836473822593689
1752,0.7691736817359924,1.4901294708251953
1817,2.0242092609405518,0.14533601701259613
5827,2.0213210582733154,0.5844427943229675
6036,3.4229934215545654,-0.7202072739601135
6447,2.1547014713287354,0.4492451548576355
8205,2.425962448120117,0.1485503613948822
7107,1.229658603668213,1.837876796722412
8040,2.789789915084839,0.3248715400695801
1799,2.2630980014801025,0.38651904463768005
2310,0.8350971341133118,1.605725884437561
7089,0.7126384377479553,1.6832472085952759
2102,1.3150357007980347,1.3439431190490723
3055,1.1370985507965088,0.9719144105911255
4052,2.642700433731079,-0.10874675959348679
4095,1.9673125743865967,0.6954304575920105
5500,0.8773953318595886,0.9382767081260681
8115,-0.14129136502742767,2.317307233810425
8485,2.567160129547119,0.0330582931637764
4719,0.017091937363147736,1.671151041984558
6795,0.636755645275116,2.6726157665252686
2626,2.079510450363159,0.8894861936569214
5232,1.776500940322876,0.8814718127250671
5408,0.2815147042274475,2.072709083557129
7737,1.4663879871368408,0.7883870005607605
5734,3.3715481758117676,-0.030468977987766266
7005,2.178441286087036,0.017174072563648224
8072,2.442617893218994,0.29100900888442993
5749,1.67633056640625,0.5956646203994751
7024,2.8748672008514404,-0.43433666229248047
8242,2.6771953105926514,-0.12419352680444717
7274,2.366839647293091,-0.20877249538898468
7373,1.2411290407180786,1.8796154260635376
7548,1.0650001764297485,1.6365513801574707
8172,2.6811587810516357,-0.492645263671875
2176,2.627894639968872,0.11402437090873718
6657,1.4446673393249512,0.9701825976371765
6699,1.6203093528747559,1.2575901746749878
2847,1.6811466217041016,1.1688940525054932
5372,1.19929039478302,0.564998209476471
5833,0.22846832871437073,2.4104702472686768
7080,0.6261013746261597,1.1252148151397705
7815,2.482384443283081,0.19538985192775726
1697,1.3327860832214355,1.1574938297271729
2975,1.1049237251281738,1.281018614768982
6926,0.023003466427326202,2.095259189605713
1998,1.2321691513061523,1.0556621551513672
7641,1.3727279901504517,1.68711256980896
7999,2.652452230453491,0.4123254120349884
8304,0.9447891116142273,1.513201355934143
3616,1.6554871797561646,0.7936787009239197
1950,2.2209012508392334,-0.1282510608434677
2111,1.8098409175872803,1.2484184503555298
2704,2.2911431789398193,0.462963342666626
6031,1.4134248495101929,0.6123499274253845
7949,0.9911794662475586,1.8877100944519043
5702,0.8831265568733215,2.2038943767547607
2348,2.5638234615325928,0.15559710562229156
4956,0.5334300994873047,2.756110429763794
5914,2.310094118118286,0.11036849766969681
7410,2.04522967338562,1.0905488729476929
1908,2.361621618270874,-0.2343565970659256
5329,0.15728817880153656,2.1509244441986084
5979,1.4494258165359497,1.263648271560669
7730,1.5628762245178223,0.28891584277153015
2599,0.7749165892601013,1.492990493774414
6416,1.0653010606765747,1.0246673822402954
7629,1.4743030071258545,0.5461698770523071
8117,-0.9155190587043762,3.419199228286743
8177,1.7811119556427002,1.7811119556427002
4795,1.7219524383544922,0.814897894859314
4980,0.6496452689170837,1.4875848293304443
7919,2.993817090988159,-0.42628300189971924
8477,2.512056589126587,-0.02673063427209854
3383,2.1240313053131104,0.4116961359977722
8357,1.7055715322494507,0.33709511160850525
5126,1.5692205429077148,0.9130731225013733
5353,1.7456698417663574,0.6476190686225891
2361,0.27860307693481445,2.4663658142089844
2466,1.2761715650558472,1.2527419328689575
3395,-0.019407756626605988,2.700798511505127
4122,1.3148865699768066,1.0841827392578125
5108,0.8874996304512024,1.0936404466629028
5401,2.2245240211486816,-0.02272932231426239
5659,2.946275472640991,-0.17223802208900452
6875,3.5108845233917236,-0.6587674021720886
2620,0.8702093958854675,1.7376461029052734
2790,1.9753351211547852,0.9845247864723206
4884,1.5662686824798584,0.17366865277290344
5541,0.9623041749000549,1.7368018627166748
5695,1.3509867191314697,1.5668208599090576
8320,-0.2280866503715515,3.0524404048919678
4434,0.1856035441160202,2.5194785594940186
6120,1.9526686668395996,0.41024690866470337
7333,0.8681694865226746,1.653601050376892
3016,2.6542434692382812,-0.21934567391872406
7310,1.5390353202819824,0.5175252556800842
5276,1.5422587394714355,0.9928879141807556
7178,2.0092859268188477,0.2555125653743744
7269,1.284463882446289,1.340279221534729
4162,1.490208387374878,0.9829787611961365
4738,0.5758917927742004,2.2105653285980225
5942,1.7729802131652832,0.7379992008209229
6557,1.4460251331329346,1.7061678171157837
2062,2.656952142715454,-0.6464678645133972
3766,1.4572954177856445,1.304219126701355
3824,0.5488606691360474,2.2851483821868896
3923,2.1982972621917725,0.43130332231521606
4836,0.6370744109153748,2.1314961910247803
1851,2.7491519451141357,0.02239527553319931
4645,2.1631662845611572,-0.20864568650722504
7950,1.0139297246932983,1.455812692642212
1784,1.002174973487854,1.179755687713623
5738,0.5896915197372437,1.9401359558105469
8038,2.635624647140503,-0.32582294940948486
2325,0.5049524903297424,2.315958023071289
4156,1.8614466190338135,0.25680482387542725
5556,1.979698657989502,-0.013375363312661648
7560,1.1890437602996826,0.8272696137428284
6806,-0.3210279941558838,2.9103710651397705
6052,0.5150356888771057,1.7124245166778564
3071,2.663043260574341,0.3121308386325836
5411,1.7167030572891235,0.606482744216919
6401,2.555202007293701,0.4567910432815552
2068,0.8520376086235046,1.3338173627853394
3524,1.251232624053955,1.1557152271270752
4343,4.478456020355225,-1.0532339811325073
8003,3.406205654144287,-0.5712564587593079
4081,1.5849418640136719,0.6241760849952698
5279,0.026060208678245544,2.5203847885131836
7359,2.5262515544891357,0.21417030692100525
1876,0.21726422011852264,2.3888566493988037
1931,2.2492311000823975,-0.6654325127601624
2828,1.8682552576065063,0.3984295427799225
5114,1.9238213300704956,0.7663244009017944
6632,0.25577521324157715,1.8387020826339722
7084,1.206974744796753,1.7698562145233154
7365,2.1069700717926025,0.13104215264320374
4462,3.6295104026794434,-0.5975924134254456
4944,2.8351519107818604,0.33765530586242676
6289,0.7756109237670898,1.225165605545044
3317,2.3192198276519775,0.5355702638626099
4776,1.8413206338882446,0.6567127704620361
3044,0.6734475493431091,1.5593006610870361
3189,3.552304267883301,-0.254247784614563
7311,2.1164402961730957,0.19545014202594757
2028,-0.22514033317565918,2.8118624687194824
2631,0.8580767512321472,1.6736946105957031
3394,2.9919445514678955,0.0004102000966668129
3483,2.3617217540740967,0.6068081855773926
5956,0.20349828898906708,2.557785749435425
7006,0.6216294169425964,1.4774527549743652
5158,1.517632007598877,0.9950652718544006
2446,0.17676767706871033,1.89039945602417
7757,0.6170928478240967,1.0737338066101074
5293,2.992812395095825,-0.4247356653213501
7745,1.6659313440322876,0.5658859610557556
8194,1.1364469528198242,1.0701898336410522
4648,2.1085028648376465,1.5236961841583252
6734,0.9423083662986755,1.4802088737487793
8210,1.3833385705947876,1.5899364948272705
2743,0.85812908411026,1.4008140563964844
4756,0.7144430875778198,2.602126359939575
2477,0.9631877541542053,1.4985591173171997
3707,1.9593572616577148,0.07169857621192932
1561,0.6796635985374451,1.7716102600097656
3208,1.5347402095794678,1.4852325916290283
4670,-0.07375446707010269,2.7504076957702637
5024,1.4686353206634521,0.9571974873542786
1957,1.5725183486938477,0.7445777058601379
5638,1.55382239818573,0.6689024567604065
5978,3.4780545234680176,-0.729891300201416
4859,-0.9054476022720337,3.6774685382843018
5383,0.13182072341442108,2.205763578414917
7575,1.5300846099853516,0.7512068152427673
8427,2.189929962158203,0.7467140555381775
2247,1.6880290508270264,0.7471736669540405
7968,1.3145654201507568,0.5886791348457336
3643,1.2997689247131348,1.256598711013794
5382,2.4194958209991455,0.25378987193107605
7761,1.2301746606826782,0.8070719838142395
8181,2.4564857482910156,0.653033435344696
4742,0.8598407506942749,1.2228189706802368
4816,1.1281375885009766,1.4541836977005005
5495,0.3419080972671509,2.0088980197906494
4167,0.6996868848800659,1.9153006076812744
5724,1.426009178161621,1.199399709701538
6790,2.1077117919921875,0.3101651072502136
7633,1.1837081909179688,1.316129207611084
8279,0.6633508205413818,2.1856915950775146
5573,1.2471022605895996,1.7748324871063232
3087,2.837937593460083,0.17357242107391357
4265,1.6456114053726196,0.4492606520652771
5558,1.0844088792800903,1.4722508192062378
5752,1.1481494903564453,1.2967355251312256
7090,0.46457958221435547,2.4293935298919678
8344,0.02626647800207138,2.6272799968719482
8387,2.305877447128296,-0.036912448704242706
4431,2.68926739692688,0.1313047856092453
8135,0.6441795825958252,1.991447925567627
5110,0.20005150139331818,1.98372220993042
5310,0.5422922968864441,1.5215799808502197
1899,1.501692533493042,0.9994298815727234
3894,0.2587570250034332,1.9762604236602783
3926,0.8602204918861389,1.7468316555023193
4190,2.9224252700805664,-0.5392331480979919
4786,-0.08047942817211151,2.1425559520721436
6149,0.794491171836853,0.6179438829421997
6722,0.8327069282531738,1.3899104595184326
6981,1.637131929397583,0.7135093212127686
7551,1.963744044303894,0.8246081471443176
7697,0.8379147052764893,1.5967180728912354
1566,2.662559747695923,-0.37939533591270447
6902,2.716120958328247,-0.21082007884979248
6565,0.6404632329940796,2.001641273498535
5049,1.5546050071716309,1.3580119609832764
5813,1.3172659873962402,0.993318498134613
2561,2.6509056091308594,-0.2808002829551697
4491,2.749180316925049,-0.504205584526062
8487,2.514676094055176,0.03907325491309166
7105,2.258256673812866,0.23727361857891083
8098,1.9839351177215576,0.4257560074329376
4611,1.2919824123382568,1.0189566612243652
4920,1.4794296026229858,1.086967945098877
6767,0.4099296033382416,2.325230360031128
7130,0.768690288066864,1.6886298656463623
3024,0.16086111962795258,2.213671922683716
3104,2.261288642883301,1.1916977167129517
3398,1.467348575592041,1.3178989887237549
3551,0.8854020237922668,1.1678508520126343
5423,1.4051005840301514,0.7765409350395203
5137,0.8690583109855652,1.8661904335021973
7087,-0.05359245091676712,2.8315114974975586
3570,1.2502620220184326,0.6990606784820557
5505,2.3638498783111572,0.46515506505966187
8032,1.8037166595458984,0.6742334961891174
5005,1.7297654151916504,0.7429922223091125
5964,0.44228631258010864,2.5541982650756836
7491,-0.030259817838668823,2.875959873199463
3670,1.6395503282546997,0.29018110036849976
3911,3.2060039043426514,-0.3258642256259918
5454,2.47883939743042,-0.18149234354496002
7242,1.4034655094146729,1.3795480728149414
4791,-0.48645541071891785,3.4137659072875977
7866,1.4872385263442993,0.2885371148586273
8028,0.018400192260742188,2.287123203277588
8064,0.6639478802680969,1.745927095413208
1742,1.3272737264633179,2.1244394779205322
3379,0.489549845457077,1.9833316802978516
5712,0.278837114572525,2.5568041801452637
7722,1.9820752143859863,0.5679269433021545
3810,0.5185524821281433,1.9262619018554688
5318,2.182898759841919,1.0635696649551392
6779,1.6613812446594238,0.9740180969238281
6921,0.7957140803337097,1.8608859777450562
7345,1.0853374004364014,1.317481279373169
3591,1.4547665119171143,0.7223486304283142
4868,3.0542099475860596,-0.4054788053035736
5313,2.668128728866577,-0.1919015496969223
3597,2.63444185256958,0.22405938804149628
5587,1.3541926145553589,0.9760147929191589
7294,2.221473455429077,0.12860828638076782
7574,2.1870901584625244,0.2502254247665405
8110,1.5107488632202148,1.4593071937561035
3082,0.8458324074745178,1.569946050643921
5571,2.0486738681793213,0.42523393034935
6257,1.0102360248565674,1.5466294288635254
6269,0.7247300744056702,1.8620076179504395
6567,2.0917446613311768,0.35082122683525085
6964,1.9294981956481934,0.034161921590566635
2966,2.041668176651001,1.0554180145263672
3004,0.5130059123039246,1.0900485515594482
5490,0.11253110319375992,2.572152853012085
8171,1.3504226207733154,1.5077011585235596
3435,2.346362590789795,0.25684672594070435
5056,2.4806087017059326,0.6607100963592529
6071,3.282662868499756,-0.3998538851737976
7097,2.7165913581848145,0.019292272627353668
4961,1.2800047397613525,0.7775753140449524
6406,1.9194759130477905,-0.1482347995042801
6843,1.3382458686828613,1.2531633377075195
8368,1.3367183208465576,1.2543407678604126
2805,0.1749909669160843,2.398101806640625
2146,1.4607949256896973,1.538747787475586
4004,2.2527503967285156,0.23983578383922577
4661,2.3914272785186768,-0.1819271296262741
5109,2.389402151107788,0.15189753472805023
6783,2.369525671005249,0.24807171523571014
5567,0.31344056129455566,2.0292203426361084
6771,-0.25783872604370117,2.5481128692626953
2441,3.1209473609924316,-0.051674358546733856
6336,1.6562681198120117,1.0906376838684082
6607,0.4686654806137085,1.511529564857483
5051,2.7253663539886475,-0.10153625905513763
6756,-0.06085134297609329,2.8719208240509033
1533,0.40395456552505493,1.6680179834365845
4870,2.213439702987671,0.38630950450897217
6290,1.1624045372009277,1.1895668506622314
8209,1.252436876296997,1.1131526231765747
5367,2.4863719940185547,0.513251781463623
2359,1.338407039642334,0.5235903859138489
6534,2.394749879837036,0.1656152307987213
6899,2.328794240951538,0.4399160146713257
8535,1.724921464920044,1.1698726415634155
2162,2.0260775089263916,0.350519061088562
5058,3.7263669967651367,-0.5355388522148132
5121,1.7270233631134033,1.0345337390899658
8298,2.2688872814178467,-0.08464650064706802
8317,0.961015522480011,1.4068865776062012
4801,1.1538375616073608,1.576721429824829
6485,0.06822816282510757,2.0149013996124268
2464,1.9132705926895142,0.9769457578659058
2488,2.1950771808624268,0.4238830804824829
2820,2.029980421066284,0.5879367589950562
3983,1.2974152565002441,1.473757028579712
6757,1.316030740737915,0.9294996857643127
2831,3.4102351665496826,-0.020872391760349274
5020,0.7008705139160156,1.5501348972320557
5418,2.770570755004883,-0.6027582883834839
7683,2.4698305130004883,0.36956262588500977
3804,2.4545624256134033,-0.28993046283721924
5901,2.351238489151001,0.20573218166828156
6585,1.0128759145736694,1.391556978225708
7318,1.7035467624664307,0.8345977663993835
2740,1.8752312660217285,0.9664367437362671
5031,1.9073455333709717,0.6019629836082458
8362,1.9088010787963867,0.43458855152130127
1518,3.45367169380188,-0.6696042418479919
3644,0.5716027021408081,1.2623021602630615
5255,1.1371055841445923,1.6160650253295898
7162,-0.11378534883260727,3.0797693729400635
5830,1.8234742879867554,-0.08541571348905563
3608,0.6164514422416687,1.724990963935852
3867,1.7781364917755127,0.8917915225028992
6859,0.6532639265060425,1.2632793188095093
7448,-0.1583133339881897,2.3191473484039307
4385,0.9179571270942688,1.672466516494751
5074,0.9136111736297607,0.5546969771385193
6262,1.2173311710357666,0.758445680141449
7015,1.1862229108810425,1.7792294025421143
2572,0.6402519345283508,2.478675603866577
4930,0.09397121518850327,2.242361307144165
5378,2.072441339492798,0.9888788461685181
8325,2.8800976276397705,0.25202476978302
2427,1.5435055494308472,0.6863114237785339
5570,1.567548394203186,0.4861700236797333
5953,2.5937130451202393,-0.013004264794290066
3890,2.908310890197754,0.027384236454963684
5260,0.48961198329925537,2.2703359127044678
8280,0.07936730235815048,2.159264326095581
2381,0.36492064595222473,2.098428964614868
2610,2.273247718811035,0.4867187738418579
5678,1.4328181743621826,0.6654605269432068
5741,1.0656168460845947,1.430967092514038
7568,2.877720355987549,-0.5455839037895203
3216,0.8303262591362,1.8573882579803467
4366,1.8108668327331543,0.6416102051734924
8283,1.3780797719955444,0.875591516494751
4251,2.0729098320007324,0.6247255206108093
7205,2.6555216312408447,0.10567846894264221
5105,0.6369355916976929,1.5356181859970093
2475,2.860466718673706,0.06651770323514938
2978,2.1322548389434814,1.1303707361221313
3876,1.6504191160202026,0.5025773644447327
5580,1.3649256229400635,1.4704184532165527
6454,-0.4247666001319885,3.1091630458831787
6737,2.7882962226867676,-0.11283731460571289
7020,1.544335126876831,1.0464849472045898
7778,0.7808384299278259,1.6482563018798828
3855,0.6352788805961609,1.08821439743042
8159,1.2260345220565796,1.3557636737823486
8358,3.2710816860198975,-0.3071897029876709
2868,0.6904372572898865,1.6720409393310547
3632,1.77323317527771,0.8208168148994446
4741,2.5766594409942627,0.09358931332826614
3990,0.9768362641334534,1.8540022373199463
4568,0.6807400584220886,1.1149357557296753
5918,1.1583552360534668,0.6037655472755432
4191,2.1625828742980957,0.7745330929756165
4517,-0.28078895807266235,2.8023483753204346
5706,0.8569957613945007,1.1277111768722534
5777,0.4383509159088135,1.758854627609253
1625,2.518705129623413,-0.19125056266784668
2685,0.28404104709625244,1.3287150859832764
2738,1.1625055074691772,1.2631534337997437
3168,0.7906759977340698,1.701424479484558
5510,0.9141029715538025,1.6627626419067383
6623,2.3406684398651123,0.6573787331581116
6677,2.099881410598755,0.6657527089118958
7456,2.056356430053711,0.8168755173683167
2044,1.2088953256607056,1.5287482738494873
4815,1.1228365898132324,1.2124576568603516
5120,1.7333232164382935,0.7337372303009033
5270,1.1800339221954346,1.4268519878387451
6229,3.4346413612365723,-0.1050390899181366
6970,-0.2085489183664322,2.7533531188964844
2339,1.9779858589172363,0.9215242862701416
8220,0.3041073679924011,1.9414108991622925
2679,2.2351534366607666,0.643405020236969
7250,1.1881107091903687,0.9694487452507019
2684,1.404465675354004,1.120896339416504
3405,1.5000063180923462,1.3833436965942383
6786,2.6676275730133057,-0.03289337456226349
3426,3.074537992477417,-0.0493948832154274
6266,2.1641180515289307,0.8022306561470032
6929,0.8734357953071594,1.2254213094711304
1643,1.5283514261245728,0.3795217275619507
3775,2.0165858268737793,0.5644253492355347
7852,1.1773719787597656,1.3722009658813477
2386,2.443352460861206,-0.12084933370351791
2542,-0.03171674162149429,2.3799006938934326
3279,2.762474536895752,0.0653512179851532
4328,1.61233389377594,0.11763665080070496
5479,0.3856654763221741,1.168410301208496
8501,1.8826085329055786,0.8470701575279236
3956,1.4123167991638184,0.8308989405632019
6419,1.0516111850738525,1.7965915203094482
5414,0.9506626725196838,1.5735464096069336
4764,1.2887263298034668,1.7968454360961914
5263,3.332583427429199,-0.4956786632537842
8290,2.158874034881592,0.40387919545173645
8404,0.830367386341095,1.615220546722412
5262,1.4795516729354858,0.8282728791236877
6871,1.582464337348938,1.071580171585083
2076,0.48070695996284485,1.9637449979782104
4924,-0.5909913182258606,2.9186360836029053
5885,1.4303046464920044,1.294331669807434
6573,3.165168523788452,0.02192612737417221
7136,1.5620636940002441,1.1556845903396606
7305,2.3902840614318848,0.6169499158859253
7669,0.9005997776985168,2.175713300704956
5608,0.24067269265651703,1.4760643243789673
5854,2.1093814373016357,0.7022005319595337
3200,1.7595340013504028,1.0578924417495728
5048,2.3862621784210205,0.09902294725179672
5475,1.1333411931991577,1.4724595546722412
6096,1.065181016921997,1.7823421955108643
3034,2.283879041671753,-0.4027877449989319
3110,0.8592990040779114,1.3789905309677124
4199,0.9104974865913391,1.452453374862671
4602,1.5365862846374512,0.9869679808616638
7413,1.9524444341659546,0.14895625412464142
5285,1.537627100944519,1.3600903749465942
6094,0.07198534160852432,2.91190505027771
7863,1.863162875175476,0.4611291289329529
6561,0.16235409677028656,2.8292219638824463
7026,1.4888743162155151,0.8425988554954529
8174,2.0551626682281494,0.9561631679534912
3949,1.4289931058883667,0.9715765118598938
5311,1.549822449684143,1.0051466226577759
8155,1.8306750059127808,0.2585347592830658
8262,2.181199312210083,0.28020718693733215
6315,2.8377225399017334,-0.29059523344039917
6973,0.4530293345451355,1.9170652627944946
5374,1.391897439956665,1.6157200336456299
5579,1.3526935577392578,0.9789724349975586
5588,0.9721989631652832,1.3912009000778198
3852,2.4951632022857666,-0.10754337161779404
4858,0.5902442336082458,2.155780076980591
1916,2.253901958465576,0.7124680876731873
5828,1.7643365859985352,1.0295875072479248
7638,1.5670403242111206,0.5753639340400696
7887,2.3432488441467285,-0.20538459718227386
5932,1.9026376008987427,0.7536309957504272
6664,1.6133277416229248,1.004177212715149
4153,2.0934364795684814,0.02062758058309555
3959,1.5992181301116943,0.6644254326820374
7704,2.4264638423919678,-0.24436645209789276
5161,1.8929612636566162,1.0644311904907227
5576,1.329824447631836,0.8768438696861267
5748,1.3356080055236816,0.9857834577560425
2799,1.396503210067749,0.9165480136871338
5730,-0.3931165039539337,2.937375068664551
7007,0.5352687239646912,1.400683879852295
8118,2.707883596420288,0.7372500896453857
2037,1.6938695907592773,0.9913716912269592
2456,3.1775689125061035,-0.5213963389396667
4889,1.7454522848129272,1.1502619981765747
7347,1.1724345684051514,1.653177261352539
8288,1.2107080221176147,0.8054059147834778
3813,0.902594804763794,1.64662504196167
4685,0.8643995523452759,1.1924183368682861
5252,1.0808870792388916,1.7837896347045898
6985,1.6745306253433228,0.06927747279405594
1729,1.0565767288208008,1.305609941482544
1994,1.222411870956421,1.0427944660186768
7425,1.4192941188812256,0.7231894135475159
7513,-0.1246098205447197,2.855006456375122
7561,2.24771785736084,-0.14732138812541962
3300,2.4996249675750732,0.32056620717048645
6081,1.8927514553070068,0.7575755715370178
8254,2.5477561950683594,0.03108077496290207
3617,2.752652168273926,0.11772224307060242
4720,1.3077764511108398,1.746544599533081
5974,1.219983696937561,1.5078790187835693
6147,1.830228328704834,0.17204174399375916
6367,3.0751540660858154,-0.06239926069974899
6465,2.762192964553833,-0.21864111721515656
4096,3.3648841381073,-0.29214170575141907
4911,2.2758970260620117,0.11798148602247238
5575,1.86931312084198,0.3385831415653229
5764,1.797682762145996,0.5561248660087585
5893,2.308483362197876,0.6680294871330261
7201,2.168729066848755,-0.06434523314237595
8096,1.5308213233947754,0.6621546745300293
5217,1.7703289985656738,0.7385600805282593
6486,2.008638620376587,0.563328206539154
3272,0.7703351378440857,2.1333959102630615
4735,1.950225591659546,-0.09300411492586136
5029,0.8267472386360168,2.0389645099639893
5358,1.5727710723876953,1.0269432067871094
2833,1.923851728439331,0.9771639704704285
4482,1.029563069343567,1.1880111694335938
2666,0.8236411213874817,2.090955972671509
2895,1.1661581993103027,1.4521949291229248
6073,0.7703421115875244,1.391370415687561
3195,0.5980991721153259,2.0728747844696045
3762,3.2871696949005127,-0.21162299811840057
3809,0.18095926940441132,2.5274620056152344
4513,1.3905882835388184,1.0839729309082031
6133,2.0521585941314697,0.4816525876522064
5308,0.2732154130935669,2.2506937980651855
6665,2.1561086177825928,-0.0791594460606575
6820,1.3503172397613525,1.0955393314361572
4830,2.136389970779419,-0.07112433016300201
5225,2.2432029247283936,-0.09753387421369553
6460,1.3909900188446045,1.532538652420044
8447,2.0837037563323975,0.36733952164649963
2238,2.7975234985351562,-0.39796555042266846
5381,2.0072553157806396,0.15057094395160675
7275,2.8228201866149902,-0.0977865681052208
1678,1.8356168270111084,0.790047824382782
4369,0.8489685654640198,1.2422940731048584
7417,1.9214146137237549,0.40926995873451233
7547,1.714597463607788,1.0640239715576172
8312,1.760654091835022,0.5382028222084045
7395,1.178745985031128,1.1666245460510254
7837,2.1701667308807373,0.01405168417841196
2074,0.1593034565448761,2.3751308917999268
3577,3.8684301376342773,-0.948409378528595
7296,2.4588072299957275,-0.05152095854282379
4266,1.750596046447754,0.6942761540412903
6242,2.5244643688201904,0.587325394153595
2758,0.8835563063621521,0.776159405708313
4979,2.1989285945892334,0.8289721012115479
7559,0.9871125221252441,1.0037660598754883
7873,2.76718807220459,0.16278813779354095
8212,1.1192030906677246,1.6514391899108887
5106,1.7283151149749756,0.5341371893882751
5389,0.687823474407196,1.3615036010742188
6249,0.032262034714221954,2.340843915939331
7120,1.4649477005004883,0.9603835344314575
4628,-0.0011807819828391075,2.5061135292053223
8372,2.0569403171539307,0.3435055911540985
1949,0.9592614769935608,0.5762909054756165
4992,3.2637383937835693,-0.1943960338830948
5662,1.7531726360321045,-0.04242356866598129
1765,1.263232707977295,1.2310506105422974
2291,1.1514368057250977,1.3694202899932861
8332,1.581515908241272,0.5571596622467041
3035,2.4079649448394775,0.197286456823349
5477,2.2214810848236084,0.44892263412475586
6212,1.6056797504425049,0.7419600486755371
6472,2.670421838760376,0.10486872494220734
2905,1.5777630805969238,1.5491929054260254
2954,0.33704763650894165,2.599698305130005
3304,2.153541326522827,0.5801190733909607
5290,0.9248235821723938,1.5311851501464844
5986,-0.24019549787044525,2.7857534885406494
6748,0.7454645037651062,2.267378568649292
7594,1.1354877948760986,1.1808390617370605
2426,2.16528582572937,0.22737480700016022
4667,2.687716007232666,0.31563127040863037
3509,0.1842205673456192,3.091852903366089
3752,1.037691593170166,1.9964340925216675
5818,1.8626971244812012,0.7145431637763977
5088,0.5736928582191467,2.1294751167297363
2643,1.5788249969482422,1.0107001066207886
3153,1.6720116138458252,0.677040159702301
3020,2.726649522781372,0.027825091034173965
5483,3.7785632610321045,-0.7451990246772766
8137,1.7330207824707031,0.810671865940094
8440,1.9754986763000488,0.023925915360450745
4869,-0.08550495654344559,2.473252058029175
5585,0.011038252152502537,2.8397443294525146
7914,0.33026617765426636,1.9081401824951172
3273,0.4332413375377655,2.154263496398926
4789,1.5063133239746094,0.9786545038223267
5810,1.4274485111236572,1.034963846206665
7790,1.5211262702941895,1.0998190641403198
8123,0.14388306438922882,2.5915510654449463
2129,1.0829179286956787,1.5855398178100586
6339,0.7433589696884155,1.199211597442627
6516,1.9015337228775024,0.7164978384971619
7438,3.224307060241699,-0.39199575781822205
6740,2.485077381134033,0.3643580973148346
7193,2.27142071723938,0.09587765485048294
2211,0.546864926815033,2.2002780437469482
7222,0.187988743185997,2.2622828483581543
8083,0.07391317188739777,3.0052292346954346
1737,1.7566509246826172,0.8830339908599854
4942,2.2543435096740723,0.30072760581970215
5205,1.5515835285186768,0.42423343658447266
8512,1.4649085998535156,0.9333171248435974
1669,-0.40167009830474854,2.821917772293091
7387,2.0327041149139404,0.6354287266731262
5079,-0.027783531695604324,2.603771448135376
7104,1.6589950323104858,1.3918910026550293
7874,2.806642532348633,-0.5791500210762024
2573,1.4982773065567017,1.492533564567566
4676,0.7767732739448547,1.911128282546997
8037,1.4753079414367676,1.2302051782608032
5082,2.9438750743865967,-0.1864396184682846
8323,1.8627480268478394,0.3585381805896759
2603,1.2592246532440186,1.1551952362060547
5667,-0.10505164414644241,2.0172624588012695
6140,1.7530466318130493,0.7225760817527771
5281,0.45506012439727783,1.7857789993286133
6817,1.5387508869171143,1.2219187021255493
7991,3.334632158279419,-0.4421108663082123
8208,2.398224115371704,0.20392782986164093
2513,0.8754704594612122,1.5504528284072876
7149,-0.01561038102954626,2.461066246032715
7918,3.7526028156280518,-0.4314277768135071
8497,-0.41461238265037537,2.0553181171417236
2436,1.5761500597000122,1.4207170009613037
6084,1.8472791910171509,0.7456358671188354
6595,2.086016893386841,0.39007169008255005
7304,1.0516319274902344,1.4323139190673828
3338,2.7176358699798584,0.019084952771663666
5307,1.9945474863052368,0.627490222454071
6131,1.8798813819885254,0.4741159677505493
6241,1.3225288391113281,1.4624671936035156
4839,0.3707340359687805,1.5312566757202148
6643,1.648139238357544,0.9380852580070496
7838,0.5956884026527405,1.5311596393585205
7927,1.7893427610397339,1.0174505710601807
8516,1.2559657096862793,0.7525469660758972
1621,1.05533766746521,1.1157972812652588
6383,2.0203959941864014,0.251390665769577
3085,2.6263926029205322,-0.23477447032928467
3934,0.19351425766944885,2.1424806118011475
6291,2.2963740825653076,0.5739980340003967
6962,1.219228982925415,1.6027833223342896
7082,0.8281832337379456,1.2692164182662964
7127,0.3946468234062195,1.8299089670181274
4555,1.104915738105774,2.113504648208618
3680,2.9321601390838623,-0.4296872019767761
5548,1.5797160863876343,0.42479056119918823
5796,1.0251370668411255,0.7346505522727966
5278,2.9823050498962402,-0.36419448256492615
6228,2.440852165222168,0.22932717204093933
4186,1.5330510139465332,1.2884504795074463
4203,2.73152756690979,0.07013268023729324
5009,1.0035291910171509,0.9361178874969482
6211,0.39791131019592285,1.2462496757507324
3399,1.1247225999832153,1.1338262557983398
6275,1.0393710136413574,1.3952345848083496
1843,0.7640922665596008,1.7545639276504517
3676,2.0407698154449463,0.288625031709671
4725,0.8451806902885437,1.9730892181396484
6708,2.3972647190093994,0.005760793574154377
6829,2.539595127105713,-0.2748609185218811
6913,0.35746756196022034,1.8693798780441284
4973,2.4232518672943115,0.2892089784145355
5141,0.3723878562450409,2.0218164920806885
6730,2.5587527751922607,-0.2700961232185364
5535,1.3169658184051514,0.7466288805007935
5773,1.0152575969696045,1.7816694974899292
6765,0.5328004360198975,2.200777053833008
7708,1.2244811058044434,0.9819624423980713
3507,1.77171790599823,1.42857825756073
5332,1.2368043661117554,0.9048755168914795
8286,1.7434831857681274,0.9884258508682251
4217,1.309672236442566,1.4135562181472778
5501,1.9299591779708862,0.721064031124115
7151,1.6487178802490234,0.9953824877738953
4902,1.76230788230896,0.6207734942436218
7661,2.3034987449645996,0.01080463919788599
1973,2.1291697025299072,0.5011158585548401
2378,1.6286265850067139,0.8911176323890686
6690,0.45166483521461487,1.3895142078399658
1986,1.0315771102905273,1.2597029209136963
4721,1.6270780563354492,0.2842557430267334
6418,1.3563363552093506,1.07945716381073
8232,0.15008004009723663,1.47049081325531
6430,3.1148037910461426,-0.5109260678291321
7337,2.0802173614501953,-0.09452249854803085
5428,1.722988486289978,0.9992000460624695
6815,3.543771743774414,-0.5597545504570007
3535,1.574063777923584,1.1330465078353882
8311,1.8426051139831543,0.5954535603523254
3476,0.46520501375198364,2.089498996734619
5634,1.6857140064239502,0.8597318530082703
7173,1.4311931133270264,1.0488510131835938
2636,1.5232248306274414,1.1561784744262695
4690,1.0914616584777832,0.9010540843009949
2924,1.4617881774902344,1.1438710689544678
3985,1.750286340713501,0.3880552649497986
4762,-0.38311368227005005,1.9227526187896729
2878,1.4156246185302734,1.353035807609558
3790,1.4198477268218994,0.7984232306480408
4737,2.4984536170959473,0.4605218172073364
4241,1.7547411918640137,0.9767853617668152
1569,2.1655807495117188,0.34905922412872314
4072,1.5941756963729858,0.4045703411102295
3938,3.0227854251861572,0.3154606819152832
3873,2.839052438735962,-0.012941027991473675
1786,1.0520700216293335,1.0265684127807617
3989,1.9855557680130005,0.5318009257316589
2579,0.641334593296051,2.179685115814209
3268,3.749706506729126,-0.8791633248329163
4565,3.043761968612671,-0.44343969225883484
5916,1.4417922496795654,1.0846349000930786
2992,0.9735105633735657,1.4022159576416016
4624,1.4201407432556152,1.855346918106079
2616,2.582113027572632,0.4985998570919037
7299,1.7324467897415161,0.5819096565246582
4130,0.5793615579605103,1.99772310256958
4918,2.472752332687378,-0.031906239688396454
8363,1.3763494491577148,0.7503890991210938
2280,1.0950615406036377,1.5974533557891846
6114,1.7839624881744385,0.6501572728157043
8393,0.8828427791595459,1.8463704586029053
2701,1.5173146724700928,0.6738231182098389
5439,0.2787691354751587,1.7842276096343994
5961,0.4461315870285034,2.1756479740142822
6001,0.2195018082857132,2.2238214015960693
1871,0.5069748759269714,1.6309609413146973
5166,0.397304892539978,2.2009074687957764
1898,2.4681966304779053,-0.6018233299255371
3946,1.478821039199829,1.5434322357177734
4767,1.6641161441802979,0.7783486247062683
5201,1.4299588203430176,1.4231557846069336
6104,2.912912607192993,0.10492110997438431
2578,1.8905727863311768,0.3852047920227051
4090,1.237747311592102,1.8682518005371094
6739,2.2267158031463623,0.480290949344635
6995,1.6481776237487793,0.4314490556716919
3921,3.0988147258758545,0.26846492290496826
4827,2.42814564704895,-0.3046986162662506
5345,0.8903518915176392,1.8511977195739746
2629,1.6261017322540283,1.1410784721374512
4936,0.08813146501779556,1.2373896837234497
7326,0.7520937919616699,2.0510413646698
7702,1.5004591941833496,0.803007185459137
6583,2.2247493267059326,-0.19224371016025543
7802,1.7316784858703613,0.6760467886924744
4969,1.967289686203003,1.4945850372314453
5761,3.361698627471924,-0.6955095529556274
7876,1.3127222061157227,0.8478588461875916
8343,0.9047827124595642,1.627854585647583
2771,2.646839141845703,0.5662031769752502
7102,0.561801552772522,2.060930013656616
7888,2.3120405673980713,0.4309592545032501
1530,0.37410029768943787,1.4078084230422974
2554,1.5403079986572266,0.9573483467102051
2724,1.3642761707305908,0.8920552134513855
4915,1.2410914897918701,1.657535195350647
5154,0.8133191466331482,1.6350147724151611
6179,2.726161241531372,0.08755667507648468
4681,1.1704440116882324,0.9815739989280701
7085,1.5143210887908936,1.5829143524169922
8345,3.089024305343628,-0.06505971401929855
2384,2.4928057193756104,0.6462125182151794
2611,2.350493907928467,-0.04234450310468674
7623,2.9926235675811768,0.11759618669748306
1783,3.551676034927368,-0.8788707852363586
2541,0.9159431457519531,1.126076579093933
5189,0.8165192008018494,1.9004799127578735
1872,1.1736801862716675,0.7307731509208679
2533,2.49983286857605,-0.252153605222702
6650,3.1578376293182373,-0.4022988975048065
2838,0.6863037347793579,1.625898838043213
2995,1.756930947303772,0.7426866888999939
8359,1.428510308265686,1.3214105367660522
3995,2.245305299758911,0.442139595746994
4726,2.7264626026153564,-0.16973204910755157
7570,2.764694929122925,-0.12209684401750565
8444,1.01735258102417,1.5411661863327026
4289,2.8227360248565674,-0.24243967235088348
6992,1.21517813205719,1.7970269918441772
7075,2.2499053478240967,0.870040774345398
8433,2.4591143131256104,-0.49929893016815186
2640,1.817086935043335,1.144002914428711
5594,2.7334840297698975,0.098053477704525
6299,0.19937549531459808,2.4381556510925293
2052,2.624286413192749,0.15885210037231445
5861,2.2764194011688232,-0.15662533044815063
7046,2.2308545112609863,0.3457934856414795
4046,3.6647632122039795,-0.7139266133308411
6609,0.6849127411842346,1.3896877765655518
3245,2.300807237625122,0.11551306396722794
6521,-0.2981351613998413,3.1822829246520996
2371,0.27073827385902405,2.781388521194458
1647,2.7731854915618896,-0.15826767683029175
5014,1.1816275119781494,1.0545251369476318
5694,1.641028642654419,0.3624522387981415
8341,0.9578908681869507,1.3611295223236084
4820,-0.47994738817214966,2.8556485176086426
8245,2.493680953979492,0.32646873593330383
6111,1.9145221710205078,0.4496017098426819
8266,1.3501570224761963,1.104609489440918
5136,2.656287908554077,0.21802130341529846
6010,0.5670649409294128,1.7762317657470703
7617,1.6448795795440674,0.7648982405662537
6141,1.1702080965042114,1.8011510372161865
7196,1.8774409294128418,0.09010010212659836
1637,0.4008660316467285,2.288465738296509
4470,1.0660879611968994,1.1631863117218018
7111,1.78507399559021,0.9243301749229431
8008,1.1937756538391113,1.5268796682357788
4800,0.8176524043083191,0.8475186228752136
5168,-0.09811260551214218,2.1331045627593994
5044,3.4793827533721924,-0.7720665335655212
7961,1.3093104362487793,0.7234926223754883
2525,-0.05287475883960724,2.4746997356414795
3346,0.6173900961875916,1.962323546409607
5526,1.4580084085464478,0.9262633323669434
3221,3.559535026550293,-0.5144383311271667
2034,-0.12310970574617386,2.1042354106903076
2548,2.837496280670166,-0.2671184837818146
2565,-0.052847981452941895,2.7403199672698975
5817,0.3749263286590576,1.6901116371154785
8337,1.1463572978973389,1.4898340702056885
2557,2.5914621353149414,0.03681433945894241
3487,1.684300422668457,0.6234734654426575
8150,3.6277925968170166,-0.9506377577781677
2489,2.121511220932007,0.4656582772731781
5089,0.1098620817065239,1.6985228061676025
7159,2.371779203414917,-0.05897803604602814
5783,0.6911957263946533,1.3717314004898071
2727,0.7699275612831116,1.0565121173858643
8136,0.5960955619812012,1.8625788688659668
5081,2.4282305240631104,0.3487359583377838
4712,1.9018614292144775,0.4936942160129547
5286,-0.19185437262058258,2.4456138610839844
5386,0.7182283401489258,1.5772769451141357
4037,1.9292973279953003,0.8548248410224915
5305,2.0406925678253174,0.20071770250797272
6905,0.934410035610199,1.1921510696411133
4774,2.9376437664031982,-0.17529098689556122
8458,0.5723153948783875,1.8695627450942993
2469,2.260762929916382,-0.15117670595645905
2056,2.1168785095214844,0.0941084697842598
6280,1.2337019443511963,1.2196094989776611
7818,3.314303159713745,-0.5058241486549377
6444,1.9212926626205444,0.4534779489040375
6245,1.9187688827514648,0.3501890003681183
6746,1.5017727613449097,1.3352084159851074
2947,2.0898520946502686,0.5747108459472656
8153,1.0630007982254028,1.7490358352661133
1862,2.606511354446411,-0.45538991689682007
1710,1.8452131748199463,0.49935972690582275
1731,-0.3913288414478302,2.843285083770752
4622,2.113724946975708,0.423925518989563
6461,1.3429758548736572,1.271842360496521
4228,1.0830096006393433,0.8547492623329163
5909,0.5520432591438293,2.3627750873565674
5998,0.9866411089897156,1.3694934844970703
2842,1.6311780214309692,1.488736629486084
3215,0.48928335309028625,0.8490692377090454
4278,2.7708985805511475,0.25033044815063477
7475,0.9850165247917175,0.8980513215065002
6476,1.2087385654449463,1.1841039657592773
7616,1.335566520690918,0.4204670190811157
1942,1.7386651039123535,0.5149706602096558
5481,1.0978165864944458,1.7179805040359497
6085,0.23622995615005493,1.5012004375457764
4812,3.824091911315918,-0.4301902651786804
5788,1.8528025150299072,1.0853865146636963
6773,0.9184240698814392,1.663815975189209
8246,1.1646240949630737,1.2077116966247559
6136,2.0152175426483154,0.9225980639457703
6518,0.5109092593193054,2.3741273880004883
4501,0.2696206271648407,2.200847625732422
6772,1.2172198295593262,0.7595661282539368
8237,0.7336636185646057,1.8126972913742065
4032,1.5805590152740479,0.8555690050125122
5235,1.261283040046692,1.5677540302276611
2729,2.3686110973358154,0.4800049960613251
3518,2.8242027759552,-0.10648982971906662
4530,3.1445133686065674,-0.3306313753128052
7108,1.35439133644104,1.3141391277313232
3160,0.736773669719696,2.393944501876831
4679,1.6373618841171265,0.773618757724762
6103,1.3302760124206543,0.9955512881278992
3231,2.0258638858795166,0.2543509006500244
6041,1.4576276540756226,1.2873446941375732
8095,-0.012791494838893414,1.9671809673309326
3356,0.6698988080024719,1.802148699760437
5241,2.1944944858551025,-0.10062117129564285
6128,1.9966299533843994,0.23281125724315643
6316,0.4861723780632019,1.7200024127960205
6936,2.3985702991485596,0.02809639275074005
5033,0.5386795997619629,1.5068626403808594
3993,2.277148962020874,0.8587043881416321
2220,0.4819146692752838,1.4474472999572754
3344,2.43631649017334,0.01550332922488451
6888,0.38629597425460815,1.6779122352600098
3976,1.8351197242736816,0.5087372064590454
5322,1.7911834716796875,0.7007477283477783
3715,2.392256021499634,0.23664642870426178
4207,2.8180763721466064,0.2262171506881714
5913,2.030071258544922,0.5968878865242004
4945,1.619492769241333,0.6931788325309753
2396,1.0410277843475342,2.0462937355041504
3111,2.042022466659546,0.7481512427330017
6635,1.8225412368774414,0.7244681119918823
4429,2.1469693183898926,0.6209872364997864
8272,1.6087361574172974,0.8429829478263855
8445,2.762749433517456,0.1178906261920929
6470,1.4755711555480957,1.2102675437927246
6822,0.7317158579826355,1.4727736711502075
8421,1.24005925655365,1.7579538822174072
4897,2.289567232131958,-0.10551443696022034
5008,2.4496827125549316,0.07214479893445969
5656,0.8070066571235657,2.126366376876831
8178,0.9390837550163269,1.4465895891189575
1581,0.15706346929073334,2.0223886966705322
3485,2.08549427986145,-0.24222950637340546
4751,2.05116605758667,0.4625552296638489
5373,0.8589171767234802,1.8994650840759277
7595,0.8905136585235596,1.2657489776611328
6286,2.0949337482452393,0.8271879553794861
6360,0.808407187461853,1.781858205795288
3640,1.2756563425064087,1.0240684747695923
4015,2.1868512630462646,0.3426071107387543
6949,1.5752415657043457,0.6715161204338074
7973,2.4423763751983643,-0.17472973465919495
6873,1.510526180267334,0.9241458773612976
5811,0.807621419429779,1.4487248659133911
7094,1.4466240406036377,1.5601589679718018
4817,2.9290316104888916,-0.034929342567920685
2522,2.37526798248291,0.6550256609916687
4410,2.2279956340789795,0.5602110028266907
7715,0.6226401925086975,1.1705124378204346
4990,1.953026533126831,0.7155179977416992
7932,1.352962851524353,0.4891914427280426
8000,1.409466028213501,0.8424018025398254
2793,1.3939030170440674,1.563669204711914
7832,0.9110649824142456,1.147093415260315
8146,1.2751684188842773,1.4677038192749023
2530,1.6242574453353882,1.3969573974609375
2651,1.0001202821731567,1.2109355926513672
5145,-0.15187136828899384,2.4722187519073486
7379,0.867832601070404,1.5653703212738037
3913,1.3624038696289062,0.5358423590660095
4757,2.4532523155212402,0.33827170729637146
4974,1.506615400314331,0.5805967450141907
3070,1.2558671236038208,1.0384058952331543
3558,2.949216604232788,0.08666743338108063
7839,2.4403300285339355,0.4009406566619873
1921,1.0746136903762817,1.0019629001617432
6594,1.5628721714019775,0.6789924502372742
8383,1.4238961935043335,0.9330740571022034
4632,2.4707465171813965,0.05567073076963425
2673,1.8984706401824951,0.7709918022155762
4952,2.1339991092681885,1.1267883777618408
6514,0.3456912636756897,2.2812047004699707
7160,0.893507719039917,1.5935351848602295
7563,0.6068752408027649,1.6851072311401367
2301,2.1278841495513916,0.554554283618927
5084,1.0812022686004639,0.909423291683197
6325,1.7477667331695557,0.8927299380302429
7166,0.9091953039169312,1.3914990425109863
7880,0.47737348079681396,1.86631441116333
2551,0.8951764702796936,1.8212257623672485
5820,3.5031683444976807,-0.5759835243225098
3407,2.196606159210205,0.23554106056690216
3449,0.1992034763097763,2.3240878582000732
4844,1.3341176509857178,0.7355868220329285
6451,1.5370436906814575,1.0275487899780273
4778,0.6391525864601135,1.4431548118591309
6492,1.2448973655700684,0.8685556650161743
8521,2.685284376144409,-0.13148678839206696
3587,2.5950725078582764,0.18814122676849365
5229,0.873272716999054,1.3073580265045166
7689,0.5028538107872009,1.5733530521392822
4678,-0.3018445074558258,3.0487353801727295
4805,0.1334657371044159,1.8819010257720947
5284,1.8690894842147827,0.973243772983551
3580,1.9993305206298828,1.4122707843780518
3638,0.3471154570579529,2.286552667617798
1917,1.13047456741333,1.6394565105438232
3539,2.7113876342773438,-0.5581859946250916
8043,3.9032678604125977,-1.0201404094696045
5416,3.3084652423858643,-0.4236859679222107
4368,1.140294075012207,0.9847539663314819
4935,-0.1918305605649948,2.6306777000427246
5858,2.3815348148345947,-0.12099266052246094
6394,0.5849280953407288,0.6691820621490479
7923,1.074256181716919,1.5949156284332275
4852,1.3564629554748535,0.430864155292511
7719,0.7725096344947815,1.5449110269546509
4569,1.5120099782943726,0.8735933899879456
6017,1.2480988502502441,1.3208210468292236
7167,1.9102046489715576,0.638020932674408
1723,1.5584261417388916,0.5744045376777649
1974,0.9892839789390564,1.3930020332336426
4991,1.3320372104644775,0.9678586721420288
7957,1.6929830312728882,1.1285560131072998
4418,0.6911961436271667,1.718278169631958
5045,1.8318101167678833,0.8449743986129761
5851,1.4476035833358765,1.019430160522461
6473,1.3863942623138428,0.9216353297233582
4392,1.5285835266113281,0.8494948148727417
5701,0.4870832860469818,1.2600970268249512
8111,0.1847696155309677,1.8016140460968018
8541,0.30485665798187256,2.200805187225342
5369,1.576801061630249,0.5039832592010498
4202,2.8864591121673584,-0.21322296559810638
5173,0.381427526473999,1.819283127784729
6474,2.0291202068328857,0.13081200420856476
2216,3.5567691326141357,-0.7996854186058044
6365,0.516666829586029,2.571375846862793
4609,0.5067802667617798,1.9718804359436035
7321,2.1199920177459717,0.9753342866897583
7375,2.0890157222747803,0.5515008568763733
7480,0.3898553252220154,2.392042636871338
3133,3.7131218910217285,-0.5325310826301575
6204,1.9137790203094482,1.1284799575805664
6789,2.114302158355713,0.7573931813240051
7756,2.1203627586364746,0.5779096484184265
5175,0.8000196814537048,1.2574822902679443
5874,2.4280505180358887,0.07465434819459915
6051,0.6478396058082581,1.6135237216949463
6578,0.5661209225654602,2.1768367290496826
4659,1.573299765586853,1.1655447483062744
7239,2.1000571250915527,0.5510575771331787
7110,1.3092820644378662,0.3787793219089508
2653,2.5823631286621094,0.3237694799900055
7724,1.1767051219940186,1.3764747381210327
4954,0.38319697976112366,2.388486385345459
5917,2.9655022621154785,-0.07189496606588364
6916,1.7192422151565552,0.14335660636425018
3466,1.1490659713745117,1.6778559684753418
5433,1.15794038772583,1.8724327087402344
6093,2.9473159313201904,-0.6094673275947571
4845,1.4088679552078247,1.4132341146469116
6990,2.1932036876678467,-0.019724898040294647
7849,2.324495553970337,0.3744064271450043
8017,1.1186678409576416,1.1450254917144775
6496,2.421312093734741,0.40589606761932373
6117,1.5483591556549072,0.7197877168655396
8269,1.5996134281158447,1.16521155834198
7393,1.689934492111206,0.8997322916984558
6889,0.8244795203208923,1.3684065341949463
2481,2.4553470611572266,-0.032939352095127106
5538,0.7265996336936951,1.6650404930114746
5631,1.8632395267486572,0.6174503564834595
7582,2.2276175022125244,-0.2179461568593979
7788,2.4207022190093994,-0.0084117716178298
3740,0.975229024887085,1.4987980127334595
5975,1.7077035903930664,0.8200610280036926
6651,3.35707688331604,-0.7673450708389282
5124,-0.029589302837848663,2.0130836963653564
5560,1.8836426734924316,1.6721599102020264
7814,0.4197557866573334,2.045874834060669
8142,0.8052194714546204,1.994384527206421
4848,2.2993483543395996,0.19155634939670563
6948,0.3612280786037445,2.0805022716522217
4696,2.118638753890991,-0.17306260764598846
6587,3.2869622707366943,-0.6925565600395203
8549,1.4224014282226562,0.4259369969367981
4856,2.4179699420928955,0.27545246481895447
6393,2.6506540775299072,0.8183050751686096
5429,1.8235392570495605,0.9307452440261841
3214,1.8121697902679443,0.7874422669410706
6209,2.498430013656616,0.7143175601959229
2266,1.2528315782546997,1.6460813283920288
3095,0.7987657785415649,1.979867696762085
7974,3.2187745571136475,-0.5805249810218811
1858,2.244495391845703,0.6269873380661011
5815,1.9556907415390015,0.5489572882652283
5720,3.2371766567230225,-0.3268236517906189
8014,1.391690731048584,1.047823429107666
7277,3.0609548091888428,0.0321781262755394
4687,1.4431966543197632,0.8899138569831848
1609,0.5276286005973816,1.8428306579589844
8319,1.6287226676940918,0.7310803532600403
2424,1.3564682006835938,0.8096583485603333
3719,1.7330602407455444,0.8037850856781006
2226,1.5307190418243408,1.4270737171173096
2316,1.1794523000717163,1.0630522966384888
4822,0.8928496241569519,1.6088428497314453
5982,1.508602261543274,1.5524170398712158
7148,0.407754510641098,1.2560689449310303
2472,1.9510812759399414,0.5862605571746826
6333,1.5227771997451782,0.42528149485588074
5059,1.1256524324417114,1.5670716762542725
6178,0.8944872617721558,2.0650651454925537
7577,2.1143434047698975,0.4728264808654785
5888,2.164567708969116,-0.25422221422195435
6281,2.3329577445983887,0.8669724464416504
5159,1.3488837480545044,1.461612582206726
7360,1.1216412782669067,1.2299621105194092
8511,1.0328673124313354,1.104536533355713
2520,2.563232660293579,0.025608040392398834
6420,1.2275491952896118,1.2551056146621704
7639,1.106427788734436,1.5864710807800293
8053,2.588024854660034,0.726234495639801
7391,1.331365942955017,0.7979517579078674
4414,2.4002795219421387,-0.2627686858177185
7976,2.871476888656616,0.15628036856651306
1983,1.277000904083252,1.7988598346710205
5880,1.7013684511184692,0.9009338021278381
8334,1.432006597518921,1.3357830047607422
1549,3.1142594814300537,-0.3495454788208008
1801,2.1806859970092773,0.3713814616203308
3357,2.4539830684661865,0.4836079180240631
3541,1.0660243034362793,1.302123785018921
5992,1.3829255104064941,1.0925767421722412
6157,0.6059489846229553,1.9954321384429932
8087,1.7291744947433472,0.5921400785446167
5494,1.6317780017852783,1.17373526096344
1975,0.018264703452587128,2.7060887813568115
8134,1.8504536151885986,0.6773312091827393
8473,1.6252295970916748,0.8667346239089966
6596,0.5826514363288879,2.078407049179077
7512,-0.37151193618774414,2.962425947189331
7964,1.9494420289993286,-0.23850834369659424
4322,-0.26533496379852295,2.8404359817504883
6047,2.0236918926239014,0.3546803295612335
7902,1.1464626789093018,1.8859728574752808
2510,1.2163630723953247,0.41023316979408264
3849,1.6246764659881592,0.8886893391609192
5405,2.745307683944702,-0.49513307213783264
8156,3.3719615936279297,-0.19151625037193298
5291,2.386557102203369,0.24137809872627258
4242,2.634211301803589,0.06331292539834976
1825,2.6735589504241943,0.17846675217151642
4174,2.0800421237945557,0.2579770088195801
4864,1.7811119556427002,1.7811119556427002
5320,2.484034776687622,-0.038533858954906464
6013,0.7144212126731873,2.0605711936950684
6681,0.33452555537223816,2.2057204246520996
7636,0.905470609664917,1.5379266738891602
7067,1.2815154790878296,0.8327353596687317
3705,1.121455430984497,1.1286554336547852
7846,1.8900504112243652,0.3525111675262451
6224,0.17883266508579254,2.562408447265625
7157,3.1768078804016113,-0.4064692258834839
7922,2.4628891944885254,0.3676060140132904
6568,0.8085598349571228,1.4243924617767334
5068,1.8078652620315552,0.46795108914375305
5261,-0.2899211347103119,2.657844066619873
2952,2.388742685317993,0.12137831002473831
7418,1.8990217447280884,0.46573278307914734
8005,2.045095682144165,1.017822504043579
5057,1.5756604671478271,1.3019402027130127
5339,1.14297616481781,1.2921056747436523
8291,0.7908048629760742,1.1134059429168701
3612,1.2261494398117065,0.6957109570503235
4948,1.577420711517334,0.4759080410003662
5403,1.6717731952667236,0.12825599312782288
6270,1.5516587495803833,1.1522207260131836
3731,1.9698295593261719,0.357552170753479
4490,2.126749277114868,1.0173885822296143
2059,2.102351188659668,0.4027527868747711
5520,2.1187386512756348,0.44966334104537964
6045,3.2113735675811768,-0.2223191112279892
6221,2.3041186332702637,0.1525084227323532
4978,2.284414052963257,0.6978898644447327
8164,1.2879855632781982,1.8113144636154175
6718,0.7380736470222473,1.8309818506240845
2988,1.5759737491607666,1.5887207984924316
6068,0.6097319722175598,2.0408565998077393
2362,1.7395833730697632,0.15391793847084045
2744,2.542356252670288,0.2163436859846115
5931,2.3563601970672607,0.4088600277900696
1707,1.9516286849975586,0.7663871645927429
4401,2.86590313911438,-0.07419279962778091
2722,3.159156084060669,-0.727288544178009
5592,1.92063570022583,0.37110620737075806
7184,0.6483665108680725,1.6255534887313843
4013,2.058014154434204,0.4693794846534729
4714,0.5529264211654663,1.7761566638946533
6727,0.37662267684936523,1.4899425506591797
7406,0.8696771264076233,1.706720232963562
8007,1.7811119556427002,1.7811119556427002
7622,1.49711012840271,0.7560068368911743
5348,1.4734951257705688,0.9882464408874512
6796,-0.08093968778848648,2.7246100902557373
7945,1.537367582321167,0.5297710299491882
2751,2.260118246078491,0.5873768329620361
5462,0.5973957180976868,2.0123555660247803
6904,2.0595481395721436,0.5698906779289246
3240,-0.24897633492946625,2.316027879714966
7412,2.502769947052002,-0.05874466896057129
7474,3.1536576747894287,-0.7591269612312317
7784,3.6471941471099854,-0.9091717004776001
6736,1.733579397201538,1.0737398862838745
2586,1.7386224269866943,0.7917966246604919
7270,1.289297342300415,0.9132351279258728
7898,2.704857110977173,-0.4686345160007477
5800,2.522494316101074,0.11541524529457092
6183,2.1939809322357178,0.7562155723571777
7194,2.01906418800354,0.0791662409901619
5843,0.47445571422576904,1.7440526485443115
5176,0.9502268433570862,1.277172565460205
4993,2.7358620166778564,-0.10633491724729538
8260,1.7204384803771973,0.7369910478591919
1857,0.7889260649681091,1.4439862966537476
7779,2.936774969100952,-0.08023365586996078
2624,0.8840610384941101,1.4300060272216797
2641,0.5185917615890503,1.7744629383087158
6547,2.525675058364868,0.3530651330947876
7454,1.452919602394104,0.9535823464393616
2709,2.0074894428253174,0.4678409993648529
4540,0.7064911723136902,1.2079144716262817
6774,1.7599515914916992,0.7713369727134705
7806,0.9811223149299622,1.5818462371826172
8163,1.150716781616211,1.1287744045257568
5611,2.6780800819396973,-0.2960657775402069
8517,1.6438865661621094,1.0035697221755981
5042,0.2789655327796936,2.373476028442383
6222,1.4272518157958984,0.41937389969825745
4350,1.210770845413208,1.3988373279571533
7658,1.7230902910232544,1.3894994258880615
1534,2.2496817111968994,0.3134535253047943
6549,2.423917055130005,0.19443804025650024
5865,1.9179298877716064,0.9548947215080261
8200,0.7109425067901611,1.7970038652420044
2071,2.3758280277252197,-0.564569890499115
6118,2.695112943649292,0.17984852194786072
6480,1.9661366939544678,0.34979546070098877
7620,0.6688262820243835,2.3266968727111816
1993,1.3625736236572266,0.8271462321281433
2335,1.6301096677780151,0.4706551134586334
5023,0.5197659134864807,1.82075834274292
5127,0.7331758141517639,1.6105681657791138
6914,2.100006103515625,0.6119137406349182
2462,1.033544898033142,1.868708610534668
4921,0.4051063656806946,2.1218478679656982
5153,3.1216750144958496,-0.3380958139896393
2487,0.588103711605072,1.4349106550216675
4253,-0.74394291639328,3.703317165374756
5435,1.7497546672821045,0.5272281765937805
5436,0.8567323684692383,1.7216544151306152
7060,1.8909202814102173,0.6195412278175354
5246,0.01056609395891428,2.4298548698425293
4901,1.2563296556472778,0.6142178177833557
7830,0.49632084369659424,1.7167479991912842
2649,1.8625996112823486,0.8701667189598083
8101,1.5618081092834473,0.9734683632850647
3936,0.1043529286980629,2.8408710956573486
8515,0.7336309552192688,2.0553157329559326
3103,0.6719875931739807,2.258662462234497
4773,1.8807356357574463,0.7934094667434692
7994,1.5528101921081543,0.6878616213798523
3984,2.3906784057617188,0.09953150898218155
4607,0.7549590468406677,1.2853450775146484
5921,1.7843639850616455,1.0576661825180054
3415,-0.21900853514671326,2.1749908924102783
8041,-0.018266849219799042,2.2339742183685303
3735,0.9017824530601501,1.6831318140029907
4949,0.7392320036888123,1.5349924564361572
8369,0.4311352074146271,1.5115091800689697
3211,1.641894817352295,1.1353459358215332
7618,1.315779209136963,1.8642456531524658
8045,0.4261018931865692,2.40705943107605
3230,1.0854301452636719,1.8777588605880737
7666,2.3294811248779297,0.5513504147529602
4268,2.3113744258880615,0.8100083470344543
8133,0.21783332526683807,2.144777536392212
5493,0.533876895904541,1.4885873794555664
5930,1.6262298822402954,0.3568325340747833
4201,0.05569592863321304,2.637516736984253
6925,0.558380126953125,2.302948236465454
5512,1.7566559314727783,1.0247198343276978
6072,1.5453119277954102,0.7189692258834839
6827,1.6514297723770142,0.3744794726371765
8499,1.9755926132202148,-0.032932259142398834
4398,2.643489122390747,0.22493784129619598
6122,-0.03250016272068024,2.439903736114502
5725,1.9058189392089844,0.5140289664268494
7231,2.6213905811309814,0.10667680203914642
2429,2.134638547897339,-0.1013500764966011
6598,2.435387134552002,0.536863386631012
7565,0.08151501417160034,2.288447618484497
4564,2.846280813217163,-0.026345156133174896
5465,1.8584966659545898,0.3966815173625946
5663,2.678490400314331,-0.3342434763908386
8057,1.9081960916519165,0.2169083207845688
6288,1.6150928735733032,0.690193235874176
6770,1.4431967735290527,0.7405112385749817
4314,2.96096134185791,-0.26442551612854004
5726,1.485734224319458,0.6044241786003113
5625,-0.1391681432723999,2.8566906452178955
6923,2.4766197204589844,0.7405718564987183
3204,-0.5665125250816345,3.1198742389678955
3228,4.142540454864502,-1.336315631866455
7569,0.01340451929718256,2.7378952503204346
7997,1.213366985321045,0.514145016670227
4787,1.9409507513046265,0.5826172232627869
5072,-0.6181301474571228,3.2018630504608154
6215,1.4514204263687134,1.000251054763794
5882,-0.05389857664704323,1.9743094444274902
1820,1.1416571140289307,1.4027602672576904
5188,0.874897301197052,1.201521396636963
7211,0.661291778087616,2.457551956176758
7980,2.2280192375183105,0.05854738503694534
5100,2.206772565841675,0.12288860231637955
6092,1.1520851850509644,1.5105372667312622
4895,2.9762425422668457,-0.3073117733001709
5334,1.91963529586792,0.728917121887207
6697,0.7352554798126221,1.5379242897033691
5768,2.344761371612549,1.0183815956115723
6340,1.2905693054199219,1.0175992250442505
7200,2.5038106441497803,0.35696274042129517
8381,0.5773902535438538,1.321972370147705
6112,0.7959450483322144,1.89363431930542
6785,1.666283130645752,0.114572674036026
5128,1.2720056772232056,0.42044883966445923
2865,3.2182776927948,-0.7227917313575745
4291,2.015526056289673,0.8400580286979675
4466,1.2454919815063477,1.5772154331207275
5545,0.7656019926071167,2.110142469406128
7762,2.4174699783325195,0.5540746450424194
5744,1.3990483283996582,1.051073670387268
5723,0.8967688083648682,1.5813841819763184
2835,2.343343734741211,-0.2119351327419281
4981,1.0108411312103271,1.1418887376785278
7043,0.6655316352844238,1.6471818685531616
3375,0.5384479761123657,2.310025215148926
4643,0.3893691897392273,2.0532002449035645
7113,2.4263863563537598,0.046446748077869415
6993,2.0884902477264404,1.160224437713623
5355,0.9446148872375488,1.6877830028533936
7363,2.016162157058716,0.2790015935897827
7967,0.6910251975059509,1.6770985126495361
3556,0.962823212146759,1.3146538734436035
6421,2.4078333377838135,0.17420531809329987
7339,1.5471320152282715,0.8600619435310364
8031,2.3046233654022217,0.7475425601005554
5398,2.1058332920074463,0.49842438101768494
7233,0.869339644908905,1.5844902992248535
8024,2.9643256664276123,-0.30160969495773315
6243,1.2617172002792358,1.1463454961776733
6446,1.7620608806610107,0.8999413251876831
6234,1.0049632787704468,1.206925630569458
4112,1.6648972034454346,0.9883790612220764
6745,0.9836687445640564,1.6542000770568848
7952,0.7898887395858765,1.7605035305023193
5326,1.5154359340667725,0.7650803923606873
8296,2.4653446674346924,0.4650305509567261
3150,1.3012990951538086,1.3303091526031494
6300,4.310740947723389,-0.908626914024353
6076,0.1300317347049713,1.9628527164459229
6312,1.708051085472107,1.1260316371917725
6528,1.9911913871765137,0.9044223427772522
5385,2.0059432983398438,0.28074654936790466
2450,0.8074583411216736,1.796020746231079
3704,1.0320773124694824,1.8454258441925049
8180,2.0873022079467773,0.6077669262886047
6603,0.8173261284828186,1.5068881511688232
6407,0.4369349479675293,1.7521986961364746
2545,1.9388371706008911,0.44423410296440125
6029,1.0046095848083496,0.832183301448822
6399,1.7611682415008545,0.6884915232658386
4389,0.34077632427215576,2.2100346088409424
5629,2.670269727706909,0.08654852956533432
8166,-0.06636639684438705,2.2918365001678467
7399,1.6873388290405273,1.0397655963897705
6526,2.1043615341186523,0.6350260376930237
6392,0.8445857167243958,0.9395958185195923
5064,1.6524357795715332,0.05546046048402786
1565,2.2127950191497803,-0.07937271147966385
2686,0.9438714385032654,1.4561688899993896
4424,2.702543020248413,0.3148426413536072
3457,2.3632004261016846,0.019072815775871277
6273,2.4552862644195557,0.33679449558258057
4481,1.4159520864486694,1.631833553314209
5129,3.499497652053833,-0.741841197013855
8089,0.029107041656970978,2.038370132446289
3202,1.2396552562713623,1.1394476890563965
7404,1.5177292823791504,0.3496456444263458
5459,2.410959005355835,0.19631589949131012
5757,0.982665479183197,1.3786250352859497
1753,1.2872774600982666,1.3559504747390747
4215,0.5663619637489319,1.4957666397094727
7655,0.8453798294067383,0.8695542812347412
7451,1.142952799797058,1.1390562057495117
1655,1.159019947052002,1.2243670225143433
5376,2.5176684856414795,-0.24928025901317596
4413,1.8013297319412231,0.4292325973510742
3987,2.448110580444336,0.224867582321167
3961,1.500261664390564,1.6212269067764282
6599,1.3455052375793457,1.0668914318084717
6680,1.017256259918213,1.9377185106277466
6831,1.9397530555725098,0.15740099549293518
6126,0.9050807952880859,1.1331225633621216
6442,1.3710989952087402,0.5396040678024292
8528,1.719735860824585,0.9659519791603088
5156,0.6336420774459839,1.2616198062896729
1596,1.957294225692749,0.9788050651550293
2804,2.2620351314544678,0.17976593971252441
4030,2.311255693435669,0.19584959745407104
2036,0.5942873358726501,1.4262579679489136
6185,0.9203036427497864,1.253675937652588
2792,0.8671798706054688,1.5879912376403809
8347,1.2791259288787842,1.414541482925415
2566,0.961467444896698,1.298032283782959
3823,1.8077797889709473,0.8402096629142761
6646,1.0069223642349243,1.3794329166412354
6138,1.244396448135376,1.0126914978027344
6636,0.1305060237646103,2.8087315559387207
6265,1.4140844345092773,1.6218196153640747
7163,3.272953748703003,-0.29468074440956116
4522,2.1779844760894775,0.980860710144043
5928,1.939643144607544,0.36475545167922974
6219,0.7644267678260803,1.2153875827789307
1944,0.8416118025779724,1.3121705055236816
8340,2.1271615028381348,0.1707880049943924
1777,1.5954875946044922,0.7720752358436584
3192,1.741769552230835,0.8640561699867249
4988,1.454754114151001,1.2215394973754883
3290,1.497469425201416,1.1428327560424805
5944,1.710716724395752,1.5090290307998657
2251,2.982849597930908,0.15777574479579926
6553,2.1038219928741455,0.747460663318634
6754,2.0074098110198975,0.13310877978801727
5356,0.7746264934539795,1.313352108001709
6535,2.092491865158081,0.006383189000189304
5230,-0.20937107503414154,2.8475921154022217
6716,1.7124817371368408,0.6639700531959534
2877,0.48450911045074463,1.9624898433685303
1894,1.1505006551742554,1.482358455657959
7944,0.5287735462188721,1.761227011680603
4269,1.5897490978240967,0.5816574096679688
4989,1.1659786701202393,1.9393489360809326
7627,0.8122522830963135,1.7514194250106812
8391,-0.0017707152292132378,2.640925884246826
2375,1.943494439125061,0.8247758746147156
5455,1.3653626441955566,0.9154351353645325
4777,1.6006841659545898,0.9008685946464539
8396,0.5491435527801514,2.149240732192993
4840,2.919429302215576,0.29322394728660583
7542,2.4960546493530273,0.040700867772102356
2401,1.192205786705017,1.3145155906677246
3799,2.5765554904937744,0.3888213038444519
5935,1.6664974689483643,0.23789651691913605
5948,1.002501130104065,1.2604882717132568
6198,1.404110312461853,1.1787006855010986
7314,1.5827114582061768,0.8628458380699158
6116,1.7815442085266113,0.4933033883571625
3645,1.2446531057357788,1.1092689037322998
4001,1.4126577377319336,1.064098596572876
5496,1.9094313383102417,0.6151917576789856
8402,1.919039011001587,0.29013296961784363
3012,2.4188764095306396,-0.004993989132344723
4960,1.6479828357696533,-0.09323175996541977
6869,1.7429295778274536,1.2791146039962769
2470,1.9057693481445312,0.9254002571105957
2305,1.134376049041748,1.2195934057235718
5470,1.5188894271850586,0.6849935054779053
2454,2.1847424507141113,0.2447434663772583
7218,0.7638096809387207,1.9711157083511353
5739,2.132603883743286,0.6631866097450256
7135,-0.49176257848739624,2.3291471004486084
4305,3.814441680908203,-0.8138222098350525
8453,0.6268736124038696,1.9025579690933228
6622,1.9753135442733765,0.4886559247970581
7223,1.0424200296401978,1.5329488515853882
3465,2.3728764057159424,0.2160210758447647
6830,1.4271330833435059,1.0212574005126953
7621,2.225053071975708,0.7122417092323303
7181,0.5252202153205872,1.3372373580932617
7647,1.4991546869277954,1.4632517099380493
3759,2.306466579437256,0.4489973187446594
7388,0.6738497018814087,1.5598227977752686
6814,2.1689236164093018,-0.19973687827587128
3308,2.250479221343994,0.3123987317085266
5227,2.0670368671417236,-0.0415823757648468
8236,1.26375412940979,1.4023834466934204
6860,0.9361276030540466,1.4173533916473389
7847,2.645549774169922,-0.2313498705625534
8543,1.901430368423462,1.1811097860336304
5792,1.5923576354980469,1.0137611627578735
8162,0.2148294597864151,1.3926875591278076
4849,1.1328173875808716,1.0595871210098267
1940,0.3723721206188202,1.820615291595459
3595,1.441956877708435,1.0205330848693848
4821,1.6715013980865479,0.5627796649932861
7169,0.19963596761226654,2.4885976314544678
7273,1.2227884531021118,1.2555556297302246
7853,1.2951526641845703,1.4664106369018555
6638,2.3227999210357666,-0.3607906103134155
8157,2.200701951980591,0.8399969935417175
3257,3.327528238296509,-0.6320685744285583
4958,2.895496368408203,0.20312732458114624
5700,1.4019887447357178,0.9149452447891235
6717,2.534000873565674,0.09683883935213089
2351,2.0422637462615967,0.5171287655830383
7263,1.8926706314086914,0.845663845539093
3139,2.6673290729522705,0.1745188683271408
1997,0.5323881506919861,1.5442560911178589
5892,3.0918428897857666,-0.7999606132507324
2061,1.3580362796783447,1.4336447715759277
2872,1.3709843158721924,1.1005873680114746
6510,0.5192171931266785,1.5915768146514893
7415,2.30786395072937,-0.16413335502147675
4601,3.1765246391296387,-0.5568938255310059
4824,2.0637876987457275,1.1757738590240479
5973,-0.04816741868853569,2.383201837539673
2736,2.8173789978027344,-0.04192569851875305
4861,0.8721616864204407,1.9908537864685059
5181,1.6140060424804688,0.6763684749603271
5551,1.5976576805114746,0.45808905363082886
1897,2.0943186283111572,1.1217889785766602
5566,3.119009256362915,-0.26305580139160156
2408,2.6113831996917725,0.6632784008979797
3870,1.8109467029571533,0.5980591773986816
6805,0.42189496755599976,1.9817173480987549
5116,1.4514708518981934,0.9489009380340576
1749,2.2771551609039307,0.2919901907444
3075,1.4891411066055298,0.573280394077301
5614,2.174769878387451,-0.04676436632871628
2714,0.6773808002471924,1.9761152267456055
2787,2.638075590133667,0.4791997969150543
4432,0.7845270037651062,1.029822587966919
4885,0.5739460587501526,1.4840673208236694
5094,1.8045275211334229,0.5049687027931213
5221,0.48212459683418274,1.681359052658081
4599,0.7577824592590332,1.3193714618682861
5989,0.5383037328720093,2.306701421737671
5736,0.5444592833518982,2.052806854248047
4699,2.09936261177063,0.07629796117544174
5805,1.0720330476760864,1.748903751373291
6321,1.745328426361084,1.1523072719573975
6803,1.442359447479248,0.9347389340400696
5142,2.1745660305023193,0.9505335688591003
2257,2.975985050201416,-0.7335416674613953
8270,-0.05965618044137955,2.8899424076080322
6931,2.0608489513397217,0.7965229153633118
7246,1.7561496496200562,0.109766885638237
8065,2.763928174972534,-0.03747227042913437
6276,0.4237653911113739,1.731006145477295
4732,2.550262212753296,0.18243098258972168
4097,1.2648204565048218,0.891399621963501
6232,1.9093208312988281,0.5180686116218567
4739,0.26924625039100647,2.319528102874756
6994,0.4380175471305847,1.6286547183990479
8302,1.3899832963943481,1.3173139095306396
5007,1.4530344009399414,1.0676864385604858
6924,2.386869192123413,-0.11865784972906113
3882,0.9219364523887634,1.1884300708770752
4115,3.1368191242218018,-0.5384885668754578
4894,1.604638934135437,0.17132696509361267
6101,2.2641761302948,0.5685697197914124
5212,0.585655927658081,2.218043565750122
6452,2.0587775707244873,0.7215944528579712
6732,2.4453318119049072,0.1912965625524521
8329,1.8897852897644043,0.3614075779914856
7951,0.369942307472229,2.0198779106140137
3756,2.300074577331543,0.26856228709220886
7343,2.682070255279541,0.1856551617383957
5330,1.2819464206695557,1.536219596862793
6206,1.503586769104004,1.1964492797851562
1903,0.9404799938201904,1.5038012266159058
3952,2.63141131401062,-0.6520116925239563
4900,1.195838451385498,1.2021360397338867
1702,-0.04471150040626526,2.1622989177703857
8550,0.22685503959655762,2.12312912940979
5204,2.8936243057250977,0.07218535244464874
5967,1.6745954751968384,0.809922456741333
7612,2.5312445163726807,-0.03657565265893936
5327,0.39267221093177795,1.7814234495162964
5606,1.9474924802780151,0.8578881621360779
4454,3.041724443435669,-0.05732410401105881
8401,0.8721141815185547,1.0938000679016113
3267,0.6839872598648071,1.2486462593078613
5239,2.302457094192505,0.2808455526828766
7642,3.0287210941314697,-0.36275702714920044
3032,0.9139309525489807,1.1174499988555908
5309,1.0891757011413574,1.6575363874435425
8489,2.1373281478881836,1.0059752464294434
5312,2.0596258640289307,0.1700592041015625
5415,2.8844077587127686,-0.24057161808013916
7468,1.196039080619812,0.894985020160675
8524,1.6008741855621338,0.5821825861930847
6248,1.0980396270751953,1.1890614032745361
6706,0.512820303440094,1.5144803524017334
1929,2.203212022781372,-0.2367272526025772
4931,1.7331206798553467,0.8980404138565063
4814,3.403351068496704,-0.4667562246322632
6210,2.467850923538208,-0.010421386919915676
8503,0.7508221864700317,2.0943026542663574
8063,1.4553446769714355,1.2434484958648682
4759,2.268948793411255,0.28981006145477295
6330,1.3663240671157837,0.9898707866668701
4796,2.282527208328247,-0.3548327684402466
5799,1.9588513374328613,0.5842320322990417
7530,1.5807154178619385,1.2649445533752441
3036,1.4209920167922974,0.72137451171875
8346,2.7454190254211426,-0.42010918259620667
8474,2.3051016330718994,0.774616539478302
2511,2.2173941135406494,0.2181813269853592
8498,1.7836211919784546,1.0011677742004395
5503,1.6679885387420654,0.6607468724250793
4348,1.4571270942687988,0.6873606443405151
4950,0.5555798411369324,1.3522242307662964
1557,0.5108028054237366,2.1524243354797363
2118,2.04634690284729,0.610275387763977
5047,1.8923596143722534,1.2277557849884033
5983,0.9798162579536438,1.2059425115585327
6240,0.9193482995033264,1.6718919277191162
7506,1.368379831314087,1.0374748706817627
1558,1.1745485067367554,1.0170273780822754
3646,0.6498768925666809,1.3404130935668945
4442,1.907454252243042,0.266586035490036
4715,1.0533618927001953,1.3861796855926514
4184,2.0322136878967285,0.7529533505439758
8533,2.169224739074707,0.37308964133262634
7981,1.4723443984985352,0.5871278643608093
7809,0.2941613793373108,2.318183660507202
3787,0.3679378628730774,1.9496209621429443
5947,-0.4456126391887665,2.398283004760742
5708,0.7960056662559509,1.2236037254333496
6065,2.242567539215088,0.2592654228210449
8114,1.3337794542312622,0.9266529679298401
3720,1.872706413269043,0.5072823166847229
4785,1.7676904201507568,0.577713668346405
6414,0.26358628273010254,1.531996488571167
3423,1.9522011280059814,1.155320405960083
5003,-0.3831472396850586,2.7840754985809326
6566,3.0639193058013916,-0.322956383228302
5971,1.650575876235962,0.728127658367157
2698,2.139610528945923,0.15954481065273285
2823,0.7636227011680603,1.4718306064605713
5621,1.5376965999603271,1.2157225608825684
7481,2.604700803756714,0.11331970244646072
7319,2.807927370071411,0.051757264882326126
7646,0.873425304889679,1.5091300010681152
7603,1.6525394916534424,0.8318081498146057
2290,0.5776847004890442,1.302962064743042
6363,3.1740498542785645,-0.5851821303367615
5771,1.2793059349060059,1.187852144241333
5244,2.7223522663116455,0.5617840886116028
8161,2.3957574367523193,0.3903987407684326
4457,2.2384116649627686,0.22161662578582764
4975,1.825070858001709,0.30316391587257385
5231,0.8230885863304138,1.6024813652038574
5654,0.39597073197364807,2.0413670539855957
6750,2.357672691345215,-0.07511461526155472
4957,1.5449471473693848,0.8223456740379333
6283,1.8363317251205444,0.9361172318458557
7467,2.041372299194336,0.20715372264385223
7805,1.6772973537445068,0.8099034428596497
3778,0.6209294199943542,1.7449733018875122
5117,0.6899715065956116,1.9621453285217285
6469,1.9212307929992676,0.06588312983512878
6464,1.5523217916488647,1.0435680150985718
4763,3.0472640991210938,-0.20862029492855072
5097,0.23484627902507782,2.3389151096343994
5295,1.7474653720855713,0.5526304244995117
6591,1.459246039390564,0.9538750648498535
6892,2.717860698699951,-0.341790109872818
8061,2.2041876316070557,0.1513369083404541
5422,1.881624460220337,0.8613484501838684
5965,1.921860694885254,0.5339933633804321
4669,0.7055886387825012,1.664447546005249
5651,2.046044111251831,0.5005044341087341
3529,0.010113605298101902,2.598419666290283
7315,1.1863071918487549,0.5796619057655334
7894,2.1008150577545166,0.5860909223556519
6672,-0.7669132351875305,3.1502044200897217
7478,1.3351860046386719,1.6890805959701538
5303,1.511924386024475,1.3522306680679321
4982,1.866347312927246,0.70286625623703
8299,-0.7793819308280945,2.73060941696167
4809,1.216140866279602,1.4512509107589722
5447,0.8712272047996521,1.6989634037017822
7366,1.305912971496582,0.995850682258606
4965,0.39825645089149475,1.4640519618988037
7807,2.45693039894104,-0.2833215296268463
8400,2.688319206237793,-0.11817283183336258
7743,2.4939382076263428,-0.08840373158454895
4886,2.6094861030578613,0.5389668345451355
3514,1.0367331504821777,1.045654058456421
4335,1.6778594255447388,1.3517851829528809
3611,2.569817304611206,-0.19268500804901123
8342,0.6749977469444275,1.1496511697769165
3777,2.049973249435425,0.312783420085907
2165,2.2768027782440186,0.7457239627838135
6879,2.164269208908081,0.007842116989195347
7323,1.042962908744812,0.4308774173259735
5881,1.1319037675857544,1.5190287828445435
6558,1.8922274112701416,0.19797338545322418
3647,3.106400489807129,-0.6946839690208435
4206,0.18895983695983887,2.477689504623413
4923,0.21127690374851227,2.5158519744873047
5660,0.09627440571784973,2.115083932876587
5655,1.2861014604568481,0.8130612969398499
6167,0.33090531826019287,2.4729199409484863
3569,2.470335006713867,0.39615583419799805
6703,1.7963675260543823,1.2225016355514526
6826,2.5038106441497803,-0.15781676769256592
2009,2.54779314994812,-0.7727897763252258
1658,0.957807183265686,1.005133867263794
7906,1.8919041156768799,-0.09758038073778152
7398,0.6633016467094421,1.8655009269714355
4370,-0.2436334192752838,2.8988518714904785
4105,2.2633883953094482,0.6639896631240845
8039,0.516233503818512,1.616397738456726
4262,0.5313814282417297,1.0380969047546387
6682,1.712362289428711,0.30615150928497314
4444,2.395846128463745,0.19477258622646332
5923,0.43599289655685425,2.421600103378296
4126,1.657148003578186,1.1884279251098633
5642,0.8803948760032654,1.7555060386657715
4833,0.8894726634025574,1.6454200744628906
5610,2.6574318408966064,-0.34368258714675903
5755,1.613059401512146,0.8709517121315002
6660,1.133495569229126,1.1417957544326782
2997,2.818000555038452,0.062321342527866364
3737,0.5030235052108765,2.0295913219451904
4909,1.4682979583740234,0.5807552337646484
6428,1.075028657913208,1.2838753461837769
4264,0.36857637763023376,1.8569121360778809
4710,0.27549421787261963,2.7083022594451904
6233,1.0639989376068115,1.0731955766677856
8367,0.5275532603263855,1.9940779209136963
4986,0.9989597201347351,1.142985463142395
7028,1.2507414817810059,1.2545597553253174
2584,0.6170181632041931,1.2984588146209717
6105,1.318734049797058,1.1231915950775146
6971,1.0082509517669678,1.4333386421203613
5304,1.2971265316009521,1.2089011669158936
6095,2.492622137069702,0.25549933314323425
7125,2.0323033332824707,1.0680170059204102
5825,1.3781793117523193,1.216808795928955
4668,2.534832239151001,-0.006632423959672451
8250,1.0815634727478027,1.0742230415344238
6691,0.7515156865119934,1.337912917137146
5132,2.823617458343506,0.10783097892999649
3259,0.9585878849029541,1.3416805267333984
5112,1.630230188369751,1.2449132204055786
5665,1.8789446353912354,0.4045736491680145
7501,1.7848740816116333,0.8192123174667358
2465,1.6159336566925049,0.674362301826477
8449,2.2738540172576904,-0.07176609337329865
3220,3.011146068572998,-0.3807451128959656
8303,-0.13317418098449707,3.6607167720794678
6019,2.2145512104034424,-0.009631148539483547
3109,1.222028374671936,1.7035220861434937
2110,1.139500617980957,1.4581713676452637
5275,1.5686841011047363,1.4595290422439575
7348,2.95930552482605,-0.010022385977208614
8223,2.316175699234009,0.2540450096130371
5750,0.5869621634483337,2.1365225315093994
5397,0.8107556104660034,1.4461359977722168
5458,1.2474980354309082,1.530358076095581
6818,1.695402979850769,0.9630019068717957
5648,1.3262547254562378,1.5084549188613892
6278,1.157754898071289,1.3132613897323608
6613,1.8259449005126953,0.6572533845901489
2968,1.418205738067627,1.2852344512939453
3444,2.050640344619751,0.8984333872795105
4842,0.7115248441696167,1.841410756111145
3699,1.6221977472305298,0.5379214882850647
5515,1.7235772609710693,0.26975902915000916
2882,1.298991322517395,0.8571431040763855
8010,1.968881607055664,1.1711076498031616
2720,0.6735197901725769,2.3437459468841553
4883,0.0852142944931984,2.518862009048462
8471,1.407292366027832,1.0420364141464233
4082,2.671919107437134,0.7069144248962402
4695,1.2327125072479248,1.4690946340560913
7825,0.976051926612854,1.40500807762146
8253,1.1839444637298584,1.6813771724700928
6804,1.2853609323501587,1.2479050159454346
7793,2.282432794570923,-0.11411301046609879
5010,2.679737091064453,0.046923745423555374
1673,0.9261338710784912,1.3018319606781006
5718,3.290447473526001,-0.22590042650699615
7817,2.0387399196624756,0.09859033674001694
6008,1.1114087104797363,1.1483023166656494
8268,0.858665406703949,2.056342363357544
6749,1.8061859607696533,0.9143434166908264
3197,2.4535114765167236,0.5104817152023315
8131,1.781745433807373,0.30109813809394836
6326,2.2752246856689453,0.9860262274742126
5071,0.729636013507843,1.377629280090332
7038,0.5795984864234924,1.4320939779281616
6329,2.2666802406311035,-0.08506197482347488
2468,1.7587130069732666,0.431257963180542
2875,1.3707544803619385,0.7788261771202087
5236,1.532041311264038,1.6387286186218262
5554,0.5695154666900635,1.9653608798980713
6146,0.2638944089412689,2.413123846054077
1735,3.433896064758301,-0.7221369743347168
5379,0.9965651631355286,1.2979156970977783
3359,1.7036453485488892,0.6497899889945984
6066,0.21900659799575806,2.217041254043579
7573,0.5369741916656494,1.9695583581924438
6548,2.2644741535186768,-0.33545607328414917
2279,1.6902172565460205,0.8165250420570374
5903,1.584035873413086,0.7343334555625916
7786,2.0319149494171143,1.0132808685302734
7900,2.3085644245147705,0.6347635984420776
4159,1.2508211135864258,0.9168422818183899
6593,1.369343638420105,0.6495004892349243
7707,0.07704033702611923,2.1321158409118652
2134,1.2834291458129883,1.3535685539245605
2570,2.593559980392456,0.24627207219600677
4882,0.18077915906906128,2.305405855178833
5323,1.5541187524795532,0.7701947093009949
6766,2.5563204288482666,0.05357425659894943
6752,0.2408471554517746,2.1648647785186768
5392,0.6050676703453064,1.5548462867736816
4455,2.167379379272461,-0.17505624890327454
6207,2.3313844203948975,0.45894673466682434
6042,0.5258965492248535,1.861738681793213
7667,1.2312284708023071,0.9525495171546936
3420,1.7723517417907715,0.6339598894119263
5296,3.0745792388916016,-0.49451810121536255
6268,1.6785210371017456,0.7291666269302368
7266,2.3972325325012207,0.4371286630630493
7447,1.4523630142211914,0.6741754412651062
6813,2.410670042037964,0.5851384997367859
6174,1.0405163764953613,1.5317754745483398
7335,0.9847744703292847,1.8362586498260498
4138,2.4512665271759033,0.6184134483337402
8126,1.7604657411575317,1.1544277667999268
7550,2.72133469581604,0.14259468019008636
8081,2.009091854095459,0.49151211977005005
5754,-0.1417372226715088,2.5276994705200195
7123,2.7452564239501953,0.16044868528842926
5167,-0.2333928942680359,2.330390214920044
5448,1.6702189445495605,0.48391878604888916
4891,3.177521228790283,-0.42966461181640625
7464,-0.561754584312439,3.089129686355591
7190,1.3423516750335693,1.8059568405151367
5553,1.8521544933319092,0.2773887515068054
5148,2.029092311859131,0.3046456277370453
4330,2.727905511856079,-0.024243228137493134
5898,0.18444444239139557,2.6435821056365967
4723,0.016895659267902374,3.0279293060302734
5680,1.2166367769241333,1.5216736793518066
2816,2.731062173843384,0.1471688151359558
1595,3.263633966445923,-0.5135404467582703
8044,1.8672983646392822,0.20804503560066223
4700,3.029721260070801,0.04248407483100891
6156,1.2203915119171143,0.33750587701797485
7302,0.40015172958374023,1.663239598274231
4449,2.7456014156341553,0.41786250472068787
4953,0.8685113191604614,0.9403272271156311
5077,2.2141406536102295,0.5608452558517456
6238,2.0283010005950928,0.39071083068847656
5092,2.415663719177246,0.5984498858451843
3316,0.09494365751743317,1.490332007408142
4724,2.2629506587982178,0.06908480077981949
5894,1.4344356060028076,1.6725627183914185
3374,2.497668981552124,-0.5076450705528259
5846,2.6776797771453857,0.46909797191619873
4677,1.6437642574310303,0.8323207497596741
4890,2.706378221511841,0.12595145404338837
5673,1.1018867492675781,0.7177459001541138
5253,0.015984009951353073,2.4249236583709717
6501,1.0552061796188354,1.3672106266021729
8523,2.102184534072876,0.0613117441534996
5568,1.830925464630127,0.8283714652061462
5489,1.935764193534851,1.2559642791748047
7935,0.8562046885490417,1.6230738162994385
7455,0.5706477761268616,1.804900884628296
2609,0.8168669939041138,1.1072643995285034
4863,0.7959195375442505,0.604030966758728
5085,1.4032336473464966,0.9318066835403442
6498,1.1145998239517212,0.759153425693512
8097,-0.21541531383991241,2.580195665359497
4907,1.255098819732666,0.8969537019729614
5782,1.1482441425323486,0.7628014087677002
5037,1.867030382156372,0.6057287454605103
5218,1.6613330841064453,0.869937539100647
7998,0.5504838824272156,2.31056809425354
4713,-0.07435322552919388,2.6987040042877197
5113,3.543276071548462,-0.6843155026435852
5055,1.7631442546844482,0.4583667516708374
6358,3.584641695022583,-0.844998300075531
8124,1.6919727325439453,0.8454156517982483
3284,2.9435200691223145,-0.341090589761734
6508,2.108548402786255,0.08145397156476974
5597,-0.15445847809314728,2.7803165912628174
4321,1.4548665285110474,0.8564395308494568
5636,1.6702462434768677,0.8117597699165344
7300,2.109123706817627,0.6623344421386719
1888,1.86968195438385,0.15104936063289642
6977,0.4006105065345764,2.0267677307128906
4754,0.47012859582901,1.8889660835266113
6437,1.036064863204956,0.8227167725563049
6205,1.1803481578826904,0.24903632700443268
4999,1.9892892837524414,0.6403273940086365
8374,1.3991364240646362,1.6108934879302979
4703,0.9360198378562927,1.60728120803833
7840,0.6663119196891785,1.8632278442382812
4686,1.4574012756347656,1.3628586530685425
4865,0.9139636158943176,0.7227003574371338
7098,2.596200466156006,0.22288919985294342
7236,1.5720348358154297,0.48192423582077026
5688,0.849363386631012,1.967700719833374
8190,1.389014482498169,1.5334821939468384
7436,1.8861396312713623,0.8418195247650146
6011,1.6221219301223755,0.16516801714897156
3633,2.325822114944458,0.2489667385816574
5160,2.6266095638275146,0.37743687629699707
2373,1.0051192045211792,1.5622659921646118
5941,1.6870787143707275,1.1195653676986694
6463,1.3588757514953613,1.1886780261993408
3725,0.4040258228778839,1.7211394309997559
5480,2.038606882095337,0.3475192189216614
5853,2.5113871097564697,0.485334187746048
7371,1.6816343069076538,0.6297403573989868
2900,0.7863976359367371,1.9371155500411987
8033,1.9850901365280151,0.5692508816719055
3341,0.5824965238571167,2.2027928829193115
3384,0.956559419631958,1.50505793094635
5877,0.46894121170043945,1.94229257106781
6975,1.199554443359375,0.9040146470069885
2941,1.9676015377044678,0.27993473410606384
3691,0.7835881114006042,2.544113874435425
4474,2.251533269882202,0.7246254086494446
6800,1.4076387882232666,0.8820652961730957
7499,1.932942271232605,0.7563602328300476
5513,2.347424268722534,1.0037795305252075
7931,1.8123574256896973,1.02029287815094
2154,2.7262520790100098,-0.13620278239250183
5497,1.28497314453125,0.44615569710731506
5578,1.2555445432662964,1.4779417514801025
6759,-0.12506674230098724,2.430302381515503
5022,0.9763036370277405,1.5614277124404907
2298,1.0289440155029297,1.3007009029388428
2949,0.9389344453811646,1.988236904144287
5209,1.3421156406402588,1.4999580383300781
8193,0.5321550965309143,1.6244033575057983
4904,2.049776315689087,0.7528315186500549
5692,0.17773254215717316,2.0423836708068848
6982,1.871657133102417,0.8417896628379822
5143,1.6112726926803589,0.4914242923259735
5328,1.3877432346343994,1.0178329944610596
4388,3.0770909786224365,-0.20415273308753967
5346,1.053310513496399,1.408905029296875
7257,1.5967503786087036,0.5916669964790344
6440,0.5599985718727112,1.7245845794677734
7215,1.068989634513855,1.8892534971237183
5616,1.3224058151245117,1.2588475942611694
4905,0.6963468790054321,1.860412359237671
5531,2.1772994995117188,-0.15900872647762299
7483,0.6869770884513855,1.9492803812026978
5550,1.6081926822662354,1.3974828720092773
7953,0.7565076947212219,2.144632577896118
7829,1.9521293640136719,0.867615282535553
7516,1.2107396125793457,1.627958059310913
8327,-0.2387169748544693,1.931968092918396
3282,2.7140092849731445,0.026684440672397614
5180,0.8501854538917542,1.302424430847168
8130,1.2389709949493408,1.5072683095932007
4825,2.3300912380218506,0.49506354331970215
6247,1.9975590705871582,0.7769392132759094
5518,0.9247214794158936,1.2757325172424316
8438,-0.1612986922264099,3.076502561569214
4866,-0.07726117223501205,2.0851871967315674
4781,0.7960268259048462,1.965789556503296
6341,0.734231173992157,1.498023271560669
3627,0.9440626502037048,1.24612295627594
5302,0.09745711833238602,2.567824363708496
8443,0.5872891545295715,1.6669607162475586
5138,1.6252632141113281,0.8986239433288574
2760,1.6929621696472168,0.7987486720085144
4877,2.7172739505767822,-0.14919926226139069
5471,1.6018857955932617,0.732875406742096
5018,1.4746408462524414,0.11059703677892685
4847,0.6034995913505554,1.8115732669830322
5039,1.176622748374939,1.724473476409912
5856,0.44698476791381836,2.1916844844818115
4843,0.9270090460777283,1.325927495956421
7865,0.3693962097167969,1.8846344947814941
7905,1.7808563709259033,1.0363092422485352
7650,1.7271605730056763,0.40811681747436523
3879,2.704667806625366,0.24323631823062897
4880,2.5277323722839355,-0.024427086114883423
6894,2.1971893310546875,0.9712663292884827
7458,1.2806035280227661,0.9050595164299011
6987,1.6833500862121582,0.8141456246376038
5758,0.9094774127006531,1.913555383682251
4850,2.3895153999328613,0.21604420244693756
5727,1.3078888654708862,1.8480857610702515
5775,0.7305390238761902,1.0374565124511719
4908,2.709409475326538,0.4618481993675232
7824,2.175020217895508,0.6120845079421997
7228,2.48331618309021,0.44909822940826416
5641,1.3915257453918457,1.2542921304702759
2982,0.5088175535202026,1.9124438762664795
5169,2.141611099243164,0.5421685576438904
6788,2.1577374935150146,0.4710260331630707
2937,1.2330268621444702,1.032749056816101
4893,1.0846134424209595,0.5298975706100464
6530,1.5455570220947266,0.7202712297439575
4829,1.6736657619476318,0.9916233420372009
7086,2.5691888332366943,0.3980136215686798
7161,1.4139426946640015,0.7878528237342834
4841,0.9072069525718689,1.1192784309387207
7518,1.4983062744140625,1.4237408638000488
7794,1.9800533056259155,0.35633033514022827
4943,3.711101770401001,-0.8321492075920105
5098,1.2240447998046875,1.7855428457260132
5623,0.8461797833442688,1.6966006755828857
5511,0.4129633903503418,2.196139097213745
7792,0.632956326007843,2.054727792739868
5157,1.7899072170257568,0.5802252888679504
8493,1.3306604623794556,0.3196222186088562
2719,1.3773775100708008,0.9212315082550049
8196,2.5013155937194824,0.25767025351524353
5130,1.8643606901168823,1.0430372953414917
5274,0.8767449259757996,1.6850934028625488
2273,0.25639402866363525,1.8840903043746948
5539,1.9858760833740234,1.146501064300537
6538,1.6755943298339844,0.28408461809158325
8479,1.5575635433197021,1.1010754108428955
5460,1.1481945514678955,1.641157865524292
5228,2.3152709007263184,0.5086130499839783
6654,0.08504599332809448,1.9913798570632935
7699,0.23117515444755554,1.760049819946289
1971,1.3041783571243286,1.7854833602905273
3545,1.2630962133407593,1.3510351181030273
5259,1.0520341396331787,1.2574889659881592
7255,0.8139331936836243,1.7853195667266846
7071,1.2085402011871338,1.413635492324829
7074,1.7811119556427002,1.7811119556427002
3866,2.219977855682373,0.22216583788394928
5603,1.3850022554397583,0.8178361058235168
5294,0.7238965034484863,2.199244737625122
5399,3.198374032974243,-0.6080161929130554
5675,1.2736032009124756,1.5560741424560547
5487,1.27146315574646,0.9122666120529175
6457,1.2924084663391113,0.9742619395256042
5025,2.1782636642456055,0.38528382778167725
7679,1.853121280670166,1.0284665822982788
6965,1.1712555885314941,1.0043096542358398
4807,2.394059181213379,0.11794932186603546
5075,0.8890939354896545,1.4324500560760498
5006,2.180845022201538,0.4863816201686859
5445,1.0434659719467163,1.2359429597854614
5187,0.8861008882522583,0.9589205384254456
5619,1.0358690023422241,1.3385941982269287
5584,1.4087308645248413,0.9855547547340393
6397,2.9501006603240967,-0.29070615768432617
7416,1.3899519443511963,1.2198920249938965
6911,2.91581654548645,-0.23028817772865295
5248,2.011197805404663,0.6058878302574158
5790,2.2976410388946533,-0.06674620509147644
5343,1.7840286493301392,0.7256651520729065
5133,1.4721390008926392,0.2922355532646179
5172,0.6206113696098328,1.2331339120864868
5740,2.812115430831909,-0.4465254843235016
6705,0.7641893029212952,1.236718773841858
5406,0.6019497513771057,1.7520477771759033
2307,2.038787603378296,0.36295658349990845
5905,1.4011592864990234,0.7069316506385803
6168,0.7594322562217712,1.9279963970184326
5704,0.36291033029556274,2.0974838733673096
5090,1.7355785369873047,0.7359173893928528
6980,1.6301891803741455,0.38519054651260376
7970,1.1340546607971191,0.9043380618095398
2372,2.954542398452759,-0.2954239845275879
7224,1.7311986684799194,0.9096883535385132
7694,1.614577293395996,0.6963762044906616
4619,0.2629992961883545,2.3784806728363037
5099,2.611051321029663,0.1473831832408905
6540,0.6635243892669678,2.1972885131835938
4772,2.5295474529266357,0.6783661246299744
5657,1.2439186573028564,1.1227794885635376
8128,3.3524410724639893,-0.7271037697792053
6562,1.5221666097640991,0.7774164080619812
4927,2.430190086364746,0.0975445955991745
5452,2.9104673862457275,-0.4080515205860138
5637,1.3199092149734497,1.1504782438278198
5193,0.35430672764778137,2.3265507221221924
6720,1.8749202489852905,0.7544821500778198
5400,0.913618803024292,0.8978617787361145
4748,-0.04021907597780228,2.1566004753112793
5769,1.202575922012329,0.9485018849372864
5530,1.3844304084777832,0.6402223110198975
1766,2.267927408218384,0.4004933834075928
5598,2.925543785095215,0.020456261932849884
4734,3.24923038482666,-0.48793333768844604
5582,2.3992960453033447,-0.32366758584976196
5441,1.369184970855713,1.2336063385009766
7115,2.387986660003662,0.2158212959766388
6246,2.1039516925811768,-0.05878642946481705
5469,0.6991353034973145,1.734453558921814
5190,2.3156485557556152,0.01105972845107317
5162,1.322112798690796,0.7482786774635315
7859,1.6268538236618042,1.0830698013305664
4810,1.7260527610778809,0.9484091401100159
5784,1.352562665939331,1.8319610357284546
7462,1.1233222484588623,1.0494451522827148
7909,1.0399417877197266,1.2209010124206543
5325,1.622028112411499,0.9149796962738037
5034,1.6660869121551514,0.8240443468093872
5847,1.5829284191131592,0.6874974370002747
2748,3.164715528488159,-0.4802045226097107
5533,1.2741285562515259,0.7147337794303894
7292,1.6839754581451416,0.7367283701896667
4964,0.9938618540763855,1.5022664070129395
4977,1.3819160461425781,1.8274823427200317
1537,0.8700705170631409,1.2016606330871582
5342,1.863383173942566,1.0208446979522705
5507,0.0451413169503212,2.146373987197876
1967,0.9254663586616516,1.0567588806152344
5488,1.2649341821670532,1.4869011640548706
8058,0.4547782242298126,1.4024384021759033
5798,1.0724732875823975,1.3300127983093262
6436,2.20710825920105,0.41267842054367065
4888,1.9975924491882324,0.5430353283882141
5509,2.052398681640625,0.34056946635246277
4151,1.5641071796417236,0.6096615195274353
5840,0.9544395804405212,1.7733643054962158
6194,2.8969509601593018,-0.19726775586605072
5027,2.021143674850464,0.2605634927749634
4966,0.8435284495353699,1.2156946659088135
4450,2.3349688053131104,0.2844489514827728
5522,0.7132166624069214,1.3991591930389404
4929,1.2370998859405518,0.8784477114677429
8107,2.0871007442474365,0.5620584487915039
2912,1.7811119556427002,1.7811119556427002
4769,0.21591779589653015,1.7323105335235596
6781,1.3037867546081543,0.6710737347602844
5492,1.4957659244537354,1.3721964359283447
3132,2.136871576309204,0.8440706133842468
7361,2.6254937648773193,-0.2147037237882614
4590,1.9005579948425293,0.07422422617673874
4967,1.8025035858154297,0.5440968871116638
8460,2.0402491092681885,0.457619309425354
4692,0.32059037685394287,2.3879380226135254
6282,2.530717134475708,-0.13551902770996094
6898,2.363499879837036,0.4118122160434723
1624,1.8097678422927856,0.6279310584068298
5589,2.7003304958343506,-0.7279518246650696
5615,1.6389180421829224,0.868953287601471
6784,0.24429912865161896,2.4011566638946533
7878,2.4080545902252197,-0.31233274936676025
6896,2.2057392597198486,0.9522468447685242
4910,2.985506296157837,-0.17588511109352112
5461,0.5259037017822266,1.5801562070846558
4987,2.5309691429138184,0.6204380393028259
7137,1.1165419816970825,1.4582411050796509
5119,2.1246416568756104,0.5820672512054443
5080,2.103153944015503,0.6714398264884949
7718,1.5031533241271973,0.8593837022781372
1968,0.6800765991210938,1.7742588520050049
4747,0.09908714145421982,2.09492564201355
3898,1.8844618797302246,0.38378027081489563
4854,1.0005139112472534,1.717415452003479
5896,2.4502973556518555,0.6447367072105408
5222,0.9778894782066345,1.6463416814804077
2049,3.3211522102355957,-0.7925021648406982
6640,1.1278493404388428,1.3491721153259277
5393,0.7697208523750305,1.453765630722046
7490,1.8605678081512451,0.8097315430641174
8472,1.4981396198272705,0.695411741733551
4691,1.2781274318695068,0.9893153309822083
4898,2.262155532836914,0.16289491951465607
6751,1.5382018089294434,0.630151093006134
5170,2.0719614028930664,0.749286413192749
2455,1.376065731048584,0.8018309473991394
2326,2.756108045578003,0.13387034833431244
5707,1.8861396312713623,1.149205207824707
4689,-0.5114076733589172,2.794851779937744
5685,0.6313405632972717,1.4856772422790527
5314,2.196620225906372,0.6564468741416931
5759,1.3146058320999146,0.784072995185852
7502,0.7888926863670349,1.16689133644104
3619,2.360522985458374,0.08946527540683746
4717,0.9050242304801941,1.1355600357055664
5793,1.7852314710617065,1.0307002067565918
1576,2.7019996643066406,0.027164414525032043
5661,1.414320945739746,0.8079593181610107
8406,2.1313202381134033,0.13629163801670074
5647,1.2100367546081543,1.6740260124206543
4946,3.0545027256011963,-0.23582033812999725
4941,3.7567389011383057,-0.9861176609992981
5722,0.34840425848960876,2.391512632369995
5504,1.1389061212539673,1.0080397129058838
6812,2.555161952972412,0.31521695852279663
5095,3.141526460647583,-0.8952867388725281
5466,0.8372420072555542,1.9010576009750366
4939,0.6069809794425964,2.033423662185669
5683,0.7805851101875305,1.5488276481628418
5163,0.8328601717948914,1.5824058055877686
5199,1.7550312280654907,0.2751341164112091
5719,1.2021746635437012,1.2125210762023926
4048,1.6949659585952759,0.7803516983985901
1560,0.980614960193634,2.1211893558502197
4985,2.415456533432007,-0.016550801694393158
4857,2.0897037982940674,0.24061377346515656
6002,1.435636043548584,0.8764533400535583
5789,1.8986353874206543,0.997372567653656
5814,1.595224380493164,0.6468784213066101
5266,2.1750805377960205,0.111107736825943
5424,2.12893009185791,0.31951314210891724
5607,0.604492723941803,1.5182956457138062
5807,1.820011019706726,0.6328617930412292
5713,0.8710152506828308,1.7177072763442993
4779,2.025697946548462,0.24202941358089447
7364,1.9422647953033447,0.26262199878692627
5866,1.7811119556427002,1.7811119556427002
5001,2.2779033184051514,0.027037441730499268
5639,0.28496235609054565,2.441899538040161
4832,0.7246037125587463,1.343406319618225
5384,2.4223735332489014,0.5955563187599182
8315,0.3049231171607971,2.076706886291504
4706,0.9774239659309387,1.4606398344039917
6884,0.5514641404151917,1.6259546279907227
2485,1.2446351051330566,1.6729141473770142
4040,1.8201009035110474,1.3424471616744995
5753,0.9510089755058289,1.258298397064209
2735,0.2687268853187561,1.780682921409607
3713,1.5138311386108398,1.3629190921783447
6667,1.3905296325683594,1.1774921417236328
5147,1.6727312803268433,1.0488271713256836
7241,1.5411465167999268,0.6859633326530457
5407,0.09963701665401459,1.834919810295105
4145,1.75419020652771,0.46630483865737915
5391,2.001462459564209,1.2391002178192139
5243,2.3265318870544434,0.8712097406387329
5672,0.4319709837436676,2.134143352508545
5491,1.1732661724090576,1.4695507287979126
5012,1.4161452054977417,1.0570883750915527
8021,1.5746253728866577,1.228902816772461
5272,2.4844658374786377,0.2954081594944
5658,2.190183401107788,0.7251685857772827
5791,1.7225865125656128,0.5933734774589539
7093,1.3927137851715088,0.8834922313690186
5613,1.0828940868377686,0.8956831097602844
2907,1.7811119556427002,1.7811119556427002
4760,3.3779194355010986,-0.32416120171546936
4938,1.5353894233703613,1.1820108890533447
5687,2.16080904006958,0.17921443283557892
5371,1.5798068046569824,1.5052341222763062
3721,1.1108676195144653,1.016550064086914
4050,1.7811119556427002,1.7811119556427002
4916,1.6253838539123535,0.8212547898292542
5544,1.6820549964904785,0.5308266878128052
6175,0.23168732225894928,1.3663595914840698
5527,3.477386713027954,-0.04013187438249588
5604,1.6110750436782837,1.113118052482605
7088,0.5880540013313293,1.8734104633331299
6589,0.7435576319694519,1.4728127717971802
2163,0.8460895419120789,1.880580186843872
2088,2.625473976135254,-0.16370820999145508
4797,3.186955690383911,-0.10384983569383621
3042,1.7811119556427002,1.7811119556427002
4896,2.278114080429077,-0.09884098917245865
4937,3.273876905441284,-0.6253027319908142
7955,1.4980741739273071,0.775395929813385
8457,0.8106889724731445,1.5194547176361084
4853,1.400600552558899,1.0960612297058105
5743,0.22363145649433136,2.0487987995147705
5693,0.38161903619766235,1.9399648904800415
5716,0.9002936482429504,1.4283678531646729
5410,2.147040843963623,1.0759539604187012
7225,0.31790658831596375,2.242075204849243
3406,0.724642813205719,1.6021924018859863
4702,1.7267436981201172,1.670979380607605
5529,1.147889256477356,1.543179988861084
6725,0.9570122957229614,1.0036962032318115
5785,1.862130880355835,-0.12808533012866974
5645,2.5124428272247314,-0.3217659890651703
5118,0.7667334079742432,1.6353709697723389
5368,0.9818404316902161,1.364227533340454
2824,1.0889167785644531,0.976967990398407
6035,0.5354778170585632,1.8035821914672852
5402,1.7811119556427002,1.7811119556427002
7780,0.7793352603912354,1.2488532066345215
2591,1.061239242553711,1.3783156871795654
5301,0.19410507380962372,1.827834963798523
5427,0.7787041068077087,0.9465348720550537
5717,1.7811119556427002,1.7811119556427002
5686,2.621077060699463,-0.598738968372345
8050,1.9815195798873901,1.0090703964233398
4591,1.4567601680755615,0.8154370784759521
3893,1.6681870222091675,0.9040803909301758
5457,1.7879732847213745,0.8533271551132202
4867,2.2499303817749023,0.8278566002845764
4834,0.4727727770805359,2.0991079807281494
6410,1.7236013412475586,0.9346704483032227
8475,0.8725631237030029,1.4954643249511719
5463,0.9132905006408691,1.5179123878479004
4744,0.7254878282546997,1.7807815074920654
4196,1.7811119556427002,1.7811119556427002
4730,1.6618719100952148,0.7096107602119446
4736,1.7811119556427002,1.7811119556427002
5674,1.7811119556427002,1.7811119556427002
1935,2.3822128772735596,-0.4972730875015259
8276,2.0337398052215576,0.7497383952140808
5472,2.223554849624634,0.3016837239265442
5093,0.8443142771720886,1.2467710971832275
3006,2.7474887371063232,0.38360416889190674
7731,0.7007653713226318,1.3960561752319336
5283,1.744297981262207,1.0798004865646362
5151,1.323229432106018,0.9652743935585022
5350,1.8044064044952393,0.5146417021751404
1988,0.658254086971283,0.7956822514533997
5388,2.0910913944244385,-0.0460495725274086
4813,1.184385895729065,1.5651978254318237
5605,0.4302864670753479,1.7834851741790771
5572,1.7811119556427002,1.7811119556427002
5781,0.45680123567581177,1.2875162363052368
3431,1.5082752704620361,0.9928256869316101
5185,2.417168378829956,0.5577092170715332
4750,2.4648597240448,-0.34189194440841675
5547,1.487638235092163,1.0148385763168335
4437,1.7811119556427002,1.7811119556427002
5067,-0.11132372915744781,2.3884661197662354
6166,1.7811119556427002,1.7811119556427002
2650,3.1287786960601807,-0.45881208777427673
5569,1.6702020168304443,1.2413116693496704
5586,2.1167538166046143,0.5670583844184875
4919,0.9662405848503113,0.9070169925689697
5682,1.7811119556427002,1.7811119556427002
5643,-0.02496679499745369,2.088124990463257
6171,0.20423945784568787,2.1015713214874268
4846,0.46423444151878357,1.8313599824905396
4811,0.4236440658569336,0.8835828304290771
1591,0.7648842930793762,0.5629138946533203
7000,0.2343495935201645,1.6099655628204346
5646,1.3578449487686157,0.4759690463542938
7987,1.7811119556427002,1.7811119556427002
5179,1.3225910663604736,1.2271705865859985
4768,1.2562496662139893,1.5136299133300781
5438,1.5763115882873535,0.762857973575592
6661,1.7811119556427002,1.7811119556427002
5715,1.432070016860962,0.40085190534591675
6687,1.7811119556427002,1.7811119556427002
3386,0.7625686526298523,1.5290946960449219
5451,0.5533857941627502,0.9782253503799438
5000,0.3839522898197174,1.9357014894485474
7854,-0.6374731063842773,2.8819572925567627
5083,1.06134831905365,1.3112475872039795
5036,1.736167073249817,1.3184154033660889
5134,0.5710790753364563,2.6346592903137207
5125,2.939513921737671,0.2825559377670288
5600,1.7811119556427002,1.7811119556427002
5041,1.7811119556427002,1.7811119556427002
5456,0.13524866104125977,1.4470747709274292
4707,1.8445266485214233,0.871319591999054
5670,1.5994127988815308,1.0407347679138184
5729,1.7811119556427002,1.7811119556427002
5671,1.7811119556427002,1.7811119556427002
5066,1.3840323686599731,1.3319580554962158
5540,-0.35816243290901184,2.924694299697876
5711,0.834388792514801,1.406897783279419
5484,1.358464002609253,0.8957907557487488
5467,1.4326045513153076,0.38978901505470276
5703,2.0684010982513428,0.5726547837257385
5446,1.8582861423492432,0.6378782987594604
4684,1.7811119556427002,1.7811119556427002
4755,1.725902795791626,0.5126689672470093
4694,1.7221574783325195,0.3209681212902069
4955,1.480346918106079,1.6653845310211182
5271,0.38706329464912415,0.6830436587333679
5780,-0.10890135914087296,2.6780362129211426
5710,0.8075692057609558,0.8191239237785339
4874,-0.5996894836425781,2.7380847930908203
5030,1.7811119556427002,1.7811119556427002
5017,1.7811119556427002,1.7811119556427002
4761,1.7811119556427002,1.7811119556427002
5774,1.7811119556427002,1.7811119556427002
4682,1.7811119556427002,1.7811119556427002
5602,1.7811119556427002,1.7811119556427002
4876,1.7811119556427002,1.7811119556427002
5336,1.7811119556427002,1.7811119556427002
5437,1.7811119556427002,1.7811119556427002
5770,1.7811119556427002,1.7811119556427002
4823,1.736584186553955,0.5782198309898376
5338,1.7811119556427002,1.7811119556427002
5054,1.5594208240509033,1.4369341135025024
4716,1.7811119556427002,1.7811119556427002
5762,1.7811119556427002,1.7811119556427002
5070,1.7811119556427002,1.7811119556427002
5321,1.7811119556427002,1.7811119556427002
5352,1.7811119556427002,1.7811119556427002
4875,1.7811119556427002,1.7811119556427002
5626,1.7811119556427002,1.7811119556427002
5280,1.7811119556427002,1.7811119556427002
5062,1.7811119556427002,1.7811119556427002
5216,1.7811119556427002,1.7811119556427002
5198,1.7811119556427002,1.7811119556427002
5786,1.7811119556427002,1.7811119556427002
5432,1.7811119556427002,1.7811119556427002
5297,0.41906338930130005,1.9290319681167603
5065,-0.22602425515651703,2.133085250854492
4971,0.0961785838007927,1.5174530744552612
4860,1.1824588775634766,1.592944622039795
5473,1.7811119556427002,1.7811119556427002
4765,1.7811119556427002,1.7811119556427002
5087,1.7811119556427002,1.7811119556427002
5208,0.33399373292922974,1.3743891716003418
5760,3.0458309650421143,-0.1343630701303482
4784,0.1274993121623993,2.1344597339630127
5365,0.6653700470924377,1.2311875820159912
5404,1.7710800170898438,-0.08991054445505142
4672,1.7811119556427002,1.7811119556427002
5032,1.7811119556427002,1.7811119556427002
5043,1.7811119556427002,1.7811119556427002
5306,1.7811119556427002,1.7811119556427002
5211,1.7811119556427002,1.7811119556427002
4906,1.7811119556427002,1.7811119556427002
5035,1.7811119556427002,1.7811119556427002
5801,1.7811119556427002,1.7811119556427002
5795,1.7811119556427002,1.7811119556427002
5721,1.7811119556427002,1.7811119556427002
5053,1.7811119556427002,1.7811119556427002
5315,1.7811119556427002,1.7811119556427002
5664,1.7811119556427002,1.7811119556427002
4802,1.7811119556427002,1.7811119556427002
5766,1.7811119556427002,1.7811119556427002
5292,1.7811119556427002,1.7811119556427002
4704,1.7811119556427002,1.7811119556427002
5482,1.7811119556427002,1.7811119556427002
5652,1.7811119556427002,1.7811119556427002
5557,1.7811119556427002,1.7811119556427002
5765,1.0773770809173584,1.0263131856918335
5394,1.9378751516342163,-0.5617402195930481
5223,1.0378870964050293,0.8307176232337952
5238,1.5280205011367798,0.601702868938446
4826,1.7811119556427002,1.7811119556427002
5596,1.7811119556427002,1.7811119556427002
