variant,normal_score,flipped_score,antisym_score,symmetric_order_score,backbone,pair_index,dataset_index
attention_with_norm,0.7691999673843384,2.4264748096466064,-0.828637421131134,1.5978373885154724,Ouro 2.6B Thinking,0,
attention_without_norm,1.5133769512176514,2.2654969692230225,-0.37606000900268555,1.889436960220337,Ouro 2.6B Thinking,0,
mean_with_norm,1.085275650024414,1.7933006286621094,-0.35401248931884766,1.4392881393432617,Ouro 2.6B Thinking,0,
mean_without_norm,1.4917078018188477,2.547248125076294,-0.5277701616287231,2.019477963447571,Ouro 2.6B Thinking,0,
attention_with_norm,1.665462851524353,0.8724659085273743,0.3964984714984894,1.2689643800258636,Ouro 2.6B Thinking,1,
attention_without_norm,2.303368091583252,1.41695237159729,0.44320785999298096,1.860160231590271,Ouro 2.6B Thinking,1,
mean_with_norm,1.9583157300949097,0.40195679664611816,0.7781794667243958,1.180136263370514,Ouro 2.6B Thinking,1,
mean_without_norm,2.3387720584869385,0.7177230715751648,0.8105244934558868,1.5282475650310516,Ouro 2.6B Thinking,1,
attention_with_norm,2.426192045211792,-0.2635694146156311,1.3448807299137115,1.0813113152980804,Ouro 2.6B Thinking,2,
attention_without_norm,2.681119203567505,0.5019572973251343,1.0895809531211853,1.5915382504463196,Ouro 2.6B Thinking,2,
mean_with_norm,1.4964876174926758,1.125840425491333,0.1853235960006714,1.3111640214920044,Ouro 2.6B Thinking,2,
mean_without_norm,1.9040298461914062,1.3427836894989014,0.28062307834625244,1.6234067678451538,Ouro 2.6B Thinking,2,
attention_with_norm,1.3329755067825317,1.5891910791397095,-0.12810778617858887,1.4610832929611206,Ouro 2.6B Thinking,3,
attention_without_norm,1.7098498344421387,2.3292596340179443,-0.30970489978790283,2.0195547342300415,Ouro 2.6B Thinking,3,
mean_with_norm,1.6111030578613281,1.0253287553787231,0.2928871512413025,1.3182159066200256,Ouro 2.6B Thinking,3,
mean_without_norm,1.9333878755569458,1.7634129524230957,0.08498746156692505,1.8484004139900208,Ouro 2.6B Thinking,3,
attention_with_norm,1.1637041568756104,1.110109806060791,0.026797175407409668,1.1369069814682007,Ouro 2.6B Thinking,4,
attention_without_norm,2.0712525844573975,1.668304681777954,0.20147395133972168,1.8697786331176758,Ouro 2.6B Thinking,4,
mean_with_norm,0.10819981247186661,2.4663238525390625,-1.179062020033598,1.2872618325054646,Ouro 2.6B Thinking,4,
mean_without_norm,1.0713422298431396,2.5989112854003906,-0.7637845277786255,1.8351267576217651,Ouro 2.6B Thinking,4,
attention_with_norm,0.9416468143463135,1.7252901792526245,-0.3918216824531555,1.333468496799469,Ouro 2.6B Thinking,5,
attention_without_norm,1.8350005149841309,1.9561169147491455,-0.060558199882507324,1.8955587148666382,Ouro 2.6B Thinking,5,
mean_with_norm,3.218520402908325,-0.4094610810279846,1.813990741968155,1.4045296609401703,Ouro 2.6B Thinking,5,
mean_without_norm,3.379061698913574,0.215816468000412,1.5816226154565811,1.797439083456993,Ouro 2.6B Thinking,5,
attention_with_norm,3.1047720909118652,-0.7624849677085876,1.9336285293102264,1.1711435616016388,Ouro 2.6B Thinking,6,
attention_without_norm,3.2530293464660645,0.06514518707990646,1.593942079693079,1.6590872667729855,Ouro 2.6B Thinking,6,
mean_with_norm,0.15557332336902618,2.075329303741455,-0.9598779901862144,1.1154513135552406,Ouro 2.6B Thinking,6,
mean_without_norm,0.5118439793586731,2.299304246902466,-0.8937301337718964,1.4055741131305695,Ouro 2.6B Thinking,6,
attention_with_norm,1.0288450717926025,1.8919320106506348,-0.4315434694290161,1.4603885412216187,Ouro 2.6B Thinking,7,
attention_without_norm,1.5655443668365479,2.27618145942688,-0.355318546295166,1.9208629131317139,Ouro 2.6B Thinking,7,
mean_with_norm,1.0969343185424805,1.6050300598144531,-0.25404787063598633,1.3509821891784668,Ouro 2.6B Thinking,7,
mean_without_norm,1.6077518463134766,1.9244818687438965,-0.15836501121520996,1.7661168575286865,Ouro 2.6B Thinking,7,
attention_with_norm,2.0624353885650635,0.6601433753967285,0.7011460065841675,1.361289381980896,Ouro 2.6B Thinking,8,
attention_without_norm,1.9685542583465576,1.849231243133545,0.05966150760650635,1.9088927507400513,Ouro 2.6B Thinking,8,
mean_with_norm,0.6533038020133972,2.2347586154937744,-0.7907274067401886,1.4440312087535858,Ouro 2.6B Thinking,8,
mean_without_norm,1.1759824752807617,2.818293571472168,-0.8211555480957031,1.9971380233764648,Ouro 2.6B Thinking,8,
attention_with_norm,0.8365312814712524,1.4230260848999023,-0.29324740171432495,1.1297786831855774,Ouro 2.6B Thinking,9,
attention_without_norm,1.4747952222824097,2.0085766315460205,-0.2668907046318054,1.741685926914215,Ouro 2.6B Thinking,9,
mean_with_norm,0.7980884909629822,1.106952428817749,-0.15443196892738342,0.9525204598903656,Ouro 2.6B Thinking,9,
mean_without_norm,1.2550256252288818,1.665435552597046,-0.20520496368408203,1.4602305889129639,Ouro 2.6B Thinking,9,
attention_with_norm,1.8541656732559204,0.1361667811870575,0.8589994460344315,0.995166227221489,Ouro 2.6B Thinking,10,
attention_without_norm,2.0818636417388916,1.2474908828735352,0.4171863794326782,1.6646772623062134,Ouro 2.6B Thinking,10,
mean_with_norm,1.6078946590423584,0.0823545753955841,0.7627700418233871,0.8451246172189713,Ouro 2.6B Thinking,10,
mean_without_norm,2.0774052143096924,1.1853816509246826,0.4460117816925049,1.6313934326171875,Ouro 2.6B Thinking,10,
attention_with_norm,3.0017411708831787,-0.31793081760406494,1.6598359942436218,1.3419051766395569,Ouro 2.6B Thinking,11,
attention_without_norm,3.414106607437134,0.6595310568809509,1.3772877752780914,2.0368188321590424,Ouro 2.6B Thinking,11,
mean_with_norm,3.2348668575286865,-0.6737248301506042,1.9542958438396454,1.2805710136890411,Ouro 2.6B Thinking,11,
mean_without_norm,3.4986960887908936,-0.14102330803871155,1.8198596984148026,1.678836390376091,Ouro 2.6B Thinking,11,
attention_with_norm,1.0746266841888428,2.2593274116516113,-0.5923503637313843,1.666977047920227,Ouro 2.6B Thinking,12,
attention_without_norm,1.8670854568481445,2.484630823135376,-0.3087726831436157,2.1758581399917603,Ouro 2.6B Thinking,12,
mean_with_norm,1.1951327323913574,1.9178392887115479,-0.3613532781600952,1.5564860105514526,Ouro 2.6B Thinking,12,
mean_without_norm,1.4313771724700928,2.008831024169922,-0.28872692584991455,1.7201040983200073,Ouro 2.6B Thinking,12,
attention_with_norm,2.0345537662506104,0.23961199820041656,0.8974708840250969,1.1370828822255135,Ouro 2.6B Thinking,13,
attention_without_norm,2.1111247539520264,1.5798325538635254,0.2656461000442505,1.8454786539077759,Ouro 2.6B Thinking,13,
mean_with_norm,1.179414987564087,1.3726556301116943,-0.09662032127380371,1.2760353088378906,Ouro 2.6B Thinking,13,
mean_without_norm,1.7539489269256592,2.0153353214263916,-0.1306931972503662,1.8846421241760254,Ouro 2.6B Thinking,13,
attention_with_norm,2.8710951805114746,-0.8317987322807312,1.851446956396103,1.0196482241153717,Ouro 2.6B Thinking,14,
attention_without_norm,3.030648708343506,-0.2779999077320099,1.6543243080377579,1.376324400305748,Ouro 2.6B Thinking,14,
mean_with_norm,1.5283443927764893,0.7667074799537659,0.3808184564113617,1.1475259363651276,Ouro 2.6B Thinking,14,
mean_without_norm,1.7331726551055908,1.0097458362579346,0.3617134094238281,1.3714592456817627,Ouro 2.6B Thinking,14,
attention_with_norm,3.2494399547576904,-0.3602984547615051,1.8048692047595978,1.4445707499980927,Ouro 2.6B Thinking,15,
attention_without_norm,3.3556411266326904,0.6306342482566833,1.3625034391880035,1.993137687444687,Ouro 2.6B Thinking,15,
mean_with_norm,2.76725697517395,-0.050919972360134125,1.4090884737670422,1.358168501406908,Ouro 2.6B Thinking,15,
mean_without_norm,3.0482370853424072,0.5899578332901001,1.2291396260261536,1.8190974593162537,Ouro 2.6B Thinking,15,
attention_with_norm,0.5076830983161926,1.970333456993103,-0.7313251793384552,1.2390082776546478,Ouro 2.6B Thinking,16,
attention_without_norm,1.7751357555389404,1.814591884613037,-0.01972806453704834,1.7948638200759888,Ouro 2.6B Thinking,16,
mean_with_norm,1.1426640748977661,0.8959986567497253,0.12333270907402039,1.0193313658237457,Ouro 2.6B Thinking,16,
mean_without_norm,1.8665173053741455,1.7024245262145996,0.08204638957977295,1.7844709157943726,Ouro 2.6B Thinking,16,
attention_with_norm,4.378726482391357,-1.1398305892944336,2.7592785358428955,1.619447946548462,Ouro 2.6B Thinking,17,
attention_without_norm,4.485501289367676,-0.09280254691839218,2.289151918143034,2.196349371224642,Ouro 2.6B Thinking,17,
mean_with_norm,3.7783050537109375,-0.29280489683151245,2.035554975271225,1.7427500784397125,Ouro 2.6B Thinking,17,
mean_without_norm,3.895960569381714,0.08964836597442627,1.9031561017036438,1.99280446767807,Ouro 2.6B Thinking,17,
attention_with_norm,3.062725782394409,-0.8115891218185425,1.9371574521064758,1.1255683302879333,Ouro 2.6B Thinking,18,
attention_without_norm,2.5390942096710205,1.2342662811279297,0.6524139642715454,1.886680245399475,Ouro 2.6B Thinking,18,
mean_with_norm,1.607250690460205,1.523667812347412,0.041791439056396484,1.5654592514038086,Ouro 2.6B Thinking,18,
mean_without_norm,2.3438565731048584,1.8020135164260864,0.270921528339386,2.0729350447654724,Ouro 2.6B Thinking,18,
attention_with_norm,1.4507105350494385,0.5609840750694275,0.4448632299900055,1.005847305059433,Ouro 2.6B Thinking,19,
attention_without_norm,1.9858587980270386,1.3099783658981323,0.3379402160644531,1.6479185819625854,Ouro 2.6B Thinking,19,
mean_with_norm,2.383737802505493,0.09051971882581711,1.146609041839838,1.2371287606656551,Ouro 2.6B Thinking,19,
mean_without_norm,2.630121946334839,0.5988926291465759,1.0156146585941315,1.6145072877407074,Ouro 2.6B Thinking,19,
attention_with_norm,1.839372158050537,0.8264400959014893,0.5064660310745239,1.3329061269760132,Ouro 2.6B Thinking,20,
attention_without_norm,2.2475216388702393,1.4095916748046875,0.4189649820327759,1.8285566568374634,Ouro 2.6B Thinking,20,
mean_with_norm,2.3339455127716064,0.19263000786304474,1.0706577524542809,1.2632877603173256,Ouro 2.6B Thinking,20,
mean_without_norm,2.563145875930786,0.6154758334159851,0.9738350212574005,1.5893108546733856,Ouro 2.6B Thinking,20,
attention_with_norm,1.5419601202011108,0.7920415997505188,0.374959260225296,1.1670008599758148,Ouro 2.6B Thinking,21,
attention_without_norm,2.0171761512756348,1.724846363067627,0.1461648941040039,1.8710112571716309,Ouro 2.6B Thinking,21,
mean_with_norm,1.9742966890335083,0.35513073205947876,0.8095829784870148,1.1647137105464935,Ouro 2.6B Thinking,21,
mean_without_norm,2.3596556186676025,0.8958733677864075,0.7318911254405975,1.627764493227005,Ouro 2.6B Thinking,21,
attention_with_norm,0.28734540939331055,2.476569414138794,-1.0946120023727417,1.3819574117660522,Ouro 2.6B Thinking,22,
attention_without_norm,1.3513010740280151,2.605736494064331,-0.627217710018158,1.978518784046173,Ouro 2.6B Thinking,22,
mean_with_norm,-0.008152923546731472,2.168208360671997,-1.0881806421093643,1.0800277185626328,Ouro 2.6B Thinking,22,
mean_without_norm,0.7685189843177795,2.556077480316162,-0.8937792479991913,1.6622982323169708,Ouro 2.6B Thinking,22,
attention_with_norm,-0.7210402488708496,2.7625815868377686,-1.741810917854309,1.0207706689834595,Ouro 2.6B Thinking,23,
attention_without_norm,-0.09110760688781738,2.8855721950531006,-1.488339900970459,1.3972322940826416,Ouro 2.6B Thinking,23,
mean_with_norm,-0.9228957295417786,2.9646098613739014,-1.94375279545784,1.0208570659160614,Ouro 2.6B Thinking,23,
mean_without_norm,-0.46885812282562256,3.0539846420288086,-1.7614213824272156,1.292563259601593,Ouro 2.6B Thinking,23,
attention_with_norm,0.08616698533296585,2.3406360149383545,-1.1272345148026943,1.2134015001356602,Ouro 2.6B Thinking,24,
attention_without_norm,0.6176175475120544,2.6108009815216064,-0.996591717004776,1.6142092645168304,Ouro 2.6B Thinking,24,
mean_with_norm,0.7616144418716431,2.1458404064178467,-0.6921129822731018,1.4537274241447449,Ouro 2.6B Thinking,24,
mean_without_norm,1.1234471797943115,2.5560436248779297,-0.7162982225418091,1.8397454023361206,Ouro 2.6B Thinking,24,
attention_with_norm,3.5912344455718994,-0.9830201864242554,2.2871273159980774,1.304107129573822,Ouro 2.6B Thinking,25,
attention_without_norm,3.3440942764282227,0.6174740195274353,1.3633101284503937,1.980784147977829,Ouro 2.6B Thinking,25,
mean_with_norm,2.7599403858184814,-0.09348475188016891,1.4267125688493252,1.3332278169691563,Ouro 2.6B Thinking,25,
mean_without_norm,2.9954090118408203,0.4761659502983093,1.2596215307712555,1.7357874810695648,Ouro 2.6B Thinking,25,
attention_with_norm,2.607140302658081,0.18787066638469696,1.209634818136692,1.397505484521389,Ouro 2.6B Thinking,26,
attention_without_norm,2.426537275314331,1.7239736318588257,0.3512818217277527,2.0752554535865784,Ouro 2.6B Thinking,26,
mean_with_norm,0.9246694445610046,1.9200918674468994,-0.4977112114429474,1.422380656003952,Ouro 2.6B Thinking,26,
mean_without_norm,1.393409252166748,2.498014211654663,-0.5523024797439575,1.9457117319107056,Ouro 2.6B Thinking,26,
attention_with_norm,1.724696397781372,0.445441871881485,0.6396272629499435,1.0850691348314285,Ouro 2.6B Thinking,27,
attention_without_norm,2.071373701095581,1.6496245861053467,0.2108745574951172,1.8604991436004639,Ouro 2.6B Thinking,27,
mean_with_norm,1.3638465404510498,1.204255223274231,0.07979565858840942,1.2840508818626404,Ouro 2.6B Thinking,27,
mean_without_norm,2.0329620838165283,1.759355068206787,0.1368035078048706,1.8961585760116577,Ouro 2.6B Thinking,27,
attention_with_norm,1.825291395187378,0.5497297644615173,0.6377808153629303,1.1875105798244476,Ouro 2.6B Thinking,28,
attention_without_norm,2.14927077293396,1.5640583038330078,0.2926062345504761,1.8566645383834839,Ouro 2.6B Thinking,28,
mean_with_norm,1.3673287630081177,0.5434998273849487,0.4119144678115845,0.9554142951965332,Ouro 2.6B Thinking,28,
mean_without_norm,1.978001594543457,1.4501702785491943,0.26391565799713135,1.7140859365463257,Ouro 2.6B Thinking,28,
attention_with_norm,2.0114028453826904,1.0050859451293945,0.503158450126648,1.5082443952560425,Ouro 2.6B Thinking,29,
attention_without_norm,2.4464926719665527,1.5507152080535889,0.44788873195648193,1.9986039400100708,Ouro 2.6B Thinking,29,
mean_with_norm,2.042905569076538,0.21001850068569183,0.9164435341954231,1.126462034881115,Ouro 2.6B Thinking,29,
mean_without_norm,2.513705015182495,0.9519371390342712,0.7808839380741119,1.7328210771083832,Ouro 2.6B Thinking,29,
attention_with_norm,2.644247531890869,-0.6675460934638977,1.6558968126773834,0.9883507192134857,Ouro 2.6B Thinking,30,
attention_without_norm,2.2819554805755615,1.2395594120025635,0.521198034286499,1.7607574462890625,Ouro 2.6B Thinking,30,
mean_with_norm,2.291382074356079,-0.1188587099313736,1.2051203921437263,1.0862616822123528,Ouro 2.6B Thinking,30,
mean_without_norm,2.6864001750946045,0.6061396598815918,1.0401302576065063,1.6462699174880981,Ouro 2.6B Thinking,30,
attention_with_norm,0.22147703170776367,2.373591661453247,-1.0760573148727417,1.2975343465805054,Ouro 2.6B Thinking,31,
attention_without_norm,1.3719627857208252,2.4987237453460693,-0.5633804798126221,1.9353432655334473,Ouro 2.6B Thinking,31,
mean_with_norm,0.058209676295518875,2.611536979675293,-1.276663651689887,1.334873327985406,Ouro 2.6B Thinking,31,
mean_without_norm,1.0080223083496094,2.734685182571411,-0.8633314371109009,1.8713537454605103,Ouro 2.6B Thinking,31,
attention_with_norm,1.1630109548568726,0.7001541256904602,0.23142841458320618,0.9315825402736664,Ouro 2.6B Thinking,32,
attention_without_norm,2.0449116230010986,1.3817002773284912,0.3316056728363037,1.713305950164795,Ouro 2.6B Thinking,32,
mean_with_norm,1.1873445510864258,1.363051176071167,-0.0878533124923706,1.2751978635787964,Ouro 2.6B Thinking,32,
mean_without_norm,1.596408486366272,1.8621127605438232,-0.13285213708877563,1.7292606234550476,Ouro 2.6B Thinking,32,
attention_with_norm,2.0191352367401123,0.7276216745376587,0.6457567811012268,1.3733784556388855,Ouro 2.6B Thinking,33,
attention_without_norm,1.9523589611053467,1.6596338748931885,0.1463625431060791,1.8059964179992676,Ouro 2.6B Thinking,33,
mean_with_norm,1.9743704795837402,0.6600119471549988,0.6571792662143707,1.3171912133693695,Ouro 2.6B Thinking,33,
mean_without_norm,2.1249759197235107,1.7282016277313232,0.19838714599609375,1.926588773727417,Ouro 2.6B Thinking,33,
attention_with_norm,1.8158175945281982,0.35413774847984314,0.7308399230241776,1.0849776715040207,Ouro 2.6B Thinking,34,
attention_without_norm,2.2482850551605225,1.4172680377960205,0.415508508682251,1.8327765464782715,Ouro 2.6B Thinking,34,
mean_with_norm,0.7953025698661804,1.458959698677063,-0.3318285644054413,1.1271311342716217,Ouro 2.6B Thinking,34,
mean_without_norm,1.2236621379852295,1.985988736152649,-0.3811632990837097,1.6048254370689392,Ouro 2.6B Thinking,34,
attention_with_norm,2.2568838596343994,0.17450398206710815,1.0411899387836456,1.2156939208507538,Ouro 2.6B Thinking,35,
attention_without_norm,2.5235602855682373,0.81447833776474,0.8545409739017487,1.6690193116664886,Ouro 2.6B Thinking,35,
mean_with_norm,2.358518362045288,0.23691709339618683,1.0608006343245506,1.2977177277207375,Ouro 2.6B Thinking,35,
mean_without_norm,2.7035939693450928,0.7231797575950623,0.9902071058750153,1.7133868634700775,Ouro 2.6B Thinking,35,
attention_with_norm,2.7734601497650146,0.37500715255737305,1.1992264986038208,1.5742336511611938,Ouro 2.6B Thinking,36,
attention_without_norm,3.0001742839813232,0.8859333395957947,1.0571204721927643,1.943053811788559,Ouro 2.6B Thinking,36,
mean_with_norm,2.7548329830169678,0.0078664505854249,1.3734832662157714,1.3813497168011963,Ouro 2.6B Thinking,36,
mean_without_norm,3.085298776626587,0.521098256111145,1.282100260257721,1.803198516368866,Ouro 2.6B Thinking,36,
attention_with_norm,1.7396466732025146,0.6830304265022278,0.5283081233501434,1.2113385498523712,Ouro 2.6B Thinking,37,
attention_without_norm,2.0749399662017822,1.0677275657653809,0.5036062002182007,1.5713337659835815,Ouro 2.6B Thinking,37,
mean_with_norm,1.6453700065612793,0.9986759424209595,0.3233470320701599,1.3220229744911194,Ouro 2.6B Thinking,37,
mean_without_norm,1.917459487915039,1.2803456783294678,0.31855690479278564,1.5989025831222534,Ouro 2.6B Thinking,37,
attention_with_norm,0.37993812561035156,2.288551092147827,-0.9543064832687378,1.3342446088790894,Ouro 2.6B Thinking,38,
attention_without_norm,1.3773590326309204,2.433161735534668,-0.5279013514518738,1.9052603840827942,Ouro 2.6B Thinking,38,
mean_with_norm,0.7469952702522278,1.829666018486023,-0.5413353741168976,1.2883306443691254,Ouro 2.6B Thinking,38,
mean_without_norm,1.4704521894454956,2.1305017471313477,-0.330024778842926,1.8004769682884216,Ouro 2.6B Thinking,38,
attention_with_norm,0.9807869791984558,1.0579688549041748,-0.0385909378528595,1.0193779170513153,Ouro 2.6B Thinking,39,
attention_without_norm,1.3854979276657104,1.5700037479400635,-0.09225291013717651,1.477750837802887,Ouro 2.6B Thinking,39,
mean_with_norm,0.7505797147750854,1.0297319889068604,-0.13957613706588745,0.8901558518409729,Ouro 2.6B Thinking,39,
mean_without_norm,1.0838204622268677,1.4664995670318604,-0.19133955240249634,1.275160014629364,Ouro 2.6B Thinking,39,
attention_with_norm,3.5141377449035645,-0.889323890209198,2.2017308175563812,1.3124069273471832,Ouro 2.6B Thinking,40,
attention_without_norm,3.599675416946411,-0.31906449794769287,1.959369957447052,1.6403054594993591,Ouro 2.6B Thinking,40,
mean_with_norm,2.245246410369873,0.46455663442611694,0.890344887971878,1.354901522397995,Ouro 2.6B Thinking,40,
mean_without_norm,2.494433641433716,0.7857030034065247,0.8543653190135956,1.6400683224201202,Ouro 2.6B Thinking,40,
attention_with_norm,0.13203094899654388,2.166081666946411,-1.0170253589749336,1.1490563079714775,Ouro 2.6B Thinking,41,
attention_without_norm,0.6557308435440063,2.544715642929077,-0.9444923996925354,1.6002232432365417,Ouro 2.6B Thinking,41,
mean_with_norm,0.5645638108253479,1.1848641633987427,-0.3101501762866974,0.8747139871120453,Ouro 2.6B Thinking,41,
mean_without_norm,0.7586937546730042,1.480729341506958,-0.36101779341697693,1.119711548089981,Ouro 2.6B Thinking,41,
attention_with_norm,0.00473568681627512,2.272620439529419,-1.133942376356572,1.138678063172847,Ouro 2.6B Thinking,42,
attention_without_norm,0.7484304308891296,2.3825643062591553,-0.8170669376850128,1.5654973685741425,Ouro 2.6B Thinking,42,
mean_with_norm,1.1337244510650635,0.6032942533493042,0.26521509885787964,0.8685093522071838,Ouro 2.6B Thinking,42,
mean_without_norm,1.4182989597320557,0.9334060549736023,0.24244645237922668,1.175852507352829,Ouro 2.6B Thinking,42,
attention_with_norm,2.966353416442871,-0.2908426523208618,1.6285980343818665,1.3377553820610046,Ouro 2.6B Thinking,43,
attention_without_norm,2.7539780139923096,1.2956750392913818,0.7291514873504639,2.0248265266418457,Ouro 2.6B Thinking,43,
mean_with_norm,2.6416900157928467,-0.21678094565868378,1.4292354807257652,1.2124545350670815,Ouro 2.6B Thinking,43,
mean_without_norm,2.7553470134735107,0.831852912902832,0.9617470502853394,1.7935999631881714,Ouro 2.6B Thinking,43,
attention_with_norm,1.8734718561172485,0.40129441022872925,0.7360887229442596,1.137383133172989,Ouro 2.6B Thinking,44,
attention_without_norm,2.133371114730835,1.4279210567474365,0.3527250289916992,1.7806460857391357,Ouro 2.6B Thinking,44,
mean_with_norm,1.63744056224823,0.6649066209793091,0.48626697063446045,1.1511735916137695,Ouro 2.6B Thinking,44,
mean_without_norm,2.05361008644104,1.3702679872512817,0.34167104959487915,1.7119390368461609,Ouro 2.6B Thinking,44,
attention_with_norm,-0.17901696264743805,2.5553460121154785,-1.3671814873814583,1.1881645247340202,Ouro 2.6B Thinking,45,
attention_without_norm,0.9648213982582092,2.6342766284942627,-0.8347276151180267,1.799549013376236,Ouro 2.6B Thinking,45,
mean_with_norm,-0.23567257821559906,2.0865681171417236,-1.1611203476786613,0.9254477694630623,Ouro 2.6B Thinking,45,
mean_without_norm,0.19764895737171173,2.3457224369049072,-1.0740367397665977,1.2716856971383095,Ouro 2.6B Thinking,45,
attention_with_norm,0.7756683230400085,1.7212120294570923,-0.47277185320854187,1.2484401762485504,Ouro 2.6B Thinking,46,
attention_without_norm,1.6513547897338867,1.9213234186172485,-0.1349843144416809,1.7863391041755676,Ouro 2.6B Thinking,46,
mean_with_norm,-0.1000123992562294,1.998180627822876,-1.0490965135395527,0.9490841142833233,Ouro 2.6B Thinking,46,
mean_without_norm,1.1494617462158203,2.334956407546997,-0.5927473306655884,1.7422090768814087,Ouro 2.6B Thinking,46,
attention_with_norm,1.4998865127563477,1.5367491245269775,-0.01843130588531494,1.5183178186416626,Ouro 2.6B Thinking,47,
attention_without_norm,2.2951180934906006,1.7221390008926392,0.2864895462989807,2.00862854719162,Ouro 2.6B Thinking,47,
mean_with_norm,1.4733487367630005,1.3597877025604248,0.05678051710128784,1.4165682196617126,Ouro 2.6B Thinking,47,
mean_without_norm,2.2152702808380127,1.705938458442688,0.25466591119766235,1.9606043696403503,Ouro 2.6B Thinking,47,
attention_with_norm,2.2232470512390137,-0.3858276605606079,1.3045373558998108,0.9187096953392029,Ouro 2.6B Thinking,48,
attention_without_norm,2.484652042388916,0.5577796101570129,0.9634362161159515,1.5212158262729645,Ouro 2.6B Thinking,48,
mean_with_norm,1.060559868812561,0.8292103409767151,0.11567476391792297,0.9448851048946381,Ouro 2.6B Thinking,48,
mean_without_norm,1.7841331958770752,1.461129903793335,0.16150164604187012,1.622631549835205,Ouro 2.6B Thinking,48,
attention_with_norm,1.8524850606918335,0.5580569505691528,0.6472140550613403,1.2052710056304932,Ouro 2.6B Thinking,49,
attention_without_norm,2.2314987182617188,1.5400726795196533,0.3457130193710327,1.885785698890686,Ouro 2.6B Thinking,49,
mean_with_norm,1.5226037502288818,0.9040465950965881,0.30927857756614685,1.213325172662735,Ouro 2.6B Thinking,49,
mean_without_norm,2.0473880767822266,1.6541322469711304,0.1966279149055481,1.8507601618766785,Ouro 2.6B Thinking,49,
attention_with_norm,2.073699474334717,0.28050628304481506,0.8965965956449509,1.177102878689766,Ouro 2.6B Thinking,50,
attention_without_norm,2.319383382797241,1.1167213916778564,0.6013309955596924,1.7180523872375488,Ouro 2.6B Thinking,50,
mean_with_norm,0.9009671807289124,1.8560984134674072,-0.47756561636924744,1.3785327970981598,Ouro 2.6B Thinking,50,
mean_without_norm,1.4785151481628418,2.2103002071380615,-0.36589252948760986,1.8444076776504517,Ouro 2.6B Thinking,50,
attention_with_norm,0.9431557059288025,1.453134298324585,-0.25498929619789124,1.1981450021266937,Ouro 2.6B Thinking,51,
attention_without_norm,1.8907270431518555,1.7316163778305054,0.07955533266067505,1.8111717104911804,Ouro 2.6B Thinking,51,
mean_with_norm,1.5363563299179077,0.9316615462303162,0.3023473918437958,1.234008938074112,Ouro 2.6B Thinking,51,
mean_without_norm,2.1427409648895264,1.5360360145568848,0.3033524751663208,1.8393884897232056,Ouro 2.6B Thinking,51,
attention_with_norm,0.34804636240005493,2.3475284576416016,-0.9997410476207733,1.3477874100208282,Ouro 2.6B Thinking,52,
attention_without_norm,1.2087740898132324,2.611630439758301,-0.7014281749725342,1.9102022647857666,Ouro 2.6B Thinking,52,
mean_with_norm,0.7516788840293884,1.6961705684661865,-0.47224584221839905,1.2239247262477875,Ouro 2.6B Thinking,52,
mean_without_norm,1.3809844255447388,2.1232264041900635,-0.37112098932266235,1.7521054148674011,Ouro 2.6B Thinking,52,
attention_with_norm,1.9392729997634888,0.33120590448379517,0.8040335476398468,1.135239452123642,Ouro 2.6B Thinking,53,
attention_without_norm,2.347393035888672,1.2300500869750977,0.5586714744567871,1.7887215614318848,Ouro 2.6B Thinking,53,
mean_with_norm,0.9979392290115356,1.3498351573944092,-0.17594796419143677,1.1738871932029724,Ouro 2.6B Thinking,53,
mean_without_norm,1.6724419593811035,1.686517596244812,-0.007037818431854248,1.6794797778129578,Ouro 2.6B Thinking,53,
attention_with_norm,1.7811297178268433,1.7811297178268433,0.0,1.7811297178268433,Ouro 2.6B Thinking,54,
attention_without_norm,1.7811297178268433,1.7811297178268433,0.0,1.7811297178268433,Ouro 2.6B Thinking,54,
mean_with_norm,1.7811297178268433,1.7811297178268433,0.0,1.7811297178268433,Ouro 2.6B Thinking,54,
mean_without_norm,1.7811297178268433,1.7811297178268433,0.0,1.7811297178268433,Ouro 2.6B Thinking,54,
attention_with_norm,0.8059061765670776,1.6232683658599854,-0.40868109464645386,1.2145872712135315,Ouro 2.6B Thinking,55,
attention_without_norm,1.2569667100906372,1.97734534740448,-0.3601893186569214,1.6171560287475586,Ouro 2.6B Thinking,55,
mean_with_norm,0.2706530690193176,1.9336689710617065,-0.8315079510211945,1.102161020040512,Ouro 2.6B Thinking,55,
mean_without_norm,0.6247998476028442,2.1434545516967773,-0.7593273520469666,1.3841271996498108,Ouro 2.6B Thinking,55,
attention_with_norm,0.2769380211830139,1.6944462060928345,-0.7087540924549103,0.9856921136379242,Ouro 2.6B Thinking,56,
attention_without_norm,0.9605735540390015,1.8866472244262695,-0.46303683519363403,1.4236103892326355,Ouro 2.6B Thinking,56,
mean_with_norm,1.2021968364715576,0.36360806226730347,0.4192943871021271,0.7829024493694305,Ouro 2.6B Thinking,56,
mean_without_norm,1.713224172592163,0.7043249011039734,0.5044496357440948,1.2087745368480682,Ouro 2.6B Thinking,56,
attention_with_norm,4.380713939666748,-0.8874827027320862,2.634098321199417,1.746615618467331,Ouro 2.6B Thinking,57,
attention_without_norm,4.431437969207764,-0.5026512742042542,2.467044621706009,1.9643933475017548,Ouro 2.6B Thinking,57,
mean_with_norm,3.5588808059692383,-0.18013860285282135,1.8695097044110298,1.6893711015582085,Ouro 2.6B Thinking,57,
mean_without_norm,3.6212925910949707,0.20210117101669312,1.7095957100391388,1.911696881055832,Ouro 2.6B Thinking,57,
attention_with_norm,0.6043411493301392,1.8559656143188477,-0.6258122324943542,1.2301533818244934,Ouro 2.6B Thinking,58,
attention_without_norm,1.3795053958892822,2.1984434127807617,-0.40946900844573975,1.788974404335022,Ouro 2.6B Thinking,58,
mean_with_norm,0.37808719277381897,2.0703670978546143,-0.8461399525403976,1.2242271453142166,Ouro 2.6B Thinking,58,
mean_without_norm,1.132968544960022,2.33015513420105,-0.5985932946205139,1.7315618395805359,Ouro 2.6B Thinking,58,
attention_with_norm,0.09999527037143707,2.691460371017456,-1.2957325503230095,1.3957278206944466,Ouro 2.6B Thinking,59,
attention_without_norm,1.3940796852111816,2.4636318683624268,-0.5347760915756226,1.9288557767868042,Ouro 2.6B Thinking,59,
mean_with_norm,-0.11098766326904297,2.438854694366455,-1.274921178817749,1.163933515548706,Ouro 2.6B Thinking,59,
mean_without_norm,1.2749766111373901,2.525559663772583,-0.6252915263175964,1.9002681374549866,Ouro 2.6B Thinking,59,
attention_with_norm,1.3817460536956787,1.0677366256713867,0.157004714012146,1.2247413396835327,Ouro 2.6B Thinking,60,
attention_without_norm,1.9229512214660645,1.7216830253601074,0.10063409805297852,1.822317123413086,Ouro 2.6B Thinking,60,
mean_with_norm,1.1679270267486572,1.4024109840393066,-0.11724197864532471,1.285169005393982,Ouro 2.6B Thinking,60,
mean_without_norm,1.8273786306381226,1.8639202117919922,-0.018270790576934814,1.8456494212150574,Ouro 2.6B Thinking,60,
attention_with_norm,1.7597579956054688,0.6156228184700012,0.5720675885677338,1.187690407037735,Ouro 2.6B Thinking,61,
attention_without_norm,2.2554259300231934,1.3943604230880737,0.4305327534675598,1.8248931765556335,Ouro 2.6B Thinking,61,
mean_with_norm,0.7316426634788513,1.6714118719100952,-0.46988460421562195,1.2015272676944733,Ouro 2.6B Thinking,61,
mean_without_norm,1.3706191778182983,2.17368483543396,-0.4015328288078308,1.7721520066261292,Ouro 2.6B Thinking,61,
attention_with_norm,0.4730936884880066,2.0940980911254883,-0.8105022013187408,1.2835958898067474,Ouro 2.6B Thinking,62,
attention_without_norm,0.9864035248756409,2.4278037548065186,-0.7207001149654388,1.7071036398410797,Ouro 2.6B Thinking,62,
mean_with_norm,0.3518110513687134,1.6002438068389893,-0.6242163777351379,0.9760274291038513,Ouro 2.6B Thinking,62,
mean_without_norm,0.7792784571647644,1.7610957622528076,-0.4909086525440216,1.270187109708786,Ouro 2.6B Thinking,62,
attention_with_norm,2.719175100326538,0.04345623403787613,1.337859433144331,1.381315667182207,Ouro 2.6B Thinking,63,
attention_without_norm,2.586738348007202,1.3969086408615112,0.5949148535728455,1.9918234944343567,Ouro 2.6B Thinking,63,
mean_with_norm,2.600775718688965,-0.37210196256637573,1.4864388406276703,1.1143368780612946,Ouro 2.6B Thinking,63,
mean_without_norm,2.611114740371704,1.2036733627319336,0.7037206888198853,1.9073940515518188,Ouro 2.6B Thinking,63,
attention_with_norm,1.9202077388763428,0.7201448678970337,0.6000314354896545,1.3201763033866882,Ouro 2.6B Thinking,64,
attention_without_norm,2.0199525356292725,1.612673282623291,0.20363962650299072,1.8163129091262817,Ouro 2.6B Thinking,64,
mean_with_norm,1.47539222240448,1.3294730186462402,0.07295960187911987,1.40243262052536,Ouro 2.6B Thinking,64,
mean_without_norm,2.1307528018951416,1.7267508506774902,0.20200097560882568,1.928751826286316,Ouro 2.6B Thinking,64,
attention_with_norm,1.5830713510513306,0.9724491238594055,0.3053111135959625,1.277760237455368,Ouro 2.6B Thinking,65,
attention_without_norm,2.009310483932495,1.5291533470153809,0.24007856845855713,1.769231915473938,Ouro 2.6B Thinking,65,
mean_with_norm,1.7522457838058472,0.3678104281425476,0.6922176778316498,1.0600281059741974,Ouro 2.6B Thinking,65,
mean_without_norm,2.0758297443389893,0.6946489214897156,0.6905904114246368,1.3852393329143524,Ouro 2.6B Thinking,65,
attention_with_norm,2.0299971103668213,0.2000119388103485,0.9149925857782364,1.115004524588585,Ouro 2.6B Thinking,66,
attention_without_norm,2.347383737564087,1.3981704711914062,0.47460663318634033,1.8727771043777466,Ouro 2.6B Thinking,66,
mean_with_norm,2.1321518421173096,0.0695897564291954,1.031281042844057,1.1008707992732525,Ouro 2.6B Thinking,66,
mean_without_norm,2.2364985942840576,1.3959919214248657,0.42025333642959595,1.8162452578544617,Ouro 2.6B Thinking,66,
attention_with_norm,1.7811297178268433,1.7811297178268433,0.0,1.7811297178268433,Ouro 2.6B Thinking,67,
attention_without_norm,1.7811297178268433,1.7811297178268433,0.0,1.7811297178268433,Ouro 2.6B Thinking,67,
mean_with_norm,1.7811297178268433,1.7811297178268433,0.0,1.7811297178268433,Ouro 2.6B Thinking,67,
mean_without_norm,1.7811297178268433,1.7811297178268433,0.0,1.7811297178268433,Ouro 2.6B Thinking,67,
attention_with_norm,1.9951450824737549,0.5259966850280762,0.7345741987228394,1.2605708837509155,Ouro 2.6B Thinking,68,
attention_without_norm,2.3612220287323,1.3294090032577515,0.5159065127372742,1.8453155159950256,Ouro 2.6B Thinking,68,
mean_with_norm,1.336409091949463,0.9321035742759705,0.20215275883674622,1.1342563331127167,Ouro 2.6B Thinking,68,
mean_without_norm,1.8435920476913452,1.432647466659546,0.20547229051589966,1.6381197571754456,Ouro 2.6B Thinking,68,
attention_with_norm,0.7986879944801331,2.037132978439331,-0.619222491979599,1.417910486459732,Ouro 2.6B Thinking,69,
attention_without_norm,1.5925601720809937,2.3042280673980713,-0.3558339476585388,1.9483941197395325,Ouro 2.6B Thinking,69,
mean_with_norm,0.09420029073953629,2.551509141921997,-1.2286544255912304,1.3228547163307667,Ouro 2.6B Thinking,69,
mean_without_norm,0.9306953549385071,2.7942283153533936,-0.9317664802074432,1.8624618351459503,Ouro 2.6B Thinking,69,
attention_with_norm,1.9218820333480835,0.4894413352012634,0.71622034907341,1.2056616842746735,Ouro 2.6B Thinking,70,
attention_without_norm,2.3005383014678955,1.4669475555419922,0.41679537296295166,1.8837429285049438,Ouro 2.6B Thinking,70,
mean_with_norm,1.309497594833374,0.947329580783844,0.18108400702476501,1.128413587808609,Ouro 2.6B Thinking,70,
mean_without_norm,1.941955327987671,1.4889395236968994,0.22650790214538574,1.7154474258422852,Ouro 2.6B Thinking,70,
attention_with_norm,1.7811297178268433,1.7811297178268433,0.0,1.7811297178268433,Ouro 2.6B Thinking,71,
attention_without_norm,1.7811297178268433,1.7811297178268433,0.0,1.7811297178268433,Ouro 2.6B Thinking,71,
mean_with_norm,1.7811297178268433,1.7811297178268433,0.0,1.7811297178268433,Ouro 2.6B Thinking,71,
mean_without_norm,1.7811297178268433,1.7811297178268433,0.0,1.7811297178268433,Ouro 2.6B Thinking,71,
attention_with_norm,1.0030757188796997,0.5059617757797241,0.2485569715499878,0.7545187473297119,Ouro 2.6B Thinking,72,
attention_without_norm,1.8645622730255127,1.3582334518432617,0.2531644105911255,1.6113978624343872,Ouro 2.6B Thinking,72,
mean_with_norm,1.8940790891647339,-0.16922099888324738,1.0316500440239906,0.8624290451407433,Ouro 2.6B Thinking,72,
mean_without_norm,2.3420276641845703,0.9048758149147034,0.7185759246349335,1.6234517395496368,Ouro 2.6B Thinking,72,
attention_with_norm,1.1157500743865967,1.2189486026763916,-0.05159926414489746,1.1673493385314941,Ouro 2.6B Thinking,73,
attention_without_norm,1.5850622653961182,2.038417100906372,-0.22667741775512695,1.8117396831512451,Ouro 2.6B Thinking,73,
mean_with_norm,1.2552497386932373,1.5349074602127075,-0.1398288607597351,1.3950785994529724,Ouro 2.6B Thinking,73,
mean_without_norm,1.7321834564208984,2.197683572769165,-0.2327500581741333,1.9649335145950317,Ouro 2.6B Thinking,73,
attention_with_norm,1.9394460916519165,0.5002033710479736,0.7196213603019714,1.219824731349945,Ouro 2.6B Thinking,74,
attention_without_norm,2.3442447185516357,1.3912889957427979,0.47647786140441895,1.8677668571472168,Ouro 2.6B Thinking,74,
mean_with_norm,1.4414583444595337,0.8973201513290405,0.2720690965652466,1.169389247894287,Ouro 2.6B Thinking,74,
mean_without_norm,2.060516595840454,1.4688963890075684,0.29581010341644287,1.7647064924240112,Ouro 2.6B Thinking,74,
attention_with_norm,3.2064294815063477,-0.5225062370300293,1.8644678592681885,1.3419616222381592,Ouro 2.6B Thinking,75,
attention_without_norm,3.3804728984832764,-0.035045139491558075,1.7077590189874172,1.6727138794958591,Ouro 2.6B Thinking,75,
mean_with_norm,3.1492812633514404,-0.4292585253715515,1.789269894361496,1.3600113689899445,Ouro 2.6B Thinking,75,
mean_without_norm,3.2153592109680176,-0.16781607270240784,1.6915876418352127,1.5237715691328049,Ouro 2.6B Thinking,75,
attention_with_norm,1.1360857486724854,0.7654484510421753,0.18531864881515503,0.9507670998573303,Ouro 2.6B Thinking,76,
attention_without_norm,1.8437669277191162,1.7073328495025635,0.06821703910827637,1.7755498886108398,Ouro 2.6B Thinking,76,
mean_with_norm,1.2180898189544678,0.7105153203010559,0.25378724932670593,0.9643025696277618,Ouro 2.6B Thinking,76,
mean_without_norm,1.698149561882019,1.7878990173339844,-0.044874727725982666,1.7430242896080017,Ouro 2.6B Thinking,76,
attention_with_norm,2.139580011367798,0.45688191056251526,0.8413490504026413,1.2982309609651566,Ouro 2.6B Thinking,77,
attention_without_norm,2.3002049922943115,0.7070158123970032,0.7965945899486542,1.5036104023456573,Ouro 2.6B Thinking,77,
mean_with_norm,1.4585084915161133,0.9330952167510986,0.2627066373825073,1.195801854133606,Ouro 2.6B Thinking,77,
mean_without_norm,1.6948546171188354,1.1855225563049316,0.2546660304069519,1.4401885867118835,Ouro 2.6B Thinking,77,
attention_with_norm,0.8377816677093506,1.869922399520874,-0.5160703659057617,1.3538520336151123,Ouro 2.6B Thinking,78,
attention_without_norm,1.7238528728485107,2.1277709007263184,-0.2019590139389038,1.9258118867874146,Ouro 2.6B Thinking,78,
mean_with_norm,1.1943438053131104,1.1782355308532715,0.008054137229919434,1.186289668083191,Ouro 2.6B Thinking,78,
mean_without_norm,1.9829673767089844,1.7235751152038574,0.12969613075256348,1.853271245956421,Ouro 2.6B Thinking,78,
attention_with_norm,1.617133378982544,0.4366704225540161,0.5902314782142639,1.02690190076828,Ouro 2.6B Thinking,79,
attention_without_norm,2.003077268600464,1.569434642791748,0.2168213129043579,1.786255955696106,Ouro 2.6B Thinking,79,
mean_with_norm,1.6874830722808838,0.30791229009628296,0.6897853910923004,0.9976976811885834,Ouro 2.6B Thinking,79,
mean_without_norm,2.04667592048645,1.4223754405975342,0.312150239944458,1.7345256805419922,Ouro 2.6B Thinking,79,
attention_with_norm,2.7009737491607666,-0.0827442854642868,1.3918590173125267,1.30911473184824,Ouro 2.6B Thinking,80,
attention_without_norm,2.9554498195648193,0.2690218389034271,1.343213990330696,1.6122358292341232,Ouro 2.6B Thinking,80,
mean_with_norm,2.145925283432007,0.04062097892165184,1.0526521522551775,1.0932731311768293,Ouro 2.6B Thinking,80,
mean_without_norm,2.3298604488372803,0.3834238052368164,0.9732183218002319,1.3566421270370483,Ouro 2.6B Thinking,80,
attention_with_norm,1.2053810358047485,1.8354676961898804,-0.3150433301925659,1.5204243659973145,Ouro 2.6B Thinking,81,
attention_without_norm,1.7124342918395996,2.321920156478882,-0.3047429323196411,2.0171772241592407,Ouro 2.6B Thinking,81,
mean_with_norm,0.8508084416389465,1.8680392503738403,-0.5086154043674469,1.3594238460063934,Ouro 2.6B Thinking,81,
mean_without_norm,1.5385022163391113,2.1650173664093018,-0.3132575750350952,1.8517597913742065,Ouro 2.6B Thinking,81,
attention_with_norm,2.020122528076172,0.47856131196022034,0.7707806080579758,1.249341920018196,Ouro 2.6B Thinking,82,
attention_without_norm,2.2688381671905518,1.0952738523483276,0.5867821574211121,1.6820560097694397,Ouro 2.6B Thinking,82,
mean_with_norm,2.238482713699341,0.3617608845233917,0.9383609145879745,1.3001217991113663,Ouro 2.6B Thinking,82,
mean_without_norm,2.4528181552886963,0.8178223371505737,0.8174979090690613,1.635320246219635,Ouro 2.6B Thinking,82,
attention_with_norm,2.652029514312744,0.15770049393177032,1.247164510190487,1.4048650041222572,Ouro 2.6B Thinking,83,
attention_without_norm,3.024759531021118,0.7589641213417053,1.1328977048397064,1.8918618261814117,Ouro 2.6B Thinking,83,
mean_with_norm,2.102459669113159,0.34510016441345215,0.8786797523498535,1.2237799167633057,Ouro 2.6B Thinking,83,
mean_without_norm,2.36846923828125,0.7732799053192139,0.7975946664810181,1.570874571800232,Ouro 2.6B Thinking,83,
attention_with_norm,1.594979166984558,1.099144458770752,0.24791735410690308,1.347061812877655,Ouro 2.6B Thinking,84,
attention_without_norm,1.9566344022750854,1.720329999923706,0.1181522011756897,1.8384822010993958,Ouro 2.6B Thinking,84,
mean_with_norm,1.0581817626953125,1.3080980777740479,-0.12495815753936768,1.1831399202346802,Ouro 2.6B Thinking,84,
mean_without_norm,1.3358254432678223,1.9108883142471313,-0.28753143548965454,1.6233568787574768,Ouro 2.6B Thinking,84,
attention_with_norm,2.6763508319854736,0.25284063816070557,1.211755096912384,1.4645957350730896,Ouro 2.6B Thinking,85,
attention_without_norm,2.8062689304351807,0.5626401901245117,1.1218143701553345,1.6844545602798462,Ouro 2.6B Thinking,85,
mean_with_norm,2.720538377761841,0.48925939202308655,1.1156394928693771,1.6048988848924637,Ouro 2.6B Thinking,85,
mean_without_norm,2.8561160564422607,0.7811357975006104,1.0374901294708252,1.8186259269714355,Ouro 2.6B Thinking,85,
attention_with_norm,3.1687543392181396,-0.283197283744812,1.7259758114814758,1.4427785277366638,Ouro 2.6B Thinking,86,
attention_without_norm,3.311570882797241,0.6637023091316223,1.3239342868328094,1.9876365959644318,Ouro 2.6B Thinking,86,
mean_with_norm,2.0855488777160645,-0.08366367965936661,1.0846062786877155,1.000942599028349,Ouro 2.6B Thinking,86,
mean_without_norm,2.4927549362182617,0.89596027135849,0.7983973324298859,1.6943576037883759,Ouro 2.6B Thinking,86,
attention_with_norm,2.610628366470337,-0.18428727984428406,1.3974578231573105,1.2131705433130264,Ouro 2.6B Thinking,87,
attention_without_norm,2.929927110671997,0.40011048316955566,1.2649083137512207,1.6650187969207764,Ouro 2.6B Thinking,87,
mean_with_norm,2.9662063121795654,-0.5295600295066833,1.7478831708431244,1.218323141336441,Ouro 2.6B Thinking,87,
mean_without_norm,3.1896069049835205,-0.06221752613782883,1.6259122155606747,1.5636946894228458,Ouro 2.6B Thinking,87,
attention_with_norm,0.8471123576164246,1.5908236503601074,-0.37185564637184143,1.218968003988266,Ouro 2.6B Thinking,88,
attention_without_norm,1.606558918952942,1.95176100730896,-0.17260104417800903,1.779159963130951,Ouro 2.6B Thinking,88,
mean_with_norm,0.7729400992393494,1.3330819606781006,-0.2800709307193756,1.053011029958725,Ouro 2.6B Thinking,88,
mean_without_norm,1.459829568862915,1.9022557735443115,-0.22121310234069824,1.6810426712036133,Ouro 2.6B Thinking,88,
attention_with_norm,1.7811297178268433,1.7811297178268433,0.0,1.7811297178268433,Ouro 2.6B Thinking,89,
attention_without_norm,1.7811297178268433,1.7811297178268433,0.0,1.7811297178268433,Ouro 2.6B Thinking,89,
mean_with_norm,1.7811297178268433,1.7811297178268433,0.0,1.7811297178268433,Ouro 2.6B Thinking,89,
mean_without_norm,1.7811297178268433,1.7811297178268433,0.0,1.7811297178268433,Ouro 2.6B Thinking,89,
attention_with_norm,2.21524715423584,0.27800050377845764,0.9686233252286911,1.2466238290071487,Ouro 2.6B Thinking,90,
attention_without_norm,2.4972763061523438,0.7894995212554932,0.8538883924484253,1.6433879137039185,Ouro 2.6B Thinking,90,
mean_with_norm,1.5033824443817139,0.6556359529495239,0.42387324571609497,1.079509198665619,Ouro 2.6B Thinking,90,
mean_without_norm,1.7219359874725342,0.9700455069541931,0.37594524025917053,1.3459907472133636,Ouro 2.6B Thinking,90,
attention_with_norm,1.6308112144470215,0.7633444666862488,0.43373337388038635,1.1970778405666351,Ouro 2.6B Thinking,91,
attention_without_norm,2.1272521018981934,1.5226891040802002,0.3022814989089966,1.8249706029891968,Ouro 2.6B Thinking,91,
mean_with_norm,1.5454440116882324,0.8039512038230896,0.3707464039325714,1.174697607755661,Ouro 2.6B Thinking,91,
mean_without_norm,2.2922513484954834,1.3824442625045776,0.4549035429954529,1.8373478055000305,Ouro 2.6B Thinking,91,
attention_with_norm,2.3955068588256836,0.4560815393924713,0.9697126597166061,1.4257941991090775,Ouro 2.6B Thinking,92,
attention_without_norm,2.7797820568084717,1.0783019065856934,0.8507400751113892,1.9290419816970825,Ouro 2.6B Thinking,92,
mean_with_norm,1.9337866306304932,0.4060065448284149,0.7638900429010391,1.169896587729454,Ouro 2.6B Thinking,92,
mean_without_norm,2.261657238006592,1.151893973350525,0.5548816323280334,1.7067756056785583,Ouro 2.6B Thinking,92,
attention_with_norm,-0.9517567753791809,3.1659300327301025,-2.0588434040546417,1.1070866286754608,Ouro 2.6B Thinking,93,
attention_without_norm,-0.6834851503372192,3.2829182147979736,-1.9832016825675964,1.2997165322303772,Ouro 2.6B Thinking,93,
mean_with_norm,0.12285609543323517,1.9847850799560547,-0.9309644922614098,1.053820587694645,Ouro 2.6B Thinking,93,
mean_without_norm,0.3503932058811188,2.138890504837036,-0.8942486494779587,1.2446418553590775,Ouro 2.6B Thinking,93,
attention_with_norm,0.844154953956604,1.5259649753570557,-0.34090501070022583,1.1850599646568298,Ouro 2.6B Thinking,94,
attention_without_norm,1.726494550704956,1.9087129831314087,-0.09110921621322632,1.8176037669181824,Ouro 2.6B Thinking,94,
mean_with_norm,1.165842890739441,1.493910789489746,-0.1640339493751526,1.3298768401145935,Ouro 2.6B Thinking,94,
mean_without_norm,1.8757331371307373,1.8373491764068604,0.019191980361938477,1.8565411567687988,Ouro 2.6B Thinking,94,
attention_with_norm,2.475292444229126,0.4391813278198242,1.0180555582046509,1.457236886024475,Ouro 2.6B Thinking,95,
attention_without_norm,2.7657876014709473,1.1819814443588257,0.7919030785560608,1.9738845229148865,Ouro 2.6B Thinking,95,
mean_with_norm,2.2574212551116943,0.4717731773853302,0.8928240388631821,1.3645972162485123,Ouro 2.6B Thinking,95,
mean_without_norm,2.548764228820801,0.9773871898651123,0.7856885194778442,1.7630757093429565,Ouro 2.6B Thinking,95,
attention_with_norm,0.6644392609596252,2.4666659832000732,-0.901113361120224,1.5655526220798492,Ouro 2.6B Thinking,96,
attention_without_norm,1.6541107892990112,1.9691276550292969,-0.15750843286514282,1.811619222164154,Ouro 2.6B Thinking,96,
mean_with_norm,0.6477421522140503,2.080860137939453,-0.7165589928627014,1.3643011450767517,Ouro 2.6B Thinking,96,
mean_without_norm,1.5735490322113037,2.2535433769226074,-0.33999717235565186,1.9135462045669556,Ouro 2.6B Thinking,96,
attention_with_norm,2.658581256866455,-0.44856199622154236,1.5535716265439987,1.1050096303224564,Ouro 2.6B Thinking,97,
attention_without_norm,2.8048980236053467,0.6869866847991943,1.0589556694030762,1.7459423542022705,Ouro 2.6B Thinking,97,
mean_with_norm,1.9725420475006104,0.27316492795944214,0.8496885597705841,1.1228534877300262,Ouro 2.6B Thinking,97,
mean_without_norm,2.302870750427246,0.971461832523346,0.6657044589519501,1.637166291475296,Ouro 2.6B Thinking,97,
attention_with_norm,1.4716930389404297,0.8061631321907043,0.33276495337486267,1.138928085565567,Ouro 2.6B Thinking,98,
attention_without_norm,1.7845805883407593,1.3064854145050049,0.2390475869178772,1.545533001422882,Ouro 2.6B Thinking,98,
mean_with_norm,0.9974582195281982,1.2342194318771362,-0.118380606174469,1.1158388257026672,Ouro 2.6B Thinking,98,
mean_without_norm,1.4356358051300049,1.650853157043457,-0.10760867595672607,1.543244481086731,Ouro 2.6B Thinking,98,
attention_with_norm,1.1549315452575684,1.4209518432617188,-0.1330101490020752,1.2879416942596436,Ouro 2.6B Thinking,99,
attention_without_norm,1.4856805801391602,1.7571053504943848,-0.1357123851776123,1.6213929653167725,Ouro 2.6B Thinking,99,
mean_with_norm,0.8846665024757385,1.404686450958252,-0.2600099742412567,1.1446764767169952,Ouro 2.6B Thinking,99,
mean_without_norm,1.1305568218231201,1.769030213356018,-0.319236695766449,1.449793517589569,Ouro 2.6B Thinking,99,
attention_with_norm,0.537291944026947,1.7795019149780273,-0.6211049854755402,1.1583969295024872,Ouro 2.6B Thinking,100,
attention_without_norm,1.172602653503418,2.0397465229034424,-0.4335719347000122,1.6061745882034302,Ouro 2.6B Thinking,100,
mean_with_norm,0.6370927691459656,1.0620039701461792,-0.2124556005001068,0.8495483696460724,Ouro 2.6B Thinking,100,
mean_without_norm,1.0508642196655273,1.303170084953308,-0.12615293264389038,1.1770171523094177,Ouro 2.6B Thinking,100,
attention_with_norm,0.9514841437339783,1.1519834995269775,-0.10024967789649963,1.051733821630478,Ouro 2.6B Thinking,101,
attention_without_norm,1.6544733047485352,1.8350913524627686,-0.0903090238571167,1.7447823286056519,Ouro 2.6B Thinking,101,
mean_with_norm,0.4197140038013458,1.7326152324676514,-0.6564506143331528,1.0761646181344986,Ouro 2.6B Thinking,101,
mean_without_norm,1.1974929571151733,2.086779832839966,-0.44464343786239624,1.6421363949775696,Ouro 2.6B Thinking,101,
attention_with_norm,1.2620248794555664,1.3520960807800293,-0.045035600662231445,1.3070604801177979,Ouro 2.6B Thinking,102,
attention_without_norm,1.7822091579437256,1.8834624290466309,-0.05062663555145264,1.8328357934951782,Ouro 2.6B Thinking,102,
mean_with_norm,1.1778736114501953,1.0974349975585938,0.04021930694580078,1.1376543045043945,Ouro 2.6B Thinking,102,
mean_without_norm,1.6415059566497803,1.687572717666626,-0.02303338050842285,1.6645393371582031,Ouro 2.6B Thinking,102,
attention_with_norm,2.1082918643951416,0.1845058649778366,0.9618929997086525,1.146398864686489,Ouro 2.6B Thinking,103,
attention_without_norm,2.6407437324523926,0.8908305764198303,0.8749565780162811,1.7657871544361115,Ouro 2.6B Thinking,103,
mean_with_norm,2.152106523513794,0.41306161880493164,0.8695224523544312,1.2825840711593628,Ouro 2.6B Thinking,103,
mean_without_norm,2.6317498683929443,0.8993603587150574,0.8661947548389435,1.7655551135540009,Ouro 2.6B Thinking,103,
attention_with_norm,1.3020575046539307,1.8003822565078735,-0.24916237592697144,1.551219880580902,Ouro 2.6B Thinking,104,
attention_without_norm,1.7427608966827393,1.9469282627105713,-0.10208368301391602,1.8448445796966553,Ouro 2.6B Thinking,104,
mean_with_norm,1.7922306060791016,1.1626856327056885,0.31477248668670654,1.477458119392395,Ouro 2.6B Thinking,104,
mean_without_norm,2.0570383071899414,1.8328032493591309,0.11211752891540527,1.9449207782745361,Ouro 2.6B Thinking,104,
attention_with_norm,1.9832494258880615,0.7934102416038513,0.5949195921421051,1.3883298337459564,Ouro 2.6B Thinking,105,
attention_without_norm,2.4034008979797363,1.4843082427978516,0.4595463275909424,1.943854570388794,Ouro 2.6B Thinking,105,
mean_with_norm,1.4255528450012207,1.176712989807129,0.1244199275970459,1.3011329174041748,Ouro 2.6B Thinking,105,
mean_without_norm,1.9470229148864746,1.7154052257537842,0.11580884456634521,1.8312140703201294,Ouro 2.6B Thinking,105,
attention_with_norm,2.641705274581909,-0.056441713124513626,1.3490734938532114,1.2926317807286978,Ouro 2.6B Thinking,106,
attention_without_norm,2.9340109825134277,0.5843648314476013,1.1748230755329132,1.7591879069805145,Ouro 2.6B Thinking,106,
mean_with_norm,2.1284892559051514,-0.3178161382675171,1.2231526970863342,0.9053365588188171,Ouro 2.6B Thinking,106,
mean_without_norm,2.425581216812134,0.1827395111322403,1.1214208528399467,1.304160363972187,Ouro 2.6B Thinking,106,
attention_with_norm,1.7811297178268433,1.7811297178268433,0.0,1.7811297178268433,Ouro 2.6B Thinking,107,
attention_without_norm,1.7811297178268433,1.7811297178268433,0.0,1.7811297178268433,Ouro 2.6B Thinking,107,
mean_with_norm,1.7811297178268433,1.7811297178268433,0.0,1.7811297178268433,Ouro 2.6B Thinking,107,
mean_without_norm,1.7811297178268433,1.7811297178268433,0.0,1.7811297178268433,Ouro 2.6B Thinking,107,
attention_with_norm,2.102694034576416,0.6807116866111755,0.7109911739826202,1.3917028605937958,Ouro 2.6B Thinking,108,
attention_without_norm,2.422529935836792,0.8981460928916931,0.7621919214725494,1.6603380143642426,Ouro 2.6B Thinking,108,
mean_with_norm,1.6888248920440674,1.1182914972305298,0.2852666974067688,1.4035581946372986,Ouro 2.6B Thinking,108,
mean_without_norm,2.072319746017456,1.420305609703064,0.32600706815719604,1.74631267786026,Ouro 2.6B Thinking,108,
attention_with_norm,0.8877609968185425,1.2051162719726562,-0.15867763757705688,1.0464386343955994,Ouro 2.6B Thinking,109,
attention_without_norm,1.3284261226654053,1.7997665405273438,-0.23567020893096924,1.5640963315963745,Ouro 2.6B Thinking,109,
mean_with_norm,0.8405921459197998,1.3267266750335693,-0.24306726455688477,1.0836594104766846,Ouro 2.6B Thinking,109,
mean_without_norm,1.2038637399673462,1.7225826978683472,-0.2593594789505005,1.4632232189178467,Ouro 2.6B Thinking,109,
attention_with_norm,1.9320006370544434,1.5127997398376465,0.20960044860839844,1.722400188446045,Ouro 2.6B Thinking,110,
attention_without_norm,2.394857168197632,1.7120766639709473,0.3413902521133423,2.0534669160842896,Ouro 2.6B Thinking,110,
mean_with_norm,2.1134603023529053,1.2423956394195557,0.4355323314666748,1.6779279708862305,Ouro 2.6B Thinking,110,
mean_without_norm,2.458202838897705,1.4787490367889404,0.4897269010543823,1.9684759378433228,Ouro 2.6B Thinking,110,
attention_with_norm,0.4035598039627075,2.0554006099700928,-0.8259204030036926,1.2294802069664001,Ouro 2.6B Thinking,111,
attention_without_norm,1.3119767904281616,2.336789608001709,-0.5124064087867737,1.8243831992149353,Ouro 2.6B Thinking,111,
mean_with_norm,-0.007424524985253811,2.1729507446289062,-1.09018763480708,1.0827631098218262,Ouro 2.6B Thinking,111,
mean_without_norm,1.1963708400726318,2.3405566215515137,-0.5720928907394409,1.7684637308120728,Ouro 2.6B Thinking,111,
attention_with_norm,1.764524221420288,0.9920207858085632,0.3862517178058624,1.3782725036144257,Ouro 2.6B Thinking,112,
attention_without_norm,1.9949719905853271,1.3516818284988403,0.3216450810432434,1.6733269095420837,Ouro 2.6B Thinking,112,
mean_with_norm,1.5007532835006714,0.933041512966156,0.2838558852672577,1.2168973982334137,Ouro 2.6B Thinking,112,
mean_without_norm,1.7573102712631226,1.2126116752624512,0.2723492980003357,1.4849609732627869,Ouro 2.6B Thinking,112,
attention_with_norm,0.5979071259498596,1.1607160568237305,-0.2814044654369354,0.879311591386795,Ouro 2.6B Thinking,113,
attention_without_norm,1.1672208309173584,1.6378145217895508,-0.2352968454360962,1.4025176763534546,Ouro 2.6B Thinking,113,
mean_with_norm,1.5555802583694458,0.24588115513324738,0.6548495516180992,0.9007307067513466,Ouro 2.6B Thinking,113,
mean_without_norm,1.8603178262710571,0.7289697527885437,0.5656740367412567,1.2946437895298004,Ouro 2.6B Thinking,113,
attention_with_norm,1.7811297178268433,1.7811297178268433,0.0,1.7811297178268433,Ouro 2.6B Thinking,114,
attention_without_norm,1.7811297178268433,1.7811297178268433,0.0,1.7811297178268433,Ouro 2.6B Thinking,114,
mean_with_norm,1.7811297178268433,1.7811297178268433,0.0,1.7811297178268433,Ouro 2.6B Thinking,114,
mean_without_norm,1.7811297178268433,1.7811297178268433,0.0,1.7811297178268433,Ouro 2.6B Thinking,114,
attention_with_norm,2.1732242107391357,0.6095689535140991,0.7818276286125183,1.3913965821266174,Ouro 2.6B Thinking,115,
attention_without_norm,2.3975348472595215,1.566910743713379,0.4153120517730713,1.9822227954864502,Ouro 2.6B Thinking,115,
mean_with_norm,1.9346671104431152,0.7447276711463928,0.5949697196483612,1.339697390794754,Ouro 2.6B Thinking,115,
mean_without_norm,2.384486436843872,1.4992284774780273,0.44262897968292236,1.9418574571609497,Ouro 2.6B Thinking,115,
attention_with_norm,1.9329185485839844,0.8012259602546692,0.5658462941646576,1.3670722544193268,Ouro 2.6B Thinking,116,
attention_without_norm,2.2497291564941406,1.1860547065734863,0.5318372249603271,1.7178919315338135,Ouro 2.6B Thinking,116,
mean_with_norm,0.6397802829742432,1.4201393127441406,-0.39017951488494873,1.029959797859192,Ouro 2.6B Thinking,116,
mean_without_norm,1.0460610389709473,1.713202953338623,-0.3335709571838379,1.3796319961547852,Ouro 2.6B Thinking,116,
attention_with_norm,2.7955594062805176,-0.02756531536579132,1.4115623608231544,1.3839970454573631,Ouro 2.6B Thinking,117,
attention_without_norm,3.1095731258392334,0.8427183032035828,1.1334274113178253,1.976145714521408,Ouro 2.6B Thinking,117,
mean_with_norm,2.558218002319336,-0.018301986157894135,1.288259994238615,1.269958008080721,Ouro 2.6B Thinking,117,
mean_without_norm,2.9557788372039795,0.8289884924888611,1.0633951723575592,1.8923836648464203,Ouro 2.6B Thinking,117,
attention_with_norm,-0.39779889583587646,2.058441400527954,-1.2281201481819153,0.8303212523460388,Ouro 2.6B Thinking,118,
attention_without_norm,1.1905864477157593,2.3178389072418213,-0.563626229763031,1.7542126774787903,Ouro 2.6B Thinking,118,
mean_with_norm,0.07862681895494461,1.9433231353759766,-0.932348158210516,1.0109749771654606,Ouro 2.6B Thinking,118,
mean_without_norm,1.0691289901733398,2.387063503265381,-0.6589672565460205,1.7280962467193604,Ouro 2.6B Thinking,118,
attention_with_norm,-0.1786789745092392,2.661997079849243,-1.4203380271792412,1.241659052670002,Ouro 2.6B Thinking,119,
attention_without_norm,0.11302996426820755,2.9205482006073,-1.4037591181695461,1.5167890824377537,Ouro 2.6B Thinking,119,
mean_with_norm,-0.32364577054977417,2.1415693759918213,-1.2326075732707977,0.9089618027210236,Ouro 2.6B Thinking,119,
mean_without_norm,0.07568895071744919,2.4123785495758057,-1.1683447994291782,1.2440337501466274,Ouro 2.6B Thinking,119,
attention_with_norm,1.0318819284439087,1.7893409729003906,-0.37872952222824097,1.4106114506721497,Ouro 2.6B Thinking,120,
attention_without_norm,1.3845806121826172,2.2089972496032715,-0.41220831871032715,1.7967889308929443,Ouro 2.6B Thinking,120,
mean_with_norm,1.3538011312484741,1.3209831714630127,0.016408979892730713,1.3373921513557434,Ouro 2.6B Thinking,120,
mean_without_norm,1.7061233520507812,1.815500259399414,-0.054688453674316406,1.7608118057250977,Ouro 2.6B Thinking,120,
attention_with_norm,1.7898164987564087,0.833750307559967,0.4780330955982208,1.3117834031581879,Ouro 2.6B Thinking,121,
attention_without_norm,1.918043851852417,1.231848120689392,0.34309786558151245,1.5749459862709045,Ouro 2.6B Thinking,121,
mean_with_norm,1.991903305053711,0.348291277885437,0.821806013584137,1.170097291469574,Ouro 2.6B Thinking,121,
mean_without_norm,2.1906421184539795,0.836571991443634,0.6770350635051727,1.5136070549488068,Ouro 2.6B Thinking,121,
attention_with_norm,2.6472134590148926,0.52432781457901,1.0614428222179413,1.5857706367969513,Ouro 2.6B Thinking,122,
attention_without_norm,2.9108121395111084,1.007072925567627,0.9518696069717407,1.9589425325393677,Ouro 2.6B Thinking,122,
mean_with_norm,1.7682265043258667,0.8217739462852478,0.47322627902030945,1.2950002253055573,Ouro 2.6B Thinking,122,
mean_without_norm,2.072082281112671,1.2060853242874146,0.4329984784126282,1.6390838027000427,Ouro 2.6B Thinking,122,
attention_with_norm,1.5644762516021729,0.4472655653953552,0.5586053431034088,1.005870908498764,Ouro 2.6B Thinking,123,
attention_without_norm,1.9656164646148682,0.9555992484092712,0.5050086081027985,1.4606078565120697,Ouro 2.6B Thinking,123,
mean_with_norm,1.3713796138763428,0.35986635088920593,0.5057566314935684,0.8656229823827744,Ouro 2.6B Thinking,123,
mean_without_norm,1.7365739345550537,0.8501715660095215,0.4432011842727661,1.2933727502822876,Ouro 2.6B Thinking,123,
attention_with_norm,1.7418231964111328,0.7736141085624695,0.48410454392433167,1.2577186524868011,Ouro 2.6B Thinking,124,
attention_without_norm,2.1532843112945557,1.145176887512207,0.5040537118911743,1.6492305994033813,Ouro 2.6B Thinking,124,
mean_with_norm,1.6460298299789429,0.5762061476707458,0.5349118411540985,1.1111179888248444,Ouro 2.6B Thinking,124,
mean_without_norm,2.0423150062561035,0.9103848934173584,0.5659650564193726,1.476349949836731,Ouro 2.6B Thinking,124,
attention_with_norm,1.4151166677474976,1.7422001361846924,-0.1635417342185974,1.578658401966095,Ouro 2.6B Thinking,125,
attention_without_norm,1.8810856342315674,2.1451573371887207,-0.13203585147857666,2.013121485710144,Ouro 2.6B Thinking,125,
mean_with_norm,0.8696271777153015,1.160597801208496,-0.1454853117465973,1.0151124894618988,Ouro 2.6B Thinking,125,
mean_without_norm,1.3270835876464844,1.6598886251449585,-0.16640251874923706,1.4934861063957214,Ouro 2.6B Thinking,125,
attention_with_norm,2.538444757461548,0.24888895452022552,1.1447779014706612,1.3936668559908867,Ouro 2.6B Thinking,126,
attention_without_norm,2.6741726398468018,0.7033717036247253,0.9854004681110382,1.6887721717357635,Ouro 2.6B Thinking,126,
mean_with_norm,2.204068899154663,0.41851019859313965,0.8927793502807617,1.3112895488739014,Ouro 2.6B Thinking,126,
mean_without_norm,2.3304355144500732,0.6418957114219666,0.8442699015140533,1.48616561293602,Ouro 2.6B Thinking,126,
attention_with_norm,1.014535665512085,1.358447551727295,-0.17195594310760498,1.18649160861969,Ouro 2.6B Thinking,127,
attention_without_norm,1.718198537826538,1.9489988088607788,-0.11540013551712036,1.8335986733436584,Ouro 2.6B Thinking,127,
mean_with_norm,1.595750093460083,0.059766627848148346,0.7679917328059673,0.8277583606541157,Ouro 2.6B Thinking,127,
mean_without_norm,2.013078212738037,1.0431792736053467,0.4849494695663452,1.528128743171692,Ouro 2.6B Thinking,127,
attention_with_norm,0.5493812561035156,1.9511830806732178,-0.7009009122848511,1.2502821683883667,Ouro 2.6B Thinking,128,
attention_without_norm,1.287013053894043,2.3865931034088135,-0.5497900247573853,1.8368030786514282,Ouro 2.6B Thinking,128,
mean_with_norm,0.8955373764038086,1.4302911758422852,-0.2673768997192383,1.1629142761230469,Ouro 2.6B Thinking,128,
mean_without_norm,1.5579440593719482,1.944891095161438,-0.19347351789474487,1.7514175772666931,Ouro 2.6B Thinking,128,
attention_with_norm,1.7811297178268433,1.7811297178268433,0.0,1.7811297178268433,Ouro 2.6B Thinking,129,
attention_without_norm,1.7811297178268433,1.7811297178268433,0.0,1.7811297178268433,Ouro 2.6B Thinking,129,
mean_with_norm,1.7811297178268433,1.7811297178268433,0.0,1.7811297178268433,Ouro 2.6B Thinking,129,
mean_without_norm,1.7811297178268433,1.7811297178268433,0.0,1.7811297178268433,Ouro 2.6B Thinking,129,
attention_with_norm,2.5767641067504883,-0.10813852399587631,1.3424513153731823,1.234312791377306,Ouro 2.6B Thinking,130,
attention_without_norm,2.7558577060699463,0.9119330644607544,0.921962320804596,1.8338953852653503,Ouro 2.6B Thinking,130,
mean_with_norm,1.94371497631073,0.5157483220100403,0.7139833271503448,1.2297316491603851,Ouro 2.6B Thinking,130,
mean_without_norm,2.188528537750244,1.4475616216659546,0.3704834580421448,1.8180450797080994,Ouro 2.6B Thinking,130,
attention_with_norm,0.8986479640007019,1.3044824600219727,-0.20291724801063538,1.1015652120113373,Ouro 2.6B Thinking,131,
attention_without_norm,1.755094051361084,1.8065555095672607,-0.02573072910308838,1.7808247804641724,Ouro 2.6B Thinking,131,
mean_with_norm,0.9465563297271729,1.0871078968048096,-0.07027578353881836,1.0168321132659912,Ouro 2.6B Thinking,131,
mean_without_norm,1.7307984828948975,1.8250839710235596,-0.047142744064331055,1.7779412269592285,Ouro 2.6B Thinking,131,
attention_with_norm,1.8761568069458008,0.8678042888641357,0.5041762590408325,1.3719805479049683,Ouro 2.6B Thinking,132,
attention_without_norm,2.3127281665802,1.2332160472869873,0.5397560596466064,1.7729721069335938,Ouro 2.6B Thinking,132,
mean_with_norm,1.6677418947219849,0.321030855178833,0.6733555197715759,0.9943863749504089,Ouro 2.6B Thinking,132,
mean_without_norm,2.0402703285217285,0.7461181282997131,0.6470761001110077,1.3931942284107208,Ouro 2.6B Thinking,132,
attention_with_norm,2.0162124633789062,0.7487128376960754,0.6337498128414154,1.3824626505374908,Ouro 2.6B Thinking,133,
attention_without_norm,2.274766683578491,1.1444597244262695,0.5651534795761108,1.7096132040023804,Ouro 2.6B Thinking,133,
mean_with_norm,1.9881476163864136,0.38423413038253784,0.8019567430019379,1.1861908733844757,Ouro 2.6B Thinking,133,
mean_without_norm,2.2415659427642822,0.7192315459251404,0.7611671984195709,1.4803987443447113,Ouro 2.6B Thinking,133,
attention_with_norm,2.1528847217559814,0.3038437068462372,0.9245205074548721,1.2283642143011093,Ouro 2.6B Thinking,134,
attention_without_norm,2.3617594242095947,1.5034377574920654,0.42916083335876465,1.93259859085083,Ouro 2.6B Thinking,134,
mean_with_norm,1.8730504512786865,0.3154521584510803,0.7787991464138031,1.0942513048648834,Ouro 2.6B Thinking,134,
mean_without_norm,2.2052905559539795,1.1886628866195679,0.5083138346672058,1.6969767212867737,Ouro 2.6B Thinking,134,
attention_with_norm,1.653918981552124,0.770771324634552,0.441573828458786,1.212345153093338,Ouro 2.6B Thinking,135,
attention_without_norm,2.238133668899536,1.4789897203445435,0.37957197427749634,1.8585616946220398,Ouro 2.6B Thinking,135,
mean_with_norm,1.278104305267334,1.0870100259780884,0.0955471396446228,1.1825571656227112,Ouro 2.6B Thinking,135,
mean_without_norm,2.1056947708129883,1.6800341606140137,0.2128303050994873,1.892864465713501,Ouro 2.6B Thinking,135,
attention_with_norm,1.1833398342132568,1.1793829202651978,0.001978456974029541,1.1813613772392273,Ouro 2.6B Thinking,136,
attention_without_norm,1.8389859199523926,1.7678589820861816,0.03556346893310547,1.803422451019287,Ouro 2.6B Thinking,136,
mean_with_norm,0.43532463908195496,1.576029896736145,-0.570352628827095,1.00567726790905,Ouro 2.6B Thinking,136,
mean_without_norm,1.4247736930847168,2.0622005462646484,-0.3187134265899658,1.7434871196746826,Ouro 2.6B Thinking,136,
attention_with_norm,2.9229085445404053,0.12880530953407288,1.3970516175031662,1.525856927037239,Ouro 2.6B Thinking,137,
attention_without_norm,2.319209098815918,1.5133557319641113,0.4029266834259033,1.9162824153900146,Ouro 2.6B Thinking,137,
mean_with_norm,2.369112968444824,0.4135191738605499,0.9777968972921371,1.391316071152687,Ouro 2.6B Thinking,137,
mean_without_norm,2.4080843925476074,1.4564731121063232,0.4758056402206421,1.9322787523269653,Ouro 2.6B Thinking,137,
attention_with_norm,0.45233485102653503,1.9170784950256348,-0.7323718219995499,1.184706673026085,Ouro 2.6B Thinking,138,
attention_without_norm,1.384462833404541,2.3439178466796875,-0.47972750663757324,1.8641903400421143,Ouro 2.6B Thinking,138,
mean_with_norm,-0.16081660985946655,2.1090197563171387,-1.1349181830883026,0.9741015732288361,Ouro 2.6B Thinking,138,
mean_without_norm,0.6937350630760193,2.5666794776916504,-0.9364722073078156,1.6302072703838348,Ouro 2.6B Thinking,138,
attention_with_norm,2.7674143314361572,-0.051130540668964386,1.4092724360525608,1.3581418953835964,Ouro 2.6B Thinking,139,
attention_without_norm,2.955570697784424,0.7222940921783447,1.1166383028030396,1.8389323949813843,Ouro 2.6B Thinking,139,
mean_with_norm,3.211794137954712,-0.09149947762489319,1.6516468077898026,1.5601473301649094,Ouro 2.6B Thinking,139,
mean_without_norm,3.3417208194732666,0.37088826298713684,1.4854162782430649,1.8563045412302017,Ouro 2.6B Thinking,139,
attention_with_norm,0.5002744197845459,1.5749931335449219,-0.537359356880188,1.0376337766647339,Ouro 2.6B Thinking,140,
attention_without_norm,1.2494465112686157,2.0656073093414307,-0.40808039903640747,1.6575269103050232,Ouro 2.6B Thinking,140,
mean_with_norm,0.8017844557762146,1.2162995338439941,-0.20725753903388977,1.0090419948101044,Ouro 2.6B Thinking,140,
mean_without_norm,1.4996501207351685,1.7989017963409424,-0.14962583780288696,1.6492759585380554,Ouro 2.6B Thinking,140,
attention_with_norm,0.9528079032897949,1.469179391860962,-0.2581857442855835,1.2109936475753784,Ouro 2.6B Thinking,141,
attention_without_norm,1.487565517425537,1.7890375852584839,-0.1507360339164734,1.6383015513420105,Ouro 2.6B Thinking,141,
mean_with_norm,1.9959557056427002,0.5007123947143555,0.7476216554641724,1.2483340501785278,Ouro 2.6B Thinking,141,
mean_without_norm,2.4378061294555664,1.0319643020629883,0.7029209136962891,1.7348852157592773,Ouro 2.6B Thinking,141,
attention_with_norm,1.915235996246338,0.24133242666721344,0.8369517847895622,1.0782842114567757,Ouro 2.6B Thinking,142,
attention_without_norm,2.2550063133239746,0.7939950823783875,0.7305056154727936,1.524500697851181,Ouro 2.6B Thinking,142,
mean_with_norm,1.0845978260040283,1.0638504028320312,0.010373711585998535,1.0742241144180298,Ouro 2.6B Thinking,142,
mean_without_norm,1.4513132572174072,1.4798483848571777,-0.014267563819885254,1.4655808210372925,Ouro 2.6B Thinking,142,
attention_with_norm,0.47328275442123413,2.3634068965911865,-0.9450620710849762,1.4183448255062103,Ouro 2.6B Thinking,143,
attention_without_norm,1.0759665966033936,2.7754476070404053,-0.8497405052185059,1.9257071018218994,Ouro 2.6B Thinking,143,
mean_with_norm,0.8244348168373108,1.945854902267456,-0.5607100427150726,1.3851448595523834,Ouro 2.6B Thinking,143,
mean_without_norm,1.2491633892059326,2.55649471282959,-0.6536656618118286,1.9028290510177612,Ouro 2.6B Thinking,143,
attention_with_norm,1.8432362079620361,0.4049667418003082,0.719134733080864,1.1241014748811722,Ouro 2.6B Thinking,144,
attention_without_norm,2.124300718307495,1.4718854427337646,0.32620763778686523,1.7980930805206299,Ouro 2.6B Thinking,144,
mean_with_norm,2.3544256687164307,-0.1093112900853157,1.2318684794008732,1.1225571893155575,Ouro 2.6B Thinking,144,
mean_without_norm,2.4521806240081787,1.0276694297790527,0.712255597114563,1.7399250268936157,Ouro 2.6B Thinking,144,
attention_with_norm,0.7451729774475098,1.3506534099578857,-0.302740216255188,1.0479131937026978,Ouro 2.6B Thinking,145,
attention_without_norm,1.6356810331344604,1.9258737564086914,-0.14509636163711548,1.780777394771576,Ouro 2.6B Thinking,145,
mean_with_norm,0.8066821694374084,0.6949048638343811,0.05588865280151367,0.7507935166358948,Ouro 2.6B Thinking,145,
mean_without_norm,1.4738539457321167,1.5618336200714111,-0.04398983716964722,1.517843782901764,Ouro 2.6B Thinking,145,
attention_with_norm,2.1366498470306396,1.0005851984024048,0.5680323243141174,1.5686175227165222,Ouro 2.6B Thinking,146,
attention_without_norm,1.7828269004821777,1.8005610704421997,-0.008867084980010986,1.7916939854621887,Ouro 2.6B Thinking,146,
mean_with_norm,1.679123044013977,1.1256506443023682,0.27673619985580444,1.4023868441581726,Ouro 2.6B Thinking,146,
mean_without_norm,1.8341039419174194,1.8991299867630005,-0.03251302242279053,1.86661696434021,Ouro 2.6B Thinking,146,
attention_with_norm,-0.6232573986053467,2.966289758682251,-1.7947735786437988,1.1715161800384521,Ouro 2.6B Thinking,147,
attention_without_norm,1.147590160369873,2.571223020553589,-0.7118164300918579,1.859406590461731,Ouro 2.6B Thinking,147,
mean_with_norm,-0.45736777782440186,2.1625795364379883,-1.309973657131195,0.8526058793067932,Ouro 2.6B Thinking,147,
mean_without_norm,1.26926589012146,2.2650349140167236,-0.49788451194763184,1.7671504020690918,Ouro 2.6B Thinking,147,
attention_with_norm,2.290492296218872,0.5502657294273376,0.8701132833957672,1.4203790128231049,Ouro 2.6B Thinking,148,
attention_without_norm,2.7615582942962646,1.1386833190917969,0.8114374876022339,1.9501208066940308,Ouro 2.6B Thinking,148,
mean_with_norm,0.9967215657234192,0.8297147750854492,0.08350339531898499,0.9132181704044342,Ouro 2.6B Thinking,148,
mean_without_norm,1.5161874294281006,1.3292829990386963,0.09345221519470215,1.4227352142333984,Ouro 2.6B Thinking,148,
attention_with_norm,1.9058361053466797,0.9952350854873657,0.455300509929657,1.4505355954170227,Ouro 2.6B Thinking,149,
attention_without_norm,2.3817365169525146,1.4375567436218262,0.47208988666534424,1.9096466302871704,Ouro 2.6B Thinking,149,
mean_with_norm,1.5036046504974365,0.9933717846870422,0.25511643290519714,1.2484882175922394,Ouro 2.6B Thinking,149,
mean_without_norm,2.1352243423461914,1.4169036149978638,0.3591603636741638,1.7760639786720276,Ouro 2.6B Thinking,149,
attention_with_norm,0.42884570360183716,2.3167412281036377,-0.9439477622509003,1.3727934658527374,Ouro 2.6B Thinking,150,
attention_without_norm,0.9333715438842773,2.5678131580352783,-0.8172208070755005,1.7505923509597778,Ouro 2.6B Thinking,150,
mean_with_norm,0.6372601389884949,1.8250069618225098,-0.5938734114170074,1.2311335504055023,Ouro 2.6B Thinking,150,
mean_without_norm,1.0304977893829346,2.065789222717285,-0.5176457166671753,1.5481435060501099,Ouro 2.6B Thinking,150,
attention_with_norm,2.1972835063934326,0.5228963494300842,0.8371935784816742,1.3600899279117584,Ouro 2.6B Thinking,151,
attention_without_norm,2.2893970012664795,1.4340271949768066,0.4276849031448364,1.861712098121643,Ouro 2.6B Thinking,151,
mean_with_norm,1.7621785402297974,0.6098563075065613,0.576161116361618,1.1860174238681793,Ouro 2.6B Thinking,151,
mean_without_norm,2.1452934741973877,1.539889931678772,0.30270177125930786,1.8425917029380798,Ouro 2.6B Thinking,151,
attention_with_norm,1.6230049133300781,0.4956754446029663,0.5636647343635559,1.0593401789665222,Ouro 2.6B Thinking,152,
attention_without_norm,2.107530355453491,1.396998643875122,0.35526585578918457,1.7522644996643066,Ouro 2.6B Thinking,152,
mean_with_norm,1.2270094156265259,0.8840979337692261,0.1714557409286499,1.055553674697876,Ouro 2.6B Thinking,152,
mean_without_norm,1.7848719358444214,1.7024319171905518,0.041220009326934814,1.7436519265174866,Ouro 2.6B Thinking,152,
attention_with_norm,1.4391744136810303,1.4722511768341064,-0.016538381576538086,1.4557127952575684,Ouro 2.6B Thinking,153,
attention_without_norm,1.780325174331665,2.0515966415405273,-0.13563573360443115,1.9159609079360962,Ouro 2.6B Thinking,153,
mean_with_norm,1.6500604152679443,0.14248357713222504,0.7537884190678596,0.8962719962000847,Ouro 2.6B Thinking,153,
mean_without_norm,2.118345022201538,1.0390204191207886,0.5396623015403748,1.5786827206611633,Ouro 2.6B Thinking,153,
attention_with_norm,1.0848782062530518,1.7097965478897095,-0.31245917081832886,1.3973373770713806,Ouro 2.6B Thinking,154,
attention_without_norm,1.9006953239440918,1.9400697946548462,-0.019687235355377197,1.920382559299469,Ouro 2.6B Thinking,154,
mean_with_norm,0.21342803537845612,1.5559024810791016,-0.6712372228503227,0.8846652582287788,Ouro 2.6B Thinking,154,
mean_without_norm,1.299507975578308,2.0792276859283447,-0.3898598551750183,1.6893678307533264,Ouro 2.6B Thinking,154,
attention_with_norm,-0.1591329723596573,2.7246129512786865,-1.441872961819172,1.2827399894595146,Ouro 2.6B Thinking,155,
attention_without_norm,0.5828045010566711,2.968942642211914,-1.1930690705776215,1.7758735716342926,Ouro 2.6B Thinking,155,
mean_with_norm,-0.2389661818742752,2.636892557144165,-1.4379293695092201,1.198963187634945,Ouro 2.6B Thinking,155,
mean_without_norm,0.5361064076423645,2.896590232849121,-1.1802419126033783,1.7163483202457428,Ouro 2.6B Thinking,155,
attention_with_norm,2.422553300857544,0.04437347501516342,1.1890899129211903,1.2334633879363537,Ouro 2.6B Thinking,156,
attention_without_norm,2.5808298587799072,0.6480359435081482,0.9663969576358795,1.6144329011440277,Ouro 2.6B Thinking,156,
mean_with_norm,1.8694162368774414,0.2714628279209137,0.7989767044782639,1.0704395323991776,Ouro 2.6B Thinking,156,
mean_without_norm,2.105494737625122,0.763785183429718,0.670854777097702,1.43463996052742,Ouro 2.6B Thinking,156,
attention_with_norm,1.751574993133545,0.4926087260246277,0.6294831335544586,1.1220918595790863,Ouro 2.6B Thinking,157,
attention_without_norm,2.1296091079711914,1.511993646621704,0.30880773067474365,1.8208013772964478,Ouro 2.6B Thinking,157,
mean_with_norm,0.5505623817443848,1.0656335353851318,-0.25753557682037354,0.8080979585647583,Ouro 2.6B Thinking,157,
mean_without_norm,1.5900864601135254,1.76255202293396,-0.08623278141021729,1.6763192415237427,Ouro 2.6B Thinking,157,
attention_with_norm,2.300832509994507,0.23436956107616425,1.0332314744591713,1.2676010355353355,Ouro 2.6B Thinking,158,
attention_without_norm,2.4063069820404053,1.306363821029663,0.5499715805053711,1.8563354015350342,Ouro 2.6B Thinking,158,
mean_with_norm,2.623471736907959,-0.07355265319347382,1.3485121950507164,1.2749595418572426,Ouro 2.6B Thinking,158,
mean_without_norm,2.7741682529449463,0.9145015478134155,0.9298333525657654,1.844334900379181,Ouro 2.6B Thinking,158,
attention_with_norm,2.391301393508911,0.0013863230124115944,1.1949575352482498,1.1963438582606614,Ouro 2.6B Thinking,159,
attention_without_norm,2.589724063873291,0.4474186599254608,1.071152701973915,1.518571361899376,Ouro 2.6B Thinking,159,
mean_with_norm,2.291849374771118,0.03190232068300247,1.1299735270440578,1.1618758477270603,Ouro 2.6B Thinking,159,
mean_without_norm,2.4291768074035645,0.33848023414611816,1.0453482866287231,1.3838285207748413,Ouro 2.6B Thinking,159,
attention_with_norm,2.1320109367370605,0.8136066794395447,0.6592021286487579,1.4728088080883026,Ouro 2.6B Thinking,160,
attention_without_norm,2.3945655822753906,1.6136677265167236,0.3904489278793335,2.004116654396057,Ouro 2.6B Thinking,160,
mean_with_norm,0.8764401078224182,1.6413246393203735,-0.38244226574897766,1.2588823735713959,Ouro 2.6B Thinking,160,
mean_without_norm,1.4215567111968994,2.319615125656128,-0.44902920722961426,1.8705859184265137,Ouro 2.6B Thinking,160,
attention_with_norm,0.9436914324760437,1.7036969661712646,-0.3800027668476105,1.3236941993236542,Ouro 2.6B Thinking,161,
attention_without_norm,1.1654503345489502,1.978560209274292,-0.4065549373626709,1.572005271911621,Ouro 2.6B Thinking,161,
mean_with_norm,1.3733242750167847,0.95787513256073,0.20772457122802734,1.1655997037887573,Ouro 2.6B Thinking,161,
mean_without_norm,1.5424610376358032,1.226882815361023,0.15778911113739014,1.384671926498413,Ouro 2.6B Thinking,161,
attention_with_norm,2.3747785091400146,0.6478930115699768,0.8634427487850189,1.5113357603549957,Ouro 2.6B Thinking,162,
attention_without_norm,2.364725351333618,1.5739818811416626,0.3953717350959778,1.9693536162376404,Ouro 2.6B Thinking,162,
mean_with_norm,2.40913987159729,0.5104253888130188,0.9493572413921356,1.4597826302051544,Ouro 2.6B Thinking,162,
mean_without_norm,2.7100446224212646,1.1438452005386353,0.7830997109413147,1.92694491147995,Ouro 2.6B Thinking,162,
attention_with_norm,0.589706301689148,1.9397227764129639,-0.675008237361908,1.264714539051056,Ouro 2.6B Thinking,163,
attention_without_norm,1.8291443586349487,1.9732643365859985,-0.0720599889755249,1.9012043476104736,Ouro 2.6B Thinking,163,
mean_with_norm,-0.027078691869974136,2.0823252201080322,-1.0547019559890032,1.027623264119029,Ouro 2.6B Thinking,163,
mean_without_norm,1.2959802150726318,2.216169595718384,-0.460094690322876,1.7560749053955078,Ouro 2.6B Thinking,163,
attention_with_norm,1.560450553894043,1.328459620475769,0.11599546670913696,1.444455087184906,Ouro 2.6B Thinking,164,
attention_without_norm,1.8150469064712524,1.7630679607391357,0.02598947286605835,1.789057433605194,Ouro 2.6B Thinking,164,
mean_with_norm,1.6214666366577148,1.0310091972351074,0.2952287197113037,1.3262379169464111,Ouro 2.6B Thinking,164,
mean_without_norm,1.9137012958526611,1.4782664775848389,0.21771740913391113,1.69598388671875,Ouro 2.6B Thinking,164,
attention_with_norm,1.2326152324676514,1.2230979204177856,0.004758656024932861,1.2278565764427185,Ouro 2.6B Thinking,165,
attention_without_norm,1.8316885232925415,1.6034601926803589,0.11411416530609131,1.7175743579864502,Ouro 2.6B Thinking,165,
mean_with_norm,1.1666507720947266,1.5733590126037598,-0.2033541202545166,1.3700048923492432,Ouro 2.6B Thinking,165,
mean_without_norm,1.710992693901062,1.9501837491989136,-0.11959552764892578,1.8305882215499878,Ouro 2.6B Thinking,165,
attention_with_norm,1.6060072183609009,0.8246438503265381,0.3906816840171814,1.2153255343437195,Ouro 2.6B Thinking,166,
attention_without_norm,1.9645435810089111,1.6394789218902588,0.16253232955932617,1.802011251449585,Ouro 2.6B Thinking,166,
mean_with_norm,2.16980242729187,0.3390691578388214,0.9153666347265244,1.2544357925653458,Ouro 2.6B Thinking,166,
mean_without_norm,2.538743734359741,1.314961552619934,0.6118910908699036,1.9268526434898376,Ouro 2.6B Thinking,166,
attention_with_norm,1.4626083374023438,0.40259018540382385,0.53000907599926,0.9325992614030838,Ouro 2.6B Thinking,167,
attention_without_norm,1.9020822048187256,1.5688421726226807,0.16662001609802246,1.7354621887207031,Ouro 2.6B Thinking,167,
mean_with_norm,1.27193284034729,0.5157244801521301,0.37810418009757996,0.8938286602497101,Ouro 2.6B Thinking,167,
mean_without_norm,1.7925324440002441,1.3787230253219604,0.20690470933914185,1.5856277346611023,Ouro 2.6B Thinking,167,
attention_with_norm,-0.4854954779148102,3.2245469093322754,-1.8550211936235428,1.3695257157087326,Ouro 2.6B Thinking,168,
attention_without_norm,0.46331363916397095,3.391556739807129,-1.464121550321579,1.92743518948555,Ouro 2.6B Thinking,168,
mean_with_norm,-0.23794950544834137,2.4757497310638428,-1.356849618256092,1.1189001128077507,Ouro 2.6B Thinking,168,
mean_without_norm,0.4512098729610443,2.8062081336975098,-1.1774991303682327,1.628709003329277,Ouro 2.6B Thinking,168,
attention_with_norm,1.7811297178268433,1.7811297178268433,0.0,1.7811297178268433,Ouro 2.6B Thinking,169,
attention_without_norm,1.7811297178268433,1.7811297178268433,0.0,1.7811297178268433,Ouro 2.6B Thinking,169,
mean_with_norm,1.7811297178268433,1.7811297178268433,0.0,1.7811297178268433,Ouro 2.6B Thinking,169,
mean_without_norm,1.7811297178268433,1.7811297178268433,0.0,1.7811297178268433,Ouro 2.6B Thinking,169,
attention_with_norm,-0.44377902150154114,3.6229310035705566,-2.033355012536049,1.5895759910345078,Ouro 2.6B Thinking,170,
attention_without_norm,0.15502037107944489,3.9037606716156006,-1.8743701502680779,2.0293905213475227,Ouro 2.6B Thinking,170,
mean_with_norm,-0.6830368638038635,3.673187017440796,-2.1781119406223297,1.4950750768184662,Ouro 2.6B Thinking,170,
mean_without_norm,-0.03486448526382446,3.8132946491241455,-1.924079567193985,1.8892150819301605,Ouro 2.6B Thinking,170,
attention_with_norm,4.000820159912109,-0.8586223721504211,2.4297212660312653,1.5710988938808441,Ouro 2.6B Thinking,171,
attention_without_norm,4.102418422698975,-0.5142221450805664,2.3083202838897705,1.794098138809204,Ouro 2.6B Thinking,171,
mean_with_norm,4.016207218170166,-1.0572223663330078,2.536714792251587,1.479492425918579,Ouro 2.6B Thinking,171,
mean_without_norm,4.101388931274414,-0.7094276547431946,2.4054082930088043,1.6959806382656097,Ouro 2.6B Thinking,171,
attention_with_norm,1.8171082735061646,0.8494381904602051,0.48383504152297974,1.3332732319831848,Ouro 2.6B Thinking,172,
attention_without_norm,2.113351583480835,1.3028452396392822,0.40525317192077637,1.7080984115600586,Ouro 2.6B Thinking,172,
mean_with_norm,1.3598288297653198,1.3065500259399414,0.02663940191268921,1.3331894278526306,Ouro 2.6B Thinking,172,
mean_without_norm,1.6155887842178345,1.6379472017288208,-0.011179208755493164,1.6267679929733276,Ouro 2.6B Thinking,172,
attention_with_norm,1.7811297178268433,1.7811297178268433,0.0,1.7811297178268433,Ouro 2.6B Thinking,173,
attention_without_norm,1.7811297178268433,1.7811297178268433,0.0,1.7811297178268433,Ouro 2.6B Thinking,173,
mean_with_norm,1.7811297178268433,1.7811297178268433,0.0,1.7811297178268433,Ouro 2.6B Thinking,173,
mean_without_norm,1.7811297178268433,1.7811297178268433,0.0,1.7811297178268433,Ouro 2.6B Thinking,173,
attention_with_norm,1.7811297178268433,1.7811297178268433,0.0,1.7811297178268433,Ouro 2.6B Thinking,174,
attention_without_norm,1.7811297178268433,1.7811297178268433,0.0,1.7811297178268433,Ouro 2.6B Thinking,174,
mean_with_norm,1.7811297178268433,1.7811297178268433,0.0,1.7811297178268433,Ouro 2.6B Thinking,174,
mean_without_norm,1.7811297178268433,1.7811297178268433,0.0,1.7811297178268433,Ouro 2.6B Thinking,174,
attention_with_norm,2.061105966567993,0.43963631987571716,0.810734823346138,1.2503711432218552,Ouro 2.6B Thinking,175,
attention_without_norm,2.4692916870117188,1.0916520357131958,0.6888198256492615,1.7804718613624573,Ouro 2.6B Thinking,175,
mean_with_norm,1.873728632926941,0.23168127238750458,0.8210236802697182,1.0527049526572227,Ouro 2.6B Thinking,175,
mean_without_norm,2.1569137573242188,1.1073715686798096,0.5247710943222046,1.6321426630020142,Ouro 2.6B Thinking,175,
attention_with_norm,1.5179516077041626,0.5732998251914978,0.4723258912563324,1.0456257164478302,Ouro 2.6B Thinking,176,
attention_without_norm,1.95079505443573,1.3267048597335815,0.3120450973510742,1.6387499570846558,Ouro 2.6B Thinking,176,
mean_with_norm,1.2440922260284424,0.8717424273490906,0.1861748993396759,1.0579173266887665,Ouro 2.6B Thinking,176,
mean_without_norm,1.6465368270874023,1.3931448459625244,0.12669599056243896,1.5198408365249634,Ouro 2.6B Thinking,176,
attention_with_norm,0.6455259919166565,1.1162068843841553,-0.2353404462337494,0.8808664381504059,Ouro 2.6B Thinking,177,
attention_without_norm,1.2132508754730225,1.8991265296936035,-0.3429378271102905,1.556188702583313,Ouro 2.6B Thinking,177,
mean_with_norm,0.738565981388092,1.266637921333313,-0.2640359699726105,1.0026019513607025,Ouro 2.6B Thinking,177,
mean_without_norm,1.0978745222091675,1.7825521230697632,-0.34233880043029785,1.4402133226394653,Ouro 2.6B Thinking,177,
attention_with_norm,0.1834898144006729,2.4543097019195557,-1.1354099437594414,1.3188997581601143,Ouro 2.6B Thinking,178,
attention_without_norm,0.9049980640411377,2.67579984664917,-0.8854008913040161,1.7903989553451538,Ouro 2.6B Thinking,178,
mean_with_norm,0.24749039113521576,2.109830617904663,-0.9311701133847237,1.1786605045199394,Ouro 2.6B Thinking,178,
mean_without_norm,0.7505404353141785,2.361208200454712,-0.8053338825702667,1.5558743178844452,Ouro 2.6B Thinking,178,
attention_with_norm,1.7108235359191895,0.534221887588501,0.5883008241653442,1.1225227117538452,Ouro 2.6B Thinking,179,
attention_without_norm,2.3306918144226074,1.3167732954025269,0.5069592595100403,1.8237325549125671,Ouro 2.6B Thinking,179,
mean_with_norm,0.980413019657135,1.0545397996902466,-0.037063390016555786,1.0174764096736908,Ouro 2.6B Thinking,179,
mean_without_norm,1.9067707061767578,1.534545660018921,0.18611252307891846,1.7206581830978394,Ouro 2.6B Thinking,179,
attention_with_norm,2.837681293487549,-0.7163576483726501,1.7770194709300995,1.0606618225574493,Ouro 2.6B Thinking,180,
attention_without_norm,2.9546782970428467,0.4842480719089508,1.235215112566948,1.7194631844758987,Ouro 2.6B Thinking,180,
mean_with_norm,2.3960273265838623,-0.0979054793715477,1.246966402977705,1.1490609236061573,Ouro 2.6B Thinking,180,
mean_without_norm,2.557863473892212,0.8119910359382629,0.8729362189769745,1.6849272549152374,Ouro 2.6B Thinking,180,
attention_with_norm,0.9439470767974854,1.3284845352172852,-0.1922687292098999,1.1362158060073853,Ouro 2.6B Thinking,181,
attention_without_norm,1.4540684223175049,1.5930063724517822,-0.06946897506713867,1.5235373973846436,Ouro 2.6B Thinking,181,
mean_with_norm,0.9489348530769348,1.1949520111083984,-0.12300857901573181,1.0719434320926666,Ouro 2.6B Thinking,181,
mean_without_norm,1.3776803016662598,1.426303744316101,-0.024311721324920654,1.4019920229911804,Ouro 2.6B Thinking,181,
attention_with_norm,2.3263297080993652,0.28843215107917786,1.0189487785100937,1.3073809295892715,Ouro 2.6B Thinking,182,
attention_without_norm,2.500471353530884,1.394045114517212,0.5532131195068359,1.9472582340240479,Ouro 2.6B Thinking,182,
mean_with_norm,2.564056873321533,0.0981149896979332,1.2329709418118,1.3310859315097332,Ouro 2.6B Thinking,182,
mean_without_norm,2.8685576915740967,1.0644643306732178,0.9020466804504395,1.9665110111236572,Ouro 2.6B Thinking,182,
attention_with_norm,2.012566328048706,0.39174818992614746,0.8104090690612793,1.2021572589874268,Ouro 2.6B Thinking,183,
attention_without_norm,2.6019070148468018,1.2107863426208496,0.6955603361129761,1.9063466787338257,Ouro 2.6B Thinking,183,
mean_with_norm,1.582749605178833,0.7832225561141968,0.3997635245323181,1.182986080646515,Ouro 2.6B Thinking,183,
mean_without_norm,1.9200868606567383,1.686108946800232,0.11698895692825317,1.803097903728485,Ouro 2.6B Thinking,183,
attention_with_norm,2.981457471847534,-0.4194489121437073,1.7004531919956207,1.2810042798519135,Ouro 2.6B Thinking,184,
attention_without_norm,3.1303136348724365,0.07815264165401459,1.526080496609211,1.6042331382632256,Ouro 2.6B Thinking,184,
mean_with_norm,2.8268344402313232,-0.11347071826457977,1.4701525792479515,1.3566818609833717,Ouro 2.6B Thinking,184,
mean_without_norm,2.9390084743499756,0.30406880378723145,1.317469835281372,1.6215386390686035,Ouro 2.6B Thinking,184,
attention_with_norm,1.792726755142212,0.9024916291236877,0.4451175630092621,1.3476091921329498,Ouro 2.6B Thinking,185,
attention_without_norm,2.2260026931762695,1.3993148803710938,0.4133439064025879,1.8126587867736816,Ouro 2.6B Thinking,185,
mean_with_norm,1.2346645593643188,1.1802146434783936,0.027224957942962646,1.2074396014213562,Ouro 2.6B Thinking,185,
mean_without_norm,1.7626430988311768,1.6008944511413574,0.08087432384490967,1.681768774986267,Ouro 2.6B Thinking,185,
attention_with_norm,1.5637184381484985,1.0647029876708984,0.24950772523880005,1.3142107129096985,Ouro 2.6B Thinking,186,
attention_without_norm,2.073568105697632,1.7069122791290283,0.18332791328430176,1.89024019241333,Ouro 2.6B Thinking,186,
mean_with_norm,0.6609777808189392,1.572778582572937,-0.4559004008769989,1.116878181695938,Ouro 2.6B Thinking,186,
mean_without_norm,1.6786894798278809,1.941942811012268,-0.1316266655921936,1.8103161454200745,Ouro 2.6B Thinking,186,
attention_with_norm,1.7811297178268433,1.7811297178268433,0.0,1.7811297178268433,Ouro 2.6B Thinking,187,
attention_without_norm,1.7811297178268433,1.7811297178268433,0.0,1.7811297178268433,Ouro 2.6B Thinking,187,
mean_with_norm,1.7811297178268433,1.7811297178268433,0.0,1.7811297178268433,Ouro 2.6B Thinking,187,
mean_without_norm,1.7811297178268433,1.7811297178268433,0.0,1.7811297178268433,Ouro 2.6B Thinking,187,
attention_with_norm,1.8431522846221924,0.625700831413269,0.6087257266044617,1.2344265580177307,Ouro 2.6B Thinking,188,
attention_without_norm,1.9572710990905762,0.957446277141571,0.49991241097450256,1.4573586881160736,Ouro 2.6B Thinking,188,
mean_with_norm,1.8939323425292969,0.5519559383392334,0.6709882020950317,1.2229441404342651,Ouro 2.6B Thinking,188,
mean_without_norm,2.011833906173706,0.9578031301498413,0.5270153880119324,1.4848185181617737,Ouro 2.6B Thinking,188,
attention_with_norm,-0.10052543133497238,1.767838716506958,-0.9341820739209652,0.8336566425859928,Ouro 2.6B Thinking,189,
attention_without_norm,0.8318395018577576,2.25129771232605,-0.7097291052341461,1.5415686070919037,Ouro 2.6B Thinking,189,
mean_with_norm,0.013980940915644169,1.7366065979003906,-0.8613128284923732,0.8752937694080174,Ouro 2.6B Thinking,189,
mean_without_norm,0.603193998336792,2.1518964767456055,-0.7743512392044067,1.3775452375411987,Ouro 2.6B Thinking,189,
attention_with_norm,0.19176463782787323,2.220503568649292,-1.0143694654107094,1.2061341032385826,Ouro 2.6B Thinking,190,
attention_without_norm,0.8558189272880554,2.6632752418518066,-0.9037281572818756,1.759547084569931,Ouro 2.6B Thinking,190,
mean_with_norm,0.44554921984672546,1.5103213787078857,-0.5323860794305801,0.9779352992773056,Ouro 2.6B Thinking,190,
mean_without_norm,0.8534790277481079,1.8799383640289307,-0.5132296681404114,1.3667086958885193,Ouro 2.6B Thinking,190,
attention_with_norm,0.37553101778030396,1.5650720596313477,-0.5947705209255219,0.9703015387058258,Ouro 2.6B Thinking,191,
attention_without_norm,1.3021891117095947,2.110666513442993,-0.4042387008666992,1.706427812576294,Ouro 2.6B Thinking,191,
mean_with_norm,0.2863638401031494,1.437474250793457,-0.5755552053451538,0.8619190454483032,Ouro 2.6B Thinking,191,
mean_without_norm,1.3011362552642822,1.9072022438049316,-0.3030329942703247,1.604169249534607,Ouro 2.6B Thinking,191,
attention_with_norm,1.7854347229003906,0.5858257412910461,0.5998044908046722,1.1856302320957184,Ouro 2.6B Thinking,192,
attention_without_norm,2.1777782440185547,1.4892096519470215,0.3442842960357666,1.833493947982788,Ouro 2.6B Thinking,192,
mean_with_norm,1.4571211338043213,0.7843174338340759,0.3364018499851227,1.1207192838191986,Ouro 2.6B Thinking,192,
mean_without_norm,2.0609586238861084,1.543818712234497,0.25856995582580566,1.8023886680603027,Ouro 2.6B Thinking,192,
attention_with_norm,1.3700618743896484,1.6751399040222168,-0.15253901481628418,1.5226008892059326,Ouro 2.6B Thinking,193,
attention_without_norm,1.6483794450759888,2.3606700897216797,-0.35614532232284546,2.0045247673988342,Ouro 2.6B Thinking,193,
mean_with_norm,1.410473346710205,1.015154242515564,0.19765955209732056,1.2128137946128845,Ouro 2.6B Thinking,193,
mean_without_norm,1.7398350238800049,1.8967969417572021,-0.07848095893859863,1.8183159828186035,Ouro 2.6B Thinking,193,
attention_with_norm,1.6324374675750732,1.0852465629577637,0.2735954523086548,1.3588420152664185,Ouro 2.6B Thinking,194,
attention_without_norm,2.2505955696105957,1.5082470178604126,0.37117427587509155,1.8794212937355042,Ouro 2.6B Thinking,194,
mean_with_norm,1.461540699005127,1.277893304824829,0.09182369709014893,1.369717001914978,Ouro 2.6B Thinking,194,
mean_without_norm,2.0378119945526123,1.6986773014068604,0.16956734657287598,1.8682446479797363,Ouro 2.6B Thinking,194,
attention_with_norm,2.9648282527923584,0.0976838693022728,1.4335721917450428,1.5312560610473156,Ouro 2.6B Thinking,195,
attention_without_norm,3.0778629779815674,0.5887078642845154,1.244577556848526,1.8332854211330414,Ouro 2.6B Thinking,195,
mean_with_norm,2.692732095718384,0.02470405399799347,1.3340140208601952,1.3587180748581886,Ouro 2.6B Thinking,195,
mean_without_norm,2.787526845932007,0.46756190061569214,1.1599824726581573,1.6275443732738495,Ouro 2.6B Thinking,195,
attention_with_norm,2.4245588779449463,1.0129039287567139,0.7058274745941162,1.71873140335083,Ouro 2.6B Thinking,196,
attention_without_norm,1.9525355100631714,1.7157535552978516,0.11839097738265991,1.8341445326805115,Ouro 2.6B Thinking,196,
mean_with_norm,2.211681842803955,0.9569109678268433,0.6273854374885559,1.5842964053153992,Ouro 2.6B Thinking,196,
mean_without_norm,2.167339563369751,1.793246865272522,0.1870463490486145,1.9802932143211365,Ouro 2.6B Thinking,196,
attention_with_norm,3.8928143978118896,-0.865419328212738,2.379116863012314,1.5136975347995758,Ouro 2.6B Thinking,197,
attention_without_norm,4.0045647621154785,-0.236117884516716,2.1203413233160973,1.8842234387993813,Ouro 2.6B Thinking,197,
mean_with_norm,3.5079376697540283,-0.7893359065055847,2.1486367881298065,1.3593008816242218,Ouro 2.6B Thinking,197,
mean_without_norm,3.636707067489624,-0.20718304812908173,1.9219450578093529,1.7147620096802711,Ouro 2.6B Thinking,197,
attention_with_norm,1.9801336526870728,0.32935595512390137,0.8253888487815857,1.154744803905487,Ouro 2.6B Thinking,198,
attention_without_norm,2.2366092205047607,1.3809611797332764,0.4278240203857422,1.8087852001190186,Ouro 2.6B Thinking,198,
mean_with_norm,0.8035598397254944,1.5308821201324463,-0.36366114020347595,1.1672209799289703,Ouro 2.6B Thinking,198,
mean_without_norm,1.64442777633667,2.032024383544922,-0.19379830360412598,1.838226079940796,Ouro 2.6B Thinking,198,
attention_with_norm,0.4416910409927368,1.5806853771209717,-0.5694971680641174,1.0111882090568542,Ouro 2.6B Thinking,199,
attention_without_norm,1.7043371200561523,1.8513402938842773,-0.0735015869140625,1.7778387069702148,Ouro 2.6B Thinking,199,
mean_with_norm,0.47341233491897583,1.4541797637939453,-0.49038371443748474,0.9637960493564606,Ouro 2.6B Thinking,199,
mean_without_norm,1.4603784084320068,1.9611339569091797,-0.2503777742385864,1.7107561826705933,Ouro 2.6B Thinking,199,
attention_with_norm,0.6351838111877441,2.5496509075164795,-0.9572335481643677,1.5924173593521118,Ouro RLTT local,0,
attention_without_norm,1.4821979999542236,2.292609930038452,-0.40520596504211426,1.887403964996338,Ouro RLTT local,0,
mean_with_norm,0.9775440096855164,1.8921610116958618,-0.45730850100517273,1.434852510690689,Ouro RLTT local,0,
mean_without_norm,1.414722204208374,2.6214630603790283,-0.6033704280853271,2.018092632293701,Ouro RLTT local,0,
attention_with_norm,1.7554078102111816,0.8037744164466858,0.4758166968822479,1.2795911133289337,Ouro RLTT local,1,
attention_without_norm,2.351025104522705,1.3835551738739014,0.48373496532440186,1.8672901391983032,Ouro RLTT local,1,
mean_with_norm,2.017754077911377,0.3359065651893616,0.8409237563610077,1.1768303215503693,Ouro RLTT local,1,
mean_without_norm,2.3911495208740234,0.6616725921630859,0.8647384643554688,1.5264110565185547,Ouro RLTT local,1,
attention_with_norm,2.29952073097229,-0.23218460381031036,1.2658526673913002,1.0336680635809898,Ouro RLTT local,2,
attention_without_norm,2.553349494934082,0.5066481232643127,1.0233506858348846,1.5299988090991974,Ouro RLTT local,2,
mean_with_norm,1.4374706745147705,1.1670794486999512,0.13519561290740967,1.3022750616073608,Ouro RLTT local,2,
mean_without_norm,1.8517992496490479,1.3787670135498047,0.23651611804962158,1.6152831315994263,Ouro RLTT local,2,
attention_with_norm,1.2633451223373413,1.6838138103485107,-0.21023434400558472,1.473579466342926,Ouro RLTT local,3,
attention_without_norm,1.687735676765442,2.3953323364257812,-0.3537983298301697,2.0415340065956116,Ouro RLTT local,3,
mean_with_norm,1.537052869796753,1.1222952604293823,0.2073788046836853,1.3296740651130676,Ouro RLTT local,3,
mean_without_norm,1.901509165763855,1.800513505935669,0.05049782991409302,1.851011335849762,Ouro RLTT local,3,
attention_with_norm,0.11538321524858475,1.8507075309753418,-0.8676621578633785,0.9830453731119633,Ouro RLTT local,4,
attention_without_norm,1.6069247722625732,2.0840675830841064,-0.2385714054107666,1.8454961776733398,Ouro RLTT local,4,
mean_with_norm,-0.02675793319940567,2.6177926063537598,-1.3222752697765827,1.295517336577177,Ouro RLTT local,4,
mean_without_norm,0.9765443205833435,2.7101480960845947,-0.8668018877506256,1.8433462083339691,Ouro RLTT local,4,
attention_with_norm,0.9927916526794434,1.6787680387496948,-0.34298819303512573,1.335779845714569,Ouro RLTT local,5,
attention_without_norm,1.8870376348495483,1.9169321060180664,-0.014947235584259033,1.9019848704338074,Ouro RLTT local,5,
mean_with_norm,3.2663772106170654,-0.45436757802963257,1.860372394323349,1.4060048162937164,Ouro RLTT local,5,
mean_without_norm,3.4242091178894043,0.1728348284959793,1.6256871446967125,1.7985219731926918,Ouro RLTT local,5,
attention_with_norm,3.169530153274536,-0.7821308970451355,1.9758305251598358,1.1936996281147003,Ouro RLTT local,6,
attention_without_norm,3.298555850982666,0.04547834023833275,1.6265387553721666,1.6720170956104994,Ouro RLTT local,6,
mean_with_norm,0.1659480482339859,2.0744564533233643,-0.9542542025446892,1.120202250778675,Ouro RLTT local,6,
mean_without_norm,0.5168026685714722,2.2995851039886475,-0.8913912177085876,1.4081938862800598,Ouro RLTT local,6,
attention_with_norm,1.019568681716919,1.9123159646987915,-0.4463736414909363,1.4659423232078552,Ouro RLTT local,7,
attention_without_norm,1.5238131284713745,2.275940179824829,-0.3760635256767273,1.8998766541481018,Ouro RLTT local,7,
mean_with_norm,1.0860669612884521,1.6014602184295654,-0.25769662857055664,1.3437635898590088,Ouro RLTT local,7,
mean_without_norm,1.6013176441192627,1.919930100440979,-0.15930622816085815,1.7606238722801208,Ouro RLTT local,7,
attention_with_norm,2.066274404525757,0.7201546430587769,0.67305988073349,1.3932145237922668,Ouro RLTT local,8,
attention_without_norm,2.0733072757720947,1.8653943538665771,0.10395646095275879,1.969350814819336,Ouro RLTT local,8,
mean_with_norm,0.6047847867012024,2.287902593612671,-0.8415589034557343,1.4463436901569366,Ouro RLTT local,8,
mean_without_norm,1.143266201019287,2.860530138015747,-0.85863196849823,2.001898169517517,Ouro RLTT local,8,
attention_with_norm,0.9176385402679443,1.386014461517334,-0.23418796062469482,1.1518265008926392,Ouro RLTT local,9,
attention_without_norm,1.5126466751098633,1.9830058813095093,-0.235179603099823,1.7478262782096863,Ouro RLTT local,9,
mean_with_norm,0.8239615559577942,1.0936986207962036,-0.1348685324192047,0.9588300883769989,Ouro RLTT local,9,
mean_without_norm,1.2770333290100098,1.6467169523239136,-0.1848418116569519,1.4618751406669617,Ouro RLTT local,9,
attention_with_norm,1.7718209028244019,0.1984124332666397,0.7867042347788811,0.9851166680455208,Ouro RLTT local,10,
attention_without_norm,2.047313928604126,1.2562382221221924,0.3955378532409668,1.6517760753631592,Ouro RLTT local,10,
mean_with_norm,1.544299840927124,0.14448793232440948,0.6999059543013573,0.8443938866257668,Ouro RLTT local,10,
mean_without_norm,2.0360965728759766,1.2286580801010132,0.4037192463874817,1.6323773264884949,Ouro RLTT local,10,
attention_with_norm,2.210284471511841,0.49833253026008606,0.8559759706258774,1.3543085008859634,Ouro RLTT local,11,
attention_without_norm,2.881995439529419,1.1400163173675537,0.8709895610809326,2.0110058784484863,Ouro RLTT local,11,
mean_with_norm,3.2682130336761475,-0.6976057291030884,1.982909381389618,1.2853036522865295,Ouro RLTT local,11,
mean_without_norm,3.5268964767456055,-0.1588328331708908,1.8428646549582481,1.6840318217873573,Ouro RLTT local,11,
attention_with_norm,0.6212096214294434,2.3882761001586914,-0.883533239364624,1.5047428607940674,Ouro RLTT local,12,
attention_without_norm,1.655473232269287,2.614455461502075,-0.47949111461639404,2.134964346885681,Ouro RLTT local,12,
mean_with_norm,1.1813135147094727,1.9279148578643799,-0.3733006715774536,1.5546141862869263,Ouro RLTT local,12,
mean_without_norm,1.4224927425384521,2.021268606185913,-0.29938793182373047,1.7218806743621826,Ouro RLTT local,12,
attention_with_norm,1.9584721326828003,0.30811741948127747,0.8251773566007614,1.1332947760820389,Ouro RLTT local,13,
attention_without_norm,2.088557481765747,1.6058897972106934,0.24133384227752686,1.8472236394882202,Ouro RLTT local,13,
mean_with_norm,1.140010952949524,1.3919838666915894,-0.12598645687103271,1.2659974098205566,Ouro RLTT local,13,
mean_without_norm,1.7354564666748047,2.0252716541290283,-0.14490759372711182,1.8803640604019165,Ouro RLTT local,13,
attention_with_norm,2.9001076221466064,-0.8564249277114868,1.8782662749290466,1.0218413472175598,Ouro RLTT local,14,
attention_without_norm,3.0523178577423096,-0.32009458541870117,1.6862062215805054,1.3661116361618042,Ouro RLTT local,14,
mean_with_norm,1.552783727645874,0.7287717461585999,0.4120059907436371,1.140777736902237,Ouro RLTT local,14,
mean_without_norm,1.753524899482727,0.9706130623817444,0.39145591855049133,1.3620689809322357,Ouro RLTT local,14,
attention_with_norm,3.190852642059326,-0.33449313044548035,1.7626728862524033,1.428179755806923,Ouro RLTT local,15,
attention_without_norm,3.309690237045288,0.655282199382782,1.327204018831253,1.982486218214035,Ouro RLTT local,15,
mean_with_norm,2.757720708847046,-0.04283686727285385,1.4002787880599499,1.357441920787096,Ouro RLTT local,15,
mean_without_norm,3.0411088466644287,0.594850480556488,1.2231291830539703,1.8179796636104584,Ouro RLTT local,15,
attention_with_norm,0.5079007744789124,1.9750092029571533,-0.7335542142391205,1.2414549887180328,Ouro RLTT local,16,
attention_without_norm,1.7751364707946777,1.8144900798797607,-0.019676804542541504,1.7948132753372192,Ouro RLTT local,16,
mean_with_norm,1.1259219646453857,0.8841565251350403,0.12088271975517273,1.005039244890213,Ouro RLTT local,16,
mean_without_norm,1.8625532388687134,1.7045665979385376,0.07899332046508789,1.7835599184036255,Ouro RLTT local,16,
attention_with_norm,4.3912835121154785,-1.1187697649002075,2.755026638507843,1.6362568736076355,Ouro RLTT local,17,
attention_without_norm,4.492796421051025,-0.0600350946187973,2.2764157578349113,2.216380663216114,Ouro RLTT local,17,
mean_with_norm,3.7877604961395264,-0.2962537705898285,2.0420071333646774,1.745753362774849,Ouro RLTT local,17,
mean_without_norm,3.9032552242279053,0.08875247836112976,1.9072513729333878,1.9960038512945175,Ouro RLTT local,17,
attention_with_norm,3.0414960384368896,-0.79203200340271,1.9167640209197998,1.1247320175170898,Ouro RLTT local,18,
attention_without_norm,2.575042486190796,1.2169331312179565,0.6790546774864197,1.8959878087043762,Ouro RLTT local,18,
mean_with_norm,1.6105382442474365,1.5196280479431152,0.045455098152160645,1.5650831460952759,Ouro RLTT local,18,
mean_without_norm,2.348543882369995,1.7969777584075928,0.27578306198120117,2.072760820388794,Ouro RLTT local,18,
attention_with_norm,1.4465899467468262,0.5081697702407837,0.46921008825302124,0.9773798584938049,Ouro RLTT local,19,
attention_without_norm,1.9971983432769775,1.2705316543579102,0.3633333444595337,1.6338649988174438,Ouro RLTT local,19,
mean_with_norm,2.3826663494110107,0.0661906898021698,1.1582378298044205,1.2244285196065903,Ouro RLTT local,19,
mean_without_norm,2.6331844329833984,0.578331470489502,1.0274264812469482,1.6057579517364502,Ouro RLTT local,19,
attention_with_norm,1.8870885372161865,0.7911955118179321,0.5479465126991272,1.3391420245170593,Ouro RLTT local,20,
attention_without_norm,2.2817435264587402,1.3716272115707397,0.45505815744400024,1.82668536901474,Ouro RLTT local,20,
mean_with_norm,2.340869188308716,0.18117396533489227,1.0798476114869118,1.261021576821804,Ouro RLTT local,20,
mean_without_norm,2.5691192150115967,0.6038616299629211,0.9826287925243378,1.586490422487259,Ouro RLTT local,20,
attention_with_norm,1.8019118309020996,0.5756999254226685,0.6131059527397156,1.188805878162384,Ouro RLTT local,21,
attention_without_norm,2.1699910163879395,1.5809550285339355,0.29451799392700195,1.8754730224609375,Ouro RLTT local,21,
mean_with_norm,2.0144591331481934,0.3218889534473419,0.8462850898504257,1.1681740432977676,Ouro RLTT local,21,
mean_without_norm,2.3917832374572754,0.8650169968605042,0.7633831202983856,1.6284001171588898,Ouro RLTT local,21,
attention_with_norm,0.2798004746437073,2.497119188308716,-1.1086593568325043,1.3884598314762115,Ouro RLTT local,22,
attention_without_norm,1.3403136730194092,2.624403715133667,-0.6420450210571289,1.982358694076538,Ouro RLTT local,22,
mean_with_norm,-0.02911423146724701,2.1684916019439697,-1.0988029167056084,1.0696886852383614,Ouro RLTT local,22,
mean_without_norm,0.7447612881660461,2.549560785293579,-0.9023997485637665,1.6471610367298126,Ouro RLTT local,22,
attention_with_norm,-0.7660043835639954,2.8036484718322754,-1.7848264276981354,1.01882204413414,Ouro RLTT local,23,
attention_without_norm,-0.15270985662937164,2.917996644973755,-1.5353532508015633,1.3826433941721916,Ouro RLTT local,23,
mean_with_norm,-0.962282121181488,3.0086917877197266,-1.9854869544506073,1.0232048332691193,Ouro RLTT local,23,
mean_without_norm,-0.5116944909095764,3.0950262546539307,-1.8033603727817535,1.2916658818721771,Ouro RLTT local,23,
attention_with_norm,0.3918079137802124,1.9299193620681763,-0.7690557241439819,1.1608636379241943,Ouro RLTT local,24,
attention_without_norm,0.8890912532806396,2.295262336730957,-0.7030855417251587,1.5921767950057983,Ouro RLTT local,24,
mean_with_norm,0.7841610312461853,2.1449384689331055,-0.6803887188434601,1.4645497500896454,Ouro RLTT local,24,
mean_without_norm,1.1389849185943604,2.5539417266845703,-0.707478404045105,1.8464633226394653,Ouro RLTT local,24,
attention_with_norm,3.5662331581115723,-0.9869317412376404,2.2765824496746063,1.289650708436966,Ouro RLTT local,25,
attention_without_norm,3.34792160987854,0.6094584465026855,1.3692315816879272,1.9786900281906128,Ouro RLTT local,25,
mean_with_norm,2.757887363433838,-0.09624931961297989,1.427068341523409,1.330819021910429,Ouro RLTT local,25,
mean_without_norm,2.9926857948303223,0.4733481705188751,1.2596688121557236,1.7330169826745987,Ouro RLTT local,25,
attention_with_norm,2.514951467514038,0.29478347301483154,1.1100839972496033,1.4048674702644348,Ouro RLTT local,26,
attention_without_norm,2.3775877952575684,1.7748055458068848,0.3013911247253418,2.0761966705322266,Ouro RLTT local,26,
mean_with_norm,0.8858855366706848,1.9655462503433228,-0.539830356836319,1.4257158935070038,Ouro RLTT local,26,
mean_without_norm,1.3647408485412598,2.528247594833374,-0.5817533731460571,1.946494221687317,Ouro RLTT local,26,
attention_with_norm,1.6603105068206787,0.49752745032310486,0.5813915282487869,1.0789189785718918,Ouro RLTT local,27,
attention_without_norm,2.0501198768615723,1.666153073310852,0.1919834017753601,1.8581364750862122,Ouro RLTT local,27,
mean_with_norm,1.3060423135757446,1.2571582794189453,0.024442017078399658,1.281600296497345,Ouro RLTT local,27,
mean_without_norm,2.0006043910980225,1.7909332513809204,0.10483556985855103,1.8957688212394714,Ouro RLTT local,27,
attention_with_norm,1.956676721572876,0.3521925210952759,0.8022421002388,1.154434621334076,Ouro RLTT local,28,
attention_without_norm,2.273893356323242,1.4027953147888184,0.4355490207672119,1.8383443355560303,Ouro RLTT local,28,
mean_with_norm,1.2810052633285522,0.6007128357887268,0.3401462137699127,0.9408590495586395,Ouro RLTT local,28,
mean_without_norm,1.9455649852752686,1.4670134782791138,0.2392757534980774,1.7062892317771912,Ouro RLTT local,28,
attention_with_norm,2.0837972164154053,0.9580112099647522,0.5628930032253265,1.5209042131900787,Ouro RLTT local,29,
attention_without_norm,2.5007717609405518,1.5191750526428223,0.49079835414886475,2.009973406791687,Ouro RLTT local,29,
mean_with_norm,2.063668966293335,0.19122661650180817,0.9362211748957634,1.1274477913975716,Ouro RLTT local,29,
mean_without_norm,2.528752088546753,0.9313382506370544,0.7987069189548492,1.7300451695919037,Ouro RLTT local,29,
attention_with_norm,2.79016375541687,-0.6131914258003235,1.7016775906085968,1.0884861648082733,Ouro RLTT local,30,
attention_without_norm,2.2862484455108643,1.2704490423202515,0.5078997015953064,1.7783487439155579,Ouro RLTT local,30,
mean_with_norm,2.367246389389038,-0.1284523606300354,1.2478493750095367,1.1193970143795013,Ouro RLTT local,30,
mean_without_norm,2.741800546646118,0.5989162921905518,1.0714421272277832,1.670358419418335,Ouro RLTT local,30,
attention_with_norm,0.11451302468776703,2.491250514984131,-1.188368745148182,1.302881769835949,Ouro RLTT local,31,
attention_without_norm,1.3101433515548706,2.5735554695129395,-0.6317060589790344,1.941849410533905,Ouro RLTT local,31,
mean_with_norm,0.01493049506098032,2.6584436893463135,-1.3217565971426666,1.336687092203647,Ouro RLTT local,31,
mean_without_norm,0.9774383902549744,2.771111011505127,-0.8968363106250763,1.8742747008800507,Ouro RLTT local,31,
attention_with_norm,1.1610095500946045,0.6469151973724365,0.257047176361084,0.9039623737335205,Ouro RLTT local,32,
attention_without_norm,2.0269289016723633,1.3205597400665283,0.3531845808029175,1.6737443208694458,Ouro RLTT local,32,
mean_with_norm,1.2148618698120117,1.3051271438598633,-0.04513263702392578,1.2599945068359375,Ouro RLTT local,32,
mean_without_norm,1.6240016222000122,1.8129098415374756,-0.09445410966873169,1.718455731868744,Ouro RLTT local,32,
attention_with_norm,2.028836488723755,0.7195578813552856,0.6546393036842346,1.3741971850395203,Ouro RLTT local,33,
attention_without_norm,1.952733039855957,1.6582820415496826,0.1472254991531372,1.8055075407028198,Ouro RLTT local,33,
mean_with_norm,2.002599000930786,0.6228519082069397,0.6898735463619232,1.312725454568863,Ouro RLTT local,33,
mean_without_norm,2.1414315700531006,1.7113553285598755,0.21503812074661255,1.926393449306488,Ouro RLTT local,33,
attention_with_norm,1.7496371269226074,0.4642343521118164,0.6427013874053955,1.106935739517212,Ouro RLTT local,34,
attention_without_norm,2.190803289413452,1.484081506729126,0.3533608913421631,1.837442398071289,Ouro RLTT local,34,
mean_with_norm,0.7642635703086853,1.4862806797027588,-0.36100855469703674,1.125272125005722,Ouro RLTT local,34,
mean_without_norm,1.1976406574249268,2.014720916748047,-0.40854012966156006,1.6061807870864868,Ouro RLTT local,34,
attention_with_norm,2.2030751705169678,0.25363725423812866,0.9747189581394196,1.2283562123775482,Ouro RLTT local,35,
attention_without_norm,2.478120803833008,0.8692399859428406,0.8044404089450836,1.6736803948879242,Ouro RLTT local,35,
mean_with_norm,2.3474953174591064,0.26316606998443604,1.0421646237373352,1.3053306937217712,Ouro RLTT local,35,
mean_without_norm,2.6956186294555664,0.7419561743736267,0.9768312275409698,1.7187874019145966,Ouro RLTT local,35,
attention_with_norm,2.731975793838501,0.42035743594169617,1.1558091789484024,1.5761666148900986,Ouro RLTT local,36,
attention_without_norm,2.964104652404785,0.9274631142616272,1.018320769071579,1.9457838833332062,Ouro RLTT local,36,
mean_with_norm,2.7660436630249023,-0.004393479786813259,1.3852185714058578,1.3808250916190445,Ouro RLTT local,36,
mean_without_norm,3.0941593647003174,0.5123886466026306,1.2908853590488434,1.803274005651474,Ouro RLTT local,36,
attention_with_norm,1.722111463546753,0.7201403975486755,0.5009855329990387,1.2211259305477142,Ouro RLTT local,37,
attention_without_norm,2.0530121326446533,1.0973724126815796,0.47781985998153687,1.5751922726631165,Ouro RLTT local,37,
mean_with_norm,1.6669776439666748,0.9594980478286743,0.35373979806900024,1.3132378458976746,Ouro RLTT local,37,
mean_without_norm,1.9370390176773071,1.243066668510437,0.34698617458343506,1.590052843093872,Ouro RLTT local,37,
attention_with_norm,0.3692767918109894,2.276505708694458,-0.9536144584417343,1.3228912502527237,Ouro RLTT local,38,
attention_without_norm,1.3747247457504272,2.4159719944000244,-0.5206236243247986,1.8953483700752258,Ouro RLTT local,38,
mean_with_norm,0.7916666865348816,1.760049819946289,-0.48419156670570374,1.2758582532405853,Ouro RLTT local,38,
mean_without_norm,1.5118751525878906,2.075347423553467,-0.2817361354827881,1.7936112880706787,Ouro RLTT local,38,
attention_with_norm,0.9036286473274231,1.187697172164917,-0.14203426241874695,1.04566290974617,Ouro RLTT local,39,
attention_without_norm,1.2859745025634766,1.6639021635055542,-0.18896383047103882,1.4749383330345154,Ouro RLTT local,39,
mean_with_norm,0.6612726449966431,1.0685482025146484,-0.20363777875900269,0.8649104237556458,Ouro RLTT local,39,
mean_without_norm,0.9944475293159485,1.5105067491531372,-0.25802960991859436,1.2524771392345428,Ouro RLTT local,39,
attention_with_norm,3.478137254714966,-0.8630922436714172,2.1706147491931915,1.3075225055217743,Ouro RLTT local,40,
attention_without_norm,3.564316987991333,-0.285804808139801,1.925060898065567,1.639256089925766,Ouro RLTT local,40,
mean_with_norm,2.243563413619995,0.4830697774887085,0.8802468180656433,1.3633165955543518,Ouro RLTT local,40,
mean_without_norm,2.4966578483581543,0.8050053715705872,0.8458262383937836,1.6508316099643707,Ouro RLTT local,40,
attention_with_norm,0.08420656621456146,2.2517311573028564,-1.0837622955441475,1.167968861758709,Ouro RLTT local,41,
attention_without_norm,0.5946939587593079,2.6143429279327393,-1.0098244845867157,1.6045184433460236,Ouro RLTT local,41,
mean_with_norm,0.49564462900161743,1.297074556350708,-0.4007149636745453,0.8963595926761627,Ouro RLTT local,41,
mean_without_norm,0.6920768618583679,1.5860645771026611,-0.4469938576221466,1.1390707194805145,Ouro RLTT local,41,
attention_with_norm,-0.0251631960272789,2.2650036811828613,-1.1450834386050701,1.1199202425777912,Ouro RLTT local,42,
attention_without_norm,0.711961030960083,2.364834785461426,-0.8264368772506714,1.5383979082107544,Ouro RLTT local,42,
mean_with_norm,1.1635044813156128,0.6005153059959412,0.2814945876598358,0.882009893655777,Ouro RLTT local,42,
mean_without_norm,1.4482262134552002,0.92948317527771,0.2593715190887451,1.188854694366455,Ouro RLTT local,42,
attention_with_norm,2.3032586574554443,0.24305219948291779,1.0301032289862633,1.273155428469181,Ouro RLTT local,43,
attention_without_norm,2.488957643508911,1.3578449487686157,0.5655563473701477,1.9234012961387634,Ouro RLTT local,43,
mean_with_norm,2.749711036682129,-0.3103101849555969,1.530010610818863,1.219700425863266,Ouro RLTT local,43,
mean_without_norm,2.832747220993042,0.7602692246437073,1.0362389981746674,1.7965082228183746,Ouro RLTT local,43,
attention_with_norm,1.8725090026855469,0.3674194812774658,0.7525447607040405,1.1199642419815063,Ouro RLTT local,44,
attention_without_norm,2.145763397216797,1.4020946025848389,0.371834397315979,1.7739289999008179,Ouro RLTT local,44,
mean_with_norm,1.6603848934173584,0.6218173503875732,0.5192837715148926,1.1411011219024658,Ouro RLTT local,44,
mean_without_norm,2.0805747509002686,1.330165147781372,0.37520480155944824,1.7053699493408203,Ouro RLTT local,44,
attention_with_norm,-0.3157075047492981,2.573960542678833,-1.4448340237140656,1.1291265189647675,Ouro RLTT local,45,
attention_without_norm,0.8616727590560913,2.6381218433380127,-0.8882245421409607,1.749897301197052,Ouro RLTT local,45,
mean_with_norm,-0.2764529585838318,2.1086645126342773,-1.1925587356090546,0.9161057770252228,Ouro RLTT local,45,
mean_without_norm,0.16191650927066803,2.3645193576812744,-1.1013014242053032,1.2632179334759712,Ouro RLTT local,45,
attention_with_norm,0.8398796916007996,1.6238057613372803,-0.39196303486824036,1.23184272646904,Ouro RLTT local,46,
attention_without_norm,1.675788402557373,1.8856500387191772,-0.1049308180809021,1.7807192206382751,Ouro RLTT local,46,
mean_with_norm,-0.07996877282857895,1.998078465461731,-1.039023619145155,0.959054846316576,Ouro RLTT local,46,
mean_without_norm,1.152071237564087,2.341468572616577,-0.5946986675262451,1.746769905090332,Ouro RLTT local,46,
attention_with_norm,1.5250519514083862,1.5116074085235596,0.00672227144241333,1.518329679965973,Ouro RLTT local,47,
attention_without_norm,2.3245651721954346,1.7115544080734253,0.30650538206100464,2.01805979013443,Ouro RLTT local,47,
mean_with_norm,1.5054848194122314,1.3414033651351929,0.08204072713851929,1.4234440922737122,Ouro RLTT local,47,
mean_without_norm,2.2372467517852783,1.6910922527313232,0.27307724952697754,1.9641695022583008,Ouro RLTT local,47,
attention_with_norm,2.2327535152435303,-0.3965422511100769,1.3146478831768036,0.9181056320667267,Ouro RLTT local,48,
attention_without_norm,2.4886300563812256,0.4837278723716736,1.002451092004776,1.4861789643764496,Ouro RLTT local,48,
mean_with_norm,1.1077204942703247,0.7616135478019714,0.17305347323417664,0.9346670210361481,Ouro RLTT local,48,
mean_without_norm,1.8308274745941162,1.4052176475524902,0.212804913520813,1.6180225610733032,Ouro RLTT local,48,
attention_with_norm,1.7407591342926025,0.6395434737205505,0.550607830286026,1.1901513040065765,Ouro RLTT local,49,
attention_without_norm,2.162018060684204,1.6003402471542358,0.28083890676498413,1.88117915391922,Ouro RLTT local,49,
mean_with_norm,1.4876564741134644,0.909805178642273,0.2889256477355957,1.1987308263778687,Ouro RLTT local,49,
mean_without_norm,2.026522159576416,1.6612873077392578,0.1826174259185791,1.843904733657837,Ouro RLTT local,49,
attention_with_norm,2.0742170810699463,0.278014600276947,0.8981012403964996,1.1761158406734467,Ouro RLTT local,50,
attention_without_norm,2.317085027694702,1.1238714456558228,0.5966067910194397,1.7204782366752625,Ouro RLTT local,50,
mean_with_norm,0.9106656908988953,1.8399990797042847,-0.4646666944026947,1.37533238530159,Ouro RLTT local,50,
mean_without_norm,1.4837448596954346,2.198096513748169,-0.3571758270263672,1.8409206867218018,Ouro RLTT local,50,
attention_with_norm,1.010119915008545,1.3610055446624756,-0.17544281482696533,1.1855627298355103,Ouro RLTT local,51,
attention_without_norm,1.913783073425293,1.70759916305542,0.10309195518493652,1.8106911182403564,Ouro RLTT local,51,
mean_with_norm,1.6013786792755127,0.859627902507782,0.37087538838386536,1.2305032908916473,Ouro RLTT local,51,
mean_without_norm,2.1811141967773438,1.492912769317627,0.3441007137298584,1.8370134830474854,Ouro RLTT local,51,
attention_with_norm,0.36769068241119385,2.3246662616729736,-0.9784877896308899,1.3461784720420837,Ouro RLTT local,52,
attention_without_norm,1.231827735900879,2.5913069248199463,-0.6797395944595337,1.9115673303604126,Ouro RLTT local,52,
mean_with_norm,0.7789161801338196,1.6728183031082153,-0.4469510614871979,1.2258672416210175,Ouro RLTT local,52,
mean_without_norm,1.3994171619415283,2.1073386669158936,-0.3539607524871826,1.753377914428711,Ouro RLTT local,52,
attention_with_norm,1.9684650897979736,0.29417121410369873,0.8371469378471375,1.1313181519508362,Ouro RLTT local,53,
attention_without_norm,2.3583595752716064,1.20785653591156,0.5752515196800232,1.7831080555915833,Ouro RLTT local,53,
mean_with_norm,0.9911001324653625,1.344451904296875,-0.17667588591575623,1.1677760183811188,Ouro RLTT local,53,
mean_without_norm,1.6697413921356201,1.6827359199523926,-0.0064972639083862305,1.6762386560440063,Ouro RLTT local,53,
attention_with_norm,1.7811297178268433,1.7811297178268433,0.0,1.7811297178268433,Ouro RLTT local,54,
attention_without_norm,1.7811297178268433,1.7811297178268433,0.0,1.7811297178268433,Ouro RLTT local,54,
mean_with_norm,1.7811297178268433,1.7811297178268433,0.0,1.7811297178268433,Ouro RLTT local,54,
mean_without_norm,1.7811297178268433,1.7811297178268433,0.0,1.7811297178268433,Ouro RLTT local,54,
attention_with_norm,0.8679876923561096,1.5287073850631714,-0.3303598463535309,1.1983475387096405,Ouro RLTT local,55,
attention_without_norm,1.3132474422454834,1.873307704925537,-0.28003013134002686,1.5932775735855103,Ouro RLTT local,55,
mean_with_norm,0.23026376962661743,1.9675920009613037,-0.8686641156673431,1.0989278852939606,Ouro RLTT local,55,
mean_without_norm,0.5923599004745483,2.1707041263580322,-0.7891721129417419,1.3815320134162903,Ouro RLTT local,55,
attention_with_norm,0.11586248129606247,1.9186773300170898,-0.9014074243605137,1.0172699056565762,Ouro RLTT local,56,
attention_without_norm,0.8366907238960266,2.0696394443511963,-0.6164743602275848,1.4531650841236115,Ouro RLTT local,56,
mean_with_norm,1.0215059518814087,0.5255109071731567,0.24799752235412598,0.7735084295272827,Ouro RLTT local,56,
mean_without_norm,1.5555455684661865,0.8496689200401306,0.35293832421302795,1.2026072442531586,Ouro RLTT local,56,
attention_with_norm,4.4152913093566895,-0.9125285744667053,2.6639099419116974,1.751381367444992,Ouro RLTT local,57,
attention_without_norm,4.459640979766846,-0.5309496521949768,2.4952953159809113,1.9643456637859344,Ouro RLTT local,57,
mean_with_norm,3.5732991695404053,-0.19832256436347961,1.8858108669519424,1.6874883025884628,Ouro RLTT local,57,
mean_without_norm,3.6327364444732666,0.18672813475131989,1.7230041548609734,1.9097322896122932,Ouro RLTT local,57,
attention_with_norm,0.4260810613632202,1.91043221950531,-0.7421755790710449,1.1682566404342651,Ouro RLTT local,58,
attention_without_norm,1.2407217025756836,2.244159460067749,-0.5017188787460327,1.7424405813217163,Ouro RLTT local,58,
mean_with_norm,0.30942797660827637,2.0672097206115723,-0.878890872001648,1.1883188486099243,Ouro RLTT local,58,
mean_without_norm,1.077769160270691,2.3264760971069336,-0.6243534684181213,1.7021226286888123,Ouro RLTT local,58,
attention_with_norm,0.0035676294937729836,2.8213977813720703,-1.4089150759391487,1.4124827054329216,Ouro RLTT local,59,
attention_without_norm,1.3523285388946533,2.5221543312072754,-0.584912896156311,1.9372414350509644,Ouro RLTT local,59,
mean_with_norm,-0.13267751038074493,2.459357261657715,-1.2960173860192299,1.163339875638485,Ouro RLTT local,59,
mean_without_norm,1.2645761966705322,2.5369155406951904,-0.6361696720123291,1.9007458686828613,Ouro RLTT local,59,
attention_with_norm,1.3004364967346191,1.107814073562622,0.09631121158599854,1.2041252851486206,Ouro RLTT local,60,
attention_without_norm,1.8888275623321533,1.739984393119812,0.07442158460617065,1.8144059777259827,Ouro RLTT local,60,
mean_with_norm,1.1324126720428467,1.442873477935791,-0.15523040294647217,1.2876430749893188,Ouro RLTT local,60,
mean_without_norm,1.8068113327026367,1.8873810768127441,-0.04028487205505371,1.8470962047576904,Ouro RLTT local,60,
attention_with_norm,1.8804681301116943,0.47787487506866455,0.7012966275215149,1.1791715025901794,Ouro RLTT local,61,
attention_without_norm,2.343487024307251,1.3072339296340942,0.5181265473365784,1.8253604769706726,Ouro RLTT local,61,
mean_with_norm,0.8112602829933167,1.533390760421753,-0.36106523871421814,1.1723255217075348,Ouro RLTT local,61,
mean_without_norm,1.4344557523727417,2.0817654132843018,-0.32365483045578003,1.7581105828285217,Ouro RLTT local,61,
attention_with_norm,0.5075236558914185,2.226447105407715,-0.8594617247581482,1.3669853806495667,Ouro RLTT local,62,
attention_without_norm,0.9333899021148682,2.535198211669922,-0.8009041547775269,1.734294056892395,Ouro RLTT local,62,
mean_with_norm,0.3570600152015686,1.5875155925750732,-0.6152277886867523,0.9722878038883209,Ouro RLTT local,62,
mean_without_norm,0.7839358448982239,1.7528839111328125,-0.4844740331172943,1.2684098780155182,Ouro RLTT local,62,
attention_with_norm,2.7503268718719482,0.03262954205274582,1.3588486649096012,1.391478206962347,Ouro RLTT local,63,
attention_without_norm,2.6647698879241943,1.3549554347991943,0.6549072265625,2.0098626613616943,Ouro RLTT local,63,
mean_with_norm,2.614832639694214,-0.38588616251945496,1.5003594011068344,1.1144732385873795,Ouro RLTT local,63,
mean_without_norm,2.617243766784668,1.2013084888458252,0.7079676389694214,1.9092761278152466,Ouro RLTT local,63,
attention_with_norm,1.9760626554489136,0.65322345495224,0.6614196002483368,1.3146430552005768,Ouro RLTT local,64,
attention_without_norm,2.035820245742798,1.5998164415359497,0.21800190210342407,1.8178183436393738,Ouro RLTT local,64,
mean_with_norm,1.5411299467086792,1.2496953010559082,0.1457173228263855,1.3954126238822937,Ouro RLTT local,64,
mean_without_norm,2.1529018878936768,1.6958811283111572,0.22851037979125977,1.924391508102417,Ouro RLTT local,64,
attention_with_norm,1.586432933807373,0.8889145255088806,0.3487592041492462,1.2376737296581268,Ouro RLTT local,65,
attention_without_norm,2.0450828075408936,1.454791784286499,0.29514551162719727,1.7499372959136963,Ouro RLTT local,65,
mean_with_norm,1.758479356765747,0.36061686277389526,0.6989312469959259,1.0595481097698212,Ouro RLTT local,65,
mean_without_norm,2.0828843116760254,0.6888248324394226,0.6970297396183014,1.385854572057724,Ouro RLTT local,65,
attention_with_norm,2.187594175338745,0.1291486918926239,1.0292227417230606,1.1583714336156845,Ouro RLTT local,66,
attention_without_norm,2.4466679096221924,1.3479182720184326,0.5493748188018799,1.8972930908203125,Ouro RLTT local,66,
mean_with_norm,2.2119295597076416,-0.011265902779996395,1.111597731243819,1.1003318284638226,Ouro RLTT local,66,
mean_without_norm,2.2879574298858643,1.3471006155014038,0.4704284071922302,1.817529022693634,Ouro RLTT local,66,
attention_with_norm,1.7811297178268433,1.7811297178268433,0.0,1.7811297178268433,Ouro RLTT local,67,
attention_without_norm,1.7811297178268433,1.7811297178268433,0.0,1.7811297178268433,Ouro RLTT local,67,
mean_with_norm,1.7811297178268433,1.7811297178268433,0.0,1.7811297178268433,Ouro RLTT local,67,
mean_without_norm,1.7811297178268433,1.7811297178268433,0.0,1.7811297178268433,Ouro RLTT local,67,
attention_with_norm,2.0623066425323486,0.3829329311847687,0.83968685567379,1.2226197868585587,Ouro RLTT local,68,
attention_without_norm,2.411264657974243,1.228114128112793,0.5915752649307251,1.819689393043518,Ouro RLTT local,68,
mean_with_norm,1.3861372470855713,0.8349750638008118,0.27558109164237976,1.1105561554431915,Ouro RLTT local,68,
mean_without_norm,1.8890827894210815,1.3483130931854248,0.27038484811782837,1.6186979413032532,Ouro RLTT local,68,
attention_with_norm,0.7091259956359863,2.1157402992248535,-0.7033071517944336,1.41243314743042,Ouro RLTT local,69,
attention_without_norm,1.529831886291504,2.3567066192626953,-0.4134373664855957,1.9432692527770996,Ouro RLTT local,69,
mean_with_norm,0.050121456384658813,2.580355405807495,-1.2651169747114182,1.315238431096077,Ouro RLTT local,69,
mean_without_norm,0.9016097187995911,2.8136699199676514,-0.9560301005840302,1.8576398193836212,Ouro RLTT local,69,
attention_with_norm,1.9847393035888672,0.44130921363830566,0.7717150449752808,1.2130242586135864,Ouro RLTT local,70,
attention_without_norm,2.326706886291504,1.44159734249115,0.442554771900177,1.884152114391327,Ouro RLTT local,70,
mean_with_norm,1.3585011959075928,0.885091245174408,0.2367049753665924,1.1217962205410004,Ouro RLTT local,70,
mean_without_norm,1.989853024482727,1.4452402591705322,0.2723063826560974,1.7175466418266296,Ouro RLTT local,70,
attention_with_norm,1.7811297178268433,1.7811297178268433,0.0,1.7811297178268433,Ouro RLTT local,71,
attention_without_norm,1.7811297178268433,1.7811297178268433,0.0,1.7811297178268433,Ouro RLTT local,71,
mean_with_norm,1.7811297178268433,1.7811297178268433,0.0,1.7811297178268433,Ouro RLTT local,71,
mean_without_norm,1.7811297178268433,1.7811297178268433,0.0,1.7811297178268433,Ouro RLTT local,71,
attention_with_norm,1.1001391410827637,0.4231241047382355,0.3385075181722641,0.7616316229104996,Ouro RLTT local,72,
attention_without_norm,1.9018396139144897,1.3320269584655762,0.2849063277244568,1.616933286190033,Ouro RLTT local,72,
mean_with_norm,1.8735404014587402,-0.1470971405506134,1.0103187710046768,0.8632216304540634,Ouro RLTT local,72,
mean_without_norm,2.338395357131958,0.9073979258537292,0.7154987156391144,1.6228966414928436,Ouro RLTT local,72,
attention_with_norm,1.0006370544433594,1.3580622673034668,-0.1787126064300537,1.179349660873413,Ouro RLTT local,73,
attention_without_norm,1.5433331727981567,2.0850021839141846,-0.2708345055580139,1.8141676783561707,Ouro RLTT local,73,
mean_with_norm,1.1399980783462524,1.6966023445129395,-0.2783021330833435,1.418300211429596,Ouro RLTT local,73,
mean_without_norm,1.6703481674194336,2.303626775741577,-0.3166393041610718,1.9869874715805054,Ouro RLTT local,73,
attention_with_norm,1.8951197862625122,0.5142173767089844,0.6904512047767639,1.2046685814857483,Ouro RLTT local,74,
attention_without_norm,2.306567430496216,1.4183489084243774,0.4441092610359192,1.8624581694602966,Ouro RLTT local,74,
mean_with_norm,1.412797451019287,0.8951740860939026,0.25881168246269226,1.1539857685565948,Ouro RLTT local,74,
mean_without_norm,2.0319948196411133,1.470292329788208,0.28085124492645264,1.7511435747146606,Ouro RLTT local,74,
attention_with_norm,3.2073535919189453,-0.5094683170318604,1.8584109544754028,1.3489426374435425,Ouro RLTT local,75,
attention_without_norm,3.3795361518859863,-0.048832766711711884,1.714184459298849,1.6653516925871372,Ouro RLTT local,75,
mean_with_norm,3.201871633529663,-0.48641467094421387,1.8441431522369385,1.3577284812927246,Ouro RLTT local,75,
mean_without_norm,3.2634875774383545,-0.22582311928272247,1.7446553483605385,1.518832229077816,Ouro RLTT local,75,
attention_with_norm,1.2645907402038574,0.6932492256164551,0.28567075729370117,0.9789199829101562,Ouro RLTT local,76,
attention_without_norm,1.9060739278793335,1.6542561054229736,0.12590891122817993,1.7801650166511536,Ouro RLTT local,76,
mean_with_norm,1.2572884559631348,0.6797873377799988,0.288750559091568,0.9685378968715668,Ouro RLTT local,76,
mean_without_norm,1.7101891040802002,1.7804758548736572,-0.035143375396728516,1.7453324794769287,Ouro RLTT local,76,
attention_with_norm,2.155594825744629,0.4322125315666199,0.8616911470890045,1.2939036786556244,Ouro RLTT local,77,
attention_without_norm,2.315152883529663,0.6845734715461731,0.815289705991745,1.499863177537918,Ouro RLTT local,77,
mean_with_norm,1.462367057800293,0.9283387660980225,0.26701414585113525,1.1953529119491577,Ouro RLTT local,77,
mean_without_norm,1.7014415264129639,1.1814861297607422,0.25997769832611084,1.441463828086853,Ouro RLTT local,77,
attention_with_norm,0.7471864819526672,1.9086334705352783,-0.5807234942913055,1.3279099762439728,Ouro RLTT local,78,
attention_without_norm,1.6414532661437988,2.1867287158966064,-0.2726377248764038,1.9140909910202026,Ouro RLTT local,78,
mean_with_norm,1.1279460191726685,1.213929295539856,-0.04299163818359375,1.1709376573562622,Ouro RLTT local,78,
mean_without_norm,1.9331705570220947,1.7542977333068848,0.08943641185760498,1.8437341451644897,Ouro RLTT local,78,
attention_with_norm,1.6263535022735596,0.48902061581611633,0.5686664432287216,1.057687059044838,Ouro RLTT local,79,
attention_without_norm,2.014369010925293,1.5708458423614502,0.2217615842819214,1.7926074266433716,Ouro RLTT local,79,
mean_with_norm,1.7812199592590332,0.2783198058605194,0.7514500766992569,1.0297698825597763,Ouro RLTT local,79,
mean_without_norm,2.119701623916626,1.3962650299072266,0.3617182970046997,1.7579833269119263,Ouro RLTT local,79,
attention_with_norm,2.806375741958618,-0.1461724191904068,1.4762740805745125,1.3301016613841057,Ouro RLTT local,80,
attention_without_norm,3.0497310161590576,0.20420897006988525,1.4227610230445862,1.6269699931144714,Ouro RLTT local,80,
mean_with_norm,2.204202890396118,0.007087220437824726,1.0985578349791467,1.1056450554169714,Ouro RLTT local,80,
mean_without_norm,2.3857226371765137,0.3549644351005554,1.0153791010379791,1.3703435361385345,Ouro RLTT local,80,
attention_with_norm,1.1676421165466309,1.9369654655456543,-0.3846616744995117,1.5523037910461426,Ouro RLTT local,81,
attention_without_norm,1.6584234237670898,2.4016377925872803,-0.3716071844100952,2.030030608177185,Ouro RLTT local,81,
mean_with_norm,0.8014262914657593,1.923892855644226,-0.5612332820892334,1.3626595735549927,Ouro RLTT local,81,
mean_without_norm,1.4997609853744507,2.2098495960235596,-0.35504430532455444,1.8548052906990051,Ouro RLTT local,81,
attention_with_norm,1.841106653213501,0.644433319568634,0.5983366668224335,1.2427699863910675,Ouro RLTT local,82,
attention_without_norm,2.1008145809173584,1.2220501899719238,0.4393821954727173,1.6614323854446411,Ouro RLTT local,82,
mean_with_norm,2.157799482345581,0.4005127549171448,0.8786433637142181,1.279156118631363,Ouro RLTT local,82,
mean_without_norm,2.3763363361358643,0.8511309027671814,0.7626027166843414,1.6137336194515228,Ouro RLTT local,82,
attention_with_norm,2.6324548721313477,0.20804138481616974,1.212206743657589,1.4202481284737587,Ouro RLTT local,83,
attention_without_norm,3.0319225788116455,0.7784654498100281,1.1267285645008087,1.9051940143108368,Ouro RLTT local,83,
mean_with_norm,2.178792715072632,0.2786198556423187,0.9500864297151566,1.2287062853574753,Ouro RLTT local,83,
mean_without_norm,2.4420318603515625,0.7090044617652893,0.8665136992931366,1.575518161058426,Ouro RLTT local,83,
attention_with_norm,1.6010576486587524,1.0879818201065063,0.25653791427612305,1.3445197343826294,Ouro RLTT local,84,
attention_without_norm,1.9718226194381714,1.7057490348815918,0.1330367922782898,1.8387858271598816,Ouro RLTT local,84,
mean_with_norm,1.0614190101623535,1.2837976217269897,-0.11118930578231812,1.1726083159446716,Ouro RLTT local,84,
mean_without_norm,1.3461750745773315,1.8851534128189087,-0.2694891691207886,1.6156642436981201,Ouro RLTT local,84,
attention_with_norm,2.629729986190796,0.24861085414886475,1.1905595660209656,1.4391704201698303,Ouro RLTT local,85,
attention_without_norm,2.763679265975952,0.568548321723938,1.097565472126007,1.666113793849945,Ouro RLTT local,85,
mean_with_norm,2.7176191806793213,0.4731214940547943,1.1222488433122635,1.5953703373670578,Ouro RLTT local,85,
mean_without_norm,2.852033853530884,0.7678424715995789,1.0420956909656525,1.8099381625652313,Ouro RLTT local,85,
attention_with_norm,3.2215025424957275,-0.3391951322555542,1.7803488373756409,1.4411537051200867,Ouro RLTT local,86,
attention_without_norm,3.359078884124756,0.6026561260223389,1.3782113790512085,1.9808675050735474,Ouro RLTT local,86,
mean_with_norm,2.112013578414917,-0.12623797357082367,1.1191257759928703,0.9928878024220467,Ouro RLTT local,86,
mean_without_norm,2.5080502033233643,0.8696117401123047,0.8192192316055298,1.6888309717178345,Ouro RLTT local,86,
attention_with_norm,2.8233437538146973,-0.3841552138328552,1.6037494838237762,1.219594269990921,Ouro RLTT local,87,
attention_without_norm,3.1142280101776123,0.22944298386573792,1.4423925131559372,1.671835497021675,Ouro RLTT local,87,
mean_with_norm,3.1118876934051514,-0.6249247193336487,1.8684062063694,1.2434814870357513,Ouro RLTT local,87,
mean_without_norm,3.3181679248809814,-0.1442616730928421,1.7312147989869118,1.5869531258940697,Ouro RLTT local,87,
attention_with_norm,0.9035528302192688,1.5278958082199097,-0.31217148900032043,1.2157243192195892,Ouro RLTT local,88,
attention_without_norm,1.632578730583191,1.9210987091064453,-0.1442599892616272,1.7768387198448181,Ouro RLTT local,88,
mean_with_norm,0.8439740538597107,1.2579739093780518,-0.20699992775917053,1.0509739816188812,Ouro RLTT local,88,
mean_without_norm,1.4974788427352905,1.8549422025680542,-0.17873167991638184,1.6762105226516724,Ouro RLTT local,88,
attention_with_norm,1.7811297178268433,1.7811297178268433,0.0,1.7811297178268433,Ouro RLTT local,89,
attention_without_norm,1.7811297178268433,1.7811297178268433,0.0,1.7811297178268433,Ouro RLTT local,89,
mean_with_norm,1.7811297178268433,1.7811297178268433,0.0,1.7811297178268433,Ouro RLTT local,89,
mean_without_norm,1.7811297178268433,1.7811297178268433,0.0,1.7811297178268433,Ouro RLTT local,89,
attention_with_norm,2.2757301330566406,0.21956537663936615,1.0280823782086372,1.2476477548480034,Ouro RLTT local,90,
attention_without_norm,2.550168037414551,0.7272778749465942,0.9114450812339783,1.6387229561805725,Ouro RLTT local,90,
mean_with_norm,1.5249229669570923,0.6357601881027222,0.44458138942718506,1.0803415775299072,Ouro RLTT local,90,
mean_without_norm,1.7436847686767578,0.953568696975708,0.3950580358505249,1.348626732826233,Ouro RLTT local,90,
attention_with_norm,1.6226038932800293,0.7576020359992981,0.4325009286403656,1.1901029646396637,Ouro RLTT local,91,
attention_without_norm,2.126171827316284,1.5263642072677612,0.2999038100242615,1.8262680172920227,Ouro RLTT local,91,
mean_with_norm,1.563969373703003,0.7796956896781921,0.3921368420124054,1.1718325316905975,Ouro RLTT local,91,
mean_without_norm,2.3075928688049316,1.3652267456054688,0.47118306159973145,1.8364098072052002,Ouro RLTT local,91,
attention_with_norm,2.411792755126953,0.43652960658073425,0.9876315742731094,1.4241611808538437,Ouro RLTT local,92,
attention_without_norm,2.791152000427246,1.0581679344177246,0.8664920330047607,1.9246599674224854,Ouro RLTT local,92,
mean_with_norm,1.940988540649414,0.3923781216144562,0.7743052095174789,1.1666833311319351,Ouro RLTT local,92,
mean_without_norm,2.2706143856048584,1.1396732330322266,0.5654705762863159,1.7051438093185425,Ouro RLTT local,92,
attention_with_norm,-0.9914443492889404,3.2327444553375244,-2.1120944023132324,1.120650053024292,Ouro RLTT local,93,
attention_without_norm,-0.7211346626281738,3.344966173171997,-2.0330504179000854,1.3119157552719116,Ouro RLTT local,93,
mean_with_norm,0.05953493341803551,2.0492725372314453,-0.9948688019067049,1.0544037353247404,Ouro RLTT local,93,
mean_without_norm,0.28902116417884827,2.199803590774536,-0.9553912132978439,1.2444123774766922,Ouro RLTT local,93,
attention_with_norm,0.9165943264961243,1.5010310411453247,-0.2922183573246002,1.2088126838207245,Ouro RLTT local,94,
attention_without_norm,1.7707090377807617,1.8876240253448486,-0.05845749378204346,1.8291665315628052,Ouro RLTT local,94,
mean_with_norm,1.1509206295013428,1.5068070888519287,-0.17794322967529297,1.3288638591766357,Ouro RLTT local,94,
mean_without_norm,1.864892840385437,1.8464571237564087,0.00921785831451416,1.8556749820709229,Ouro RLTT local,94,
attention_with_norm,2.51192307472229,0.40020352602005005,1.05585977435112,1.45606330037117,Ouro RLTT local,95,
attention_without_norm,2.7973015308380127,1.146235466003418,0.8255330324172974,1.9717684984207153,Ouro RLTT local,95,
mean_with_norm,2.268923044204712,0.45752498507499695,0.9056990295648575,1.3632240146398544,Ouro RLTT local,95,
mean_without_norm,2.558756113052368,0.9604483246803284,0.7991538941860199,1.7596022188663483,Ouro RLTT local,95,
attention_with_norm,0.6340190768241882,2.4739134311676025,-0.9199471771717072,1.5539662539958954,Ouro RLTT local,96,
attention_without_norm,1.6538527011871338,1.966230869293213,-0.15618908405303955,1.8100417852401733,Ouro RLTT local,96,
mean_with_norm,0.6357278823852539,2.0811080932617188,-0.7226901054382324,1.3584179878234863,Ouro RLTT local,96,
mean_without_norm,1.5732730627059937,2.2501227855682373,-0.3384248614311218,1.9116979241371155,Ouro RLTT local,96,
attention_with_norm,2.829941749572754,-0.5550857186317444,1.6925137341022491,1.1374280154705048,Ouro RLTT local,97,
attention_without_norm,2.9239156246185303,0.6037302613258362,1.160092681646347,1.7638229429721832,Ouro RLTT local,97,
mean_with_norm,2.061325788497925,0.186922088265419,0.9372018501162529,1.124123938381672,Ouro RLTT local,97,
mean_without_norm,2.381176233291626,0.9103901982307434,0.7353930175304413,1.6457832157611847,Ouro RLTT local,97,
attention_with_norm,1.5110528469085693,0.7235725522041321,0.39374014735221863,1.1173126995563507,Ouro RLTT local,98,
attention_without_norm,1.8208034038543701,1.2353931665420532,0.29270511865615845,1.5280982851982117,Ouro RLTT local,98,
mean_with_norm,1.0420695543289185,1.140339732170105,-0.04913508892059326,1.0912046432495117,Ouro RLTT local,98,
mean_without_norm,1.4750638008117676,1.5687716007232666,-0.04685389995574951,1.521917700767517,Ouro RLTT local,98,
attention_with_norm,1.1668517589569092,1.3757387399673462,-0.1044434905052185,1.2712952494621277,Ouro RLTT local,99,
attention_without_norm,1.5068793296813965,1.7027056217193604,-0.09791314601898193,1.6047924757003784,Ouro RLTT local,99,
mean_with_norm,0.8445038199424744,1.4340932369232178,-0.2947947084903717,1.139298528432846,Ouro RLTT local,99,
mean_without_norm,1.1003528833389282,1.794453740119934,-0.34705042839050293,1.4474033117294312,Ouro RLTT local,99,
attention_with_norm,0.6595613956451416,1.6184464693069458,-0.4794425368309021,1.1390039324760437,Ouro RLTT local,100,
attention_without_norm,1.29067063331604,1.8975006341934204,-0.3034150004386902,1.5940856337547302,Ouro RLTT local,100,
mean_with_norm,0.6859219670295715,1.0197675228118896,-0.16692277789115906,0.8528447449207306,Ouro RLTT local,100,
mean_without_norm,1.0932180881500244,1.2650551795959473,-0.08591854572296143,1.1791366338729858,Ouro RLTT local,100,
attention_with_norm,0.9099310636520386,1.1697120666503906,-0.12989050149917603,1.0398215651512146,Ouro RLTT local,101,
attention_without_norm,1.6278636455535889,1.8462281227111816,-0.10918223857879639,1.7370458841323853,Ouro RLTT local,101,
mean_with_norm,0.39985549449920654,1.7331961393356323,-0.6666703224182129,1.0665258169174194,Ouro RLTT local,101,
mean_without_norm,1.1845121383666992,2.0913023948669434,-0.45339512825012207,1.6379072666168213,Ouro RLTT local,101,
attention_with_norm,1.3679362535476685,1.2232080698013306,0.07236409187316895,1.2955721616744995,Ouro RLTT local,102,
attention_without_norm,1.8745375871658325,1.7710765600204468,0.05173051357269287,1.8228070735931396,Ouro RLTT local,102,
mean_with_norm,1.200793743133545,1.0587279796600342,0.07103288173675537,1.1297608613967896,Ouro RLTT local,102,
mean_without_norm,1.6639257669448853,1.6539428234100342,0.004991471767425537,1.6589342951774597,Ouro RLTT local,102,
attention_with_norm,2.151021957397461,0.14835454523563385,1.0013337060809135,1.1496882513165474,Ouro RLTT local,103,
attention_without_norm,2.6682965755462646,0.8556696772575378,0.9063134491443634,1.7619831264019012,Ouro RLTT local,103,
mean_with_norm,2.19602370262146,0.3677927255630493,0.9141154885292053,1.2819082140922546,Ouro RLTT local,103,
mean_without_norm,2.6660406589508057,0.8568851947784424,0.9045777320861816,1.761462926864624,Ouro RLTT local,103,
attention_with_norm,1.2746564149856567,1.8146610260009766,-0.2700023055076599,1.5446587204933167,Ouro RLTT local,104,
attention_without_norm,1.7367768287658691,1.9517450332641602,-0.10748410224914551,1.8442609310150146,Ouro RLTT local,104,
mean_with_norm,1.7887364625930786,1.1611758470535278,0.3137803077697754,1.4749561548233032,Ouro RLTT local,104,
mean_without_norm,2.0567595958709717,1.8321746587753296,0.11229246854782104,1.9444671273231506,Ouro RLTT local,104,
attention_with_norm,1.953505516052246,0.7925533056259155,0.5804761052131653,1.3730294108390808,Ouro RLTT local,105,
attention_without_norm,2.392038106918335,1.473098874092102,0.45946961641311646,1.9325684905052185,Ouro RLTT local,105,
mean_with_norm,1.3478262424468994,1.2134732007980347,0.06717652082443237,1.280649721622467,Ouro RLTT local,105,
mean_without_norm,1.90065598487854,1.733356237411499,0.08364987373352051,1.8170061111450195,Ouro RLTT local,105,
attention_with_norm,2.6895956993103027,-0.08231837302446365,1.3859570361673832,1.3036386631429195,Ouro RLTT local,106,
attention_without_norm,2.9754068851470947,0.541753351688385,1.2168267667293549,1.7585801184177399,Ouro RLTT local,106,
mean_with_norm,2.088409900665283,-0.32259127497673035,1.2055005878210068,0.8829093128442764,Ouro RLTT local,106,
mean_without_norm,2.3875834941864014,0.17592953145503998,1.1058269813656807,1.2817565128207207,Ouro RLTT local,106,
attention_with_norm,1.7811297178268433,1.7811297178268433,0.0,1.7811297178268433,Ouro RLTT local,107,
attention_without_norm,1.7811297178268433,1.7811297178268433,0.0,1.7811297178268433,Ouro RLTT local,107,
mean_with_norm,1.7811297178268433,1.7811297178268433,0.0,1.7811297178268433,Ouro RLTT local,107,
mean_without_norm,1.7811297178268433,1.7811297178268433,0.0,1.7811297178268433,Ouro RLTT local,107,
attention_with_norm,2.1648519039154053,0.6071228384971619,0.7788645327091217,1.3859873712062836,Ouro RLTT local,108,
attention_without_norm,2.4913322925567627,0.8310341835021973,0.8301490545272827,1.66118323802948,Ouro RLTT local,108,
mean_with_norm,1.6507798433303833,1.1287823915481567,0.2609987258911133,1.38978111743927,Ouro RLTT local,108,
mean_without_norm,2.040433645248413,1.4287657737731934,0.30583393573760986,1.7345997095108032,Ouro RLTT local,108,
attention_with_norm,0.8336412906646729,1.2620785236358643,-0.2142186164855957,1.0478599071502686,Ouro RLTT local,109,
attention_without_norm,1.2493056058883667,1.888610601425171,-0.3196524977684021,1.5689581036567688,Ouro RLTT local,109,
mean_with_norm,0.8825284838676453,1.2778466939926147,-0.19765910506248474,1.08018758893013,Ouro RLTT local,109,
mean_without_norm,1.2395964860916138,1.686452865600586,-0.22342818975448608,1.4630246758460999,Ouro RLTT local,109,
attention_with_norm,1.9547455310821533,1.505561113357544,0.2245922088623047,1.7301533222198486,Ouro RLTT local,110,
attention_without_norm,2.4097516536712646,1.7023072242736816,0.3537222146987915,2.056029438972473,Ouro RLTT local,110,
mean_with_norm,2.135138750076294,1.226672649383545,0.4542330503463745,1.6809056997299194,Ouro RLTT local,110,
mean_without_norm,2.476545572280884,1.4635264873504639,0.50650954246521,1.9700360298156738,Ouro RLTT local,110,
attention_with_norm,0.427451491355896,1.9958643913269043,-0.7842064499855042,1.2116579413414001,Ouro RLTT local,111,
attention_without_norm,1.3062503337860107,2.326038122177124,-0.5098938941955566,1.8161442279815674,Ouro RLTT local,111,
mean_with_norm,-0.0002152537927031517,2.1471383571624756,-1.0736768054775894,1.0734615516848862,Ouro RLTT local,111,
mean_without_norm,1.1973607540130615,2.329972505569458,-0.5663058757781982,1.7636666297912598,Ouro RLTT local,111,
attention_with_norm,1.6951825618743896,1.066192865371704,0.3144948482513428,1.3806877136230469,Ouro RLTT local,112,
attention_without_norm,1.9289628267288208,1.4144093990325928,0.257276713848114,1.6716861128807068,Ouro RLTT local,112,
mean_with_norm,1.4504806995391846,0.9490601420402527,0.25071027874946594,1.1997704207897186,Ouro RLTT local,112,
mean_without_norm,1.712753176689148,1.2245488166809082,0.24410218000411987,1.468650996685028,Ouro RLTT local,112,
attention_with_norm,0.5354887843132019,1.1452345848083496,-0.30487290024757385,0.8403616845607758,Ouro RLTT local,113,
attention_without_norm,1.1215667724609375,1.6312516927719116,-0.25484246015548706,1.3764092326164246,Ouro RLTT local,113,
mean_with_norm,1.5525140762329102,0.2452007681131363,0.6536566540598869,0.8988574221730232,Ouro RLTT local,113,
mean_without_norm,1.8570654392242432,0.7211810350418091,0.567942202091217,1.2891232371330261,Ouro RLTT local,113,
attention_with_norm,1.7811297178268433,1.7811297178268433,0.0,1.7811297178268433,Ouro RLTT local,114,
attention_without_norm,1.7811297178268433,1.7811297178268433,0.0,1.7811297178268433,Ouro RLTT local,114,
mean_with_norm,1.7811297178268433,1.7811297178268433,0.0,1.7811297178268433,Ouro RLTT local,114,
mean_without_norm,1.7811297178268433,1.7811297178268433,0.0,1.7811297178268433,Ouro RLTT local,114,
attention_with_norm,2.207716941833496,0.5876750349998474,0.8100209534168243,1.3976959884166718,Ouro RLTT local,115,
attention_without_norm,2.410041332244873,1.5484744310379028,0.4307834506034851,1.979257881641388,Ouro RLTT local,115,
mean_with_norm,1.9476873874664307,0.722257673740387,0.6127148568630219,1.3349725306034088,Ouro RLTT local,115,
mean_without_norm,2.3928608894348145,1.4827451705932617,0.45505785942077637,1.937803030014038,Ouro RLTT local,115,
attention_with_norm,1.9336981773376465,0.8052977323532104,0.564200222492218,1.3694979548454285,Ouro RLTT local,116,
attention_without_norm,2.241297960281372,1.178876519203186,0.531210720539093,1.710087239742279,Ouro RLTT local,116,
mean_with_norm,0.643089771270752,1.3970544338226318,-0.37698233127593994,1.020072102546692,Ouro RLTT local,116,
mean_without_norm,1.0513454675674438,1.691727638244629,-0.32019108533859253,1.3715365529060364,Ouro RLTT local,116,
attention_with_norm,2.832836389541626,-0.09797181934118271,1.4654041044414043,1.3674322851002216,Ouro RLTT local,117,
attention_without_norm,3.1293864250183105,0.8054828643798828,1.1619517803192139,1.9674346446990967,Ouro RLTT local,117,
mean_with_norm,2.5758373737335205,-0.04694342613220215,1.3113903999328613,1.2644469738006592,Ouro RLTT local,117,
mean_without_norm,2.9658257961273193,0.8200147747993469,1.0729055106639862,1.8929202854633331,Ouro RLTT local,117,
attention_with_norm,-0.34679627418518066,2.0151829719543457,-1.1809896230697632,0.8341933488845825,Ouro RLTT local,118,
attention_without_norm,1.2111338376998901,2.2974061965942383,-0.5431361794471741,1.7542700171470642,Ouro RLTT local,118,
mean_with_norm,0.07679394632577896,1.9532333612442017,-0.9382197074592113,1.0150136537849903,Ouro RLTT local,118,
mean_without_norm,1.0629006624221802,2.393563985824585,-0.6653316617012024,1.7282323241233826,Ouro RLTT local,118,
attention_with_norm,-0.26781243085861206,2.786330223083496,-1.527071326971054,1.259258896112442,Ouro RLTT local,119,
attention_without_norm,0.03236401826143265,3.0340054035186768,-1.500820692628622,1.5331847108900547,Ouro RLTT local,119,
mean_with_norm,-0.4015706181526184,2.2551329135894775,-1.328351765871048,0.9267811477184296,Ouro RLTT local,119,
mean_without_norm,0.009156339801847935,2.5172839164733887,-1.2540637883357704,1.2632201281376183,Ouro RLTT local,119,
attention_with_norm,1.0426208972930908,1.7650377750396729,-0.361208438873291,1.4038293361663818,Ouro RLTT local,120,
attention_without_norm,1.3845208883285522,2.1785528659820557,-0.3970159888267517,1.781536877155304,Ouro RLTT local,120,
mean_with_norm,1.3252662420272827,1.3600687980651855,-0.017401278018951416,1.3426675200462341,Ouro RLTT local,120,
mean_without_norm,1.682226300239563,1.854397177696228,-0.08608543872833252,1.7683117389678955,Ouro RLTT local,120,
attention_with_norm,1.717536211013794,0.9333153963088989,0.3921104073524475,1.3254258036613464,Ouro RLTT local,121,
attention_without_norm,1.8530560731887817,1.3020830154418945,0.2754865288734436,1.5775695443153381,Ouro RLTT local,121,
mean_with_norm,1.9886419773101807,0.35641977190971375,0.8161111027002335,1.1725308746099472,Ouro RLTT local,121,
mean_without_norm,2.1897833347320557,0.8403987288475037,0.674692302942276,1.5150910317897797,Ouro RLTT local,121,
attention_with_norm,2.6577179431915283,0.48508912324905396,1.0863144099712372,1.5714035332202911,Ouro RLTT local,122,
attention_without_norm,2.918858289718628,0.9733052849769592,0.9727765023708344,1.9460817873477936,Ouro RLTT local,122,
mean_with_norm,1.7878761291503906,0.7758516073226929,0.5060122609138489,1.2818638682365417,Ouro RLTT local,122,
mean_without_norm,2.0891034603118896,1.1682047843933105,0.46044933795928955,1.6286541223526,Ouro RLTT local,122,
attention_with_norm,1.587360143661499,0.4133431017398834,0.5870085209608078,1.0003516227006912,Ouro RLTT local,123,
attention_without_norm,1.982621431350708,0.9345743060112,0.524023562669754,1.458597868680954,Ouro RLTT local,123,
mean_with_norm,1.3141618967056274,0.4128691852092743,0.4506463557481766,0.8635155409574509,Ouro RLTT local,123,
mean_without_norm,1.6891785860061646,0.8924676775932312,0.3983554542064667,1.2908231317996979,Ouro RLTT local,123,
attention_with_norm,1.79832923412323,0.762473464012146,0.517927885055542,1.280401349067688,Ouro RLTT local,124,
attention_without_norm,2.2028121948242188,1.1378041505813599,0.5325040221214294,1.6703081727027893,Ouro RLTT local,124,
mean_with_norm,1.7021589279174805,0.5178842544555664,0.592137336730957,1.1100215911865234,Ouro RLTT local,124,
mean_without_norm,2.0948283672332764,0.8624640703201294,0.6161821484565735,1.4786462187767029,Ouro RLTT local,124,
attention_with_norm,1.3985519409179688,1.8065931797027588,-0.20402061939239502,1.6025725603103638,Ouro RLTT local,125,
attention_without_norm,1.8764805793762207,2.1919329166412354,-0.15772616863250732,2.034206748008728,Ouro RLTT local,125,
mean_with_norm,0.8478929400444031,1.2081068754196167,-0.1801069676876068,1.0279999077320099,Ouro RLTT local,125,
mean_without_norm,1.312251091003418,1.696318507194519,-0.19203370809555054,1.5042847990989685,Ouro RLTT local,125,
attention_with_norm,2.491873264312744,0.26581722497940063,1.1130280196666718,1.3788452446460724,Ouro RLTT local,126,
attention_without_norm,2.627037525177002,0.7104882597923279,0.958274632692337,1.668762892484665,Ouro RLTT local,126,
mean_with_norm,2.215541124343872,0.4056006968021393,0.9049702137708664,1.3105709105730057,Ouro RLTT local,126,
mean_without_norm,2.3405330181121826,0.6299959421157837,0.8552685379981995,1.4852644801139832,Ouro RLTT local,126,
attention_with_norm,1.0151506662368774,1.3720591068267822,-0.1784542202949524,1.1936048865318298,Ouro RLTT local,127,
attention_without_norm,1.7173316478729248,1.9506580829620361,-0.11666321754455566,1.8339948654174805,Ouro RLTT local,127,
mean_with_norm,1.5420711040496826,0.07593865692615509,0.7330662235617638,0.8090048804879189,Ouro RLTT local,127,
mean_without_norm,1.971601963043213,1.0616583824157715,0.4549717903137207,1.5166301727294922,Ouro RLTT local,127,
attention_with_norm,0.47830405831336975,1.9867653846740723,-0.7542306631803513,1.232534721493721,Ouro RLTT local,128,
attention_without_norm,1.21617591381073,2.4144439697265625,-0.5991340279579163,1.8153099417686462,Ouro RLTT local,128,
mean_with_norm,0.8255725502967834,1.4714009761810303,-0.3229142129421234,1.1484867632389069,Ouro RLTT local,128,
mean_without_norm,1.5161805152893066,1.974331021308899,-0.22907525300979614,1.7452557682991028,Ouro RLTT local,128,
attention_with_norm,1.7811297178268433,1.7811297178268433,0.0,1.7811297178268433,Ouro RLTT local,129,
attention_without_norm,1.7811297178268433,1.7811297178268433,0.0,1.7811297178268433,Ouro RLTT local,129,
mean_with_norm,1.7811297178268433,1.7811297178268433,0.0,1.7811297178268433,Ouro RLTT local,129,
mean_without_norm,1.7811297178268433,1.7811297178268433,0.0,1.7811297178268433,Ouro RLTT local,129,
attention_with_norm,2.647181272506714,-0.12521398067474365,1.3861976265907288,1.260983645915985,Ouro RLTT local,130,
attention_without_norm,2.8001058101654053,0.8944445252418518,0.9528306424617767,1.8472751677036285,Ouro RLTT local,130,
mean_with_norm,1.9203141927719116,0.5233339071273804,0.6984901428222656,1.221824049949646,Ouro RLTT local,130,
mean_without_norm,2.16591477394104,1.4485994577407837,0.3586576581001282,1.8072571158409119,Ouro RLTT local,130,
attention_with_norm,0.9119129776954651,1.3038678169250488,-0.19597741961479187,1.107890397310257,Ouro RLTT local,131,
attention_without_norm,1.7546417713165283,1.8070149421691895,-0.026186585426330566,1.7808283567428589,Ouro RLTT local,131,
mean_with_norm,0.9646485447883606,1.083172082901001,-0.05926176905632019,1.0239103138446808,Ouro RLTT local,131,
mean_without_norm,1.7320154905319214,1.8241673707962036,-0.04607594013214111,1.7780914306640625,Ouro RLTT local,131,
attention_with_norm,1.8364986181259155,0.896806538105011,0.46984604001045227,1.3666525781154633,Ouro RLTT local,132,
attention_without_norm,2.283282995223999,1.2582712173461914,0.5125058889389038,1.7707771062850952,Ouro RLTT local,132,
mean_with_norm,1.6570563316345215,0.3322855830192566,0.6623853743076324,0.994670957326889,Ouro RLTT local,132,
mean_without_norm,2.033169984817505,0.7529054284095764,0.6401322782039642,1.3930377066135406,Ouro RLTT local,132,
attention_with_norm,2.134359359741211,0.6257829666137695,0.7542881965637207,1.3800711631774902,Ouro RLTT local,133,
attention_without_norm,2.386418342590332,1.0406495332717896,0.6728844046592712,1.7135339379310608,Ouro RLTT local,133,
mean_with_norm,1.9994468688964844,0.3633384108543396,0.8180542290210724,1.181392639875412,Ouro RLTT local,133,
mean_without_norm,2.2564897537231445,0.701653778553009,0.7774179875850677,1.4790717661380768,Ouro RLTT local,133,
attention_with_norm,2.2278358936309814,0.2925370931625366,0.9676494002342224,1.260186493396759,Ouro RLTT local,134,
attention_without_norm,2.385132074356079,1.49354887008667,0.4457916021347046,1.9393404722213745,Ouro RLTT local,134,
mean_with_norm,1.9867677688598633,0.25106048583984375,0.8678536415100098,1.1189141273498535,Ouro RLTT local,134,
mean_without_norm,2.2949140071868896,1.1275677680969238,0.5836731195449829,1.7112408876419067,Ouro RLTT local,134,
attention_with_norm,1.5895886421203613,0.7838823795318604,0.4028531312942505,1.1867355108261108,Ouro RLTT local,135,
attention_without_norm,2.2165374755859375,1.4941861629486084,0.36117565631866455,1.855361819267273,Ouro RLTT local,135,
mean_with_norm,1.2811477184295654,1.0927406549453735,0.09420353174209595,1.1869441866874695,Ouro RLTT local,135,
mean_without_norm,2.1006295680999756,1.6853432655334473,0.20764315128326416,1.8929864168167114,Ouro RLTT local,135,
attention_with_norm,1.180975317955017,1.1775879859924316,0.0016936659812927246,1.1792816519737244,Ouro RLTT local,136,
attention_without_norm,1.8369460105895996,1.7649304866790771,0.03600776195526123,1.8009382486343384,Ouro RLTT local,136,
mean_with_norm,0.4512646496295929,1.5557212829589844,-0.5522283166646957,1.0034929662942886,Ouro RLTT local,136,
mean_without_norm,1.423371434211731,2.0606167316436768,-0.3186226487159729,1.7419940829277039,Ouro RLTT local,136,
attention_with_norm,2.9136993885040283,0.1592457890510559,1.3772267997264862,1.5364725887775421,Ouro RLTT local,137,
attention_without_norm,2.355618715286255,1.5018367767333984,0.4268909692764282,1.9287277460098267,Ouro RLTT local,137,
mean_with_norm,2.3666484355926514,0.3960106372833252,0.9853188991546631,1.3813295364379883,Ouro RLTT local,137,
mean_without_norm,2.4065701961517334,1.4474509954452515,0.47955960035324097,1.9270105957984924,Ouro RLTT local,137,
attention_with_norm,0.44167399406433105,1.9347844123840332,-0.7465552091598511,1.1882292032241821,Ouro RLTT local,138,
attention_without_norm,1.3614401817321777,2.35077166557312,-0.4946657419204712,1.856105923652649,Ouro RLTT local,138,
mean_with_norm,-0.18430395424365997,2.123666763305664,-1.153985358774662,0.969681404531002,Ouro RLTT local,138,
mean_without_norm,0.6725229620933533,2.5739431381225586,-0.9507100880146027,1.623233050107956,Ouro RLTT local,138,
attention_with_norm,2.8168303966522217,-0.05350320041179657,1.4351667985320091,1.3816635981202126,Ouro RLTT local,139,
attention_without_norm,2.9978654384613037,0.7110437750816345,1.1434108316898346,1.8544546067714691,Ouro RLTT local,139,
mean_with_norm,3.274629831314087,-0.1554250866174698,1.7150274589657784,1.5596023723483086,Ouro RLTT local,139,
mean_without_norm,3.3980913162231445,0.3131670653820038,1.5424621254205704,1.8556291908025742,Ouro RLTT local,139,
attention_with_norm,0.6455615162849426,1.337045669555664,-0.3457420766353607,0.9913035929203033,Ouro RLTT local,140,
attention_without_norm,1.3415415287017822,1.87601900100708,-0.2672387361526489,1.6087802648544312,Ouro RLTT local,140,
mean_with_norm,0.8551638126373291,1.1576993465423584,-0.15126776695251465,1.0064315795898438,Ouro RLTT local,140,
mean_without_norm,1.5329445600509644,1.7597191333770752,-0.11338728666305542,1.6463318467140198,Ouro RLTT local,140,
attention_with_norm,0.8394151329994202,1.6157758235931396,-0.38818034529685974,1.22759547829628,Ouro RLTT local,141,
attention_without_norm,1.3884384632110596,1.9083259105682373,-0.25994372367858887,1.6483821868896484,Ouro RLTT local,141,
mean_with_norm,1.9984711408615112,0.49228888750076294,0.7530911266803741,1.245380014181137,Ouro RLTT local,141,
mean_without_norm,2.4409749507904053,1.0211622714996338,0.7099063396453857,1.7310686111450195,Ouro RLTT local,141,
attention_with_norm,2.0503857135772705,0.13524030148983002,0.9575727060437202,1.0928130075335503,Ouro RLTT local,142,
attention_without_norm,2.3771746158599854,0.7133156061172485,0.8319295048713684,1.545245110988617,Ouro RLTT local,142,
mean_with_norm,1.2231006622314453,0.9704434275627136,0.12632861733436584,1.0967720448970795,Ouro RLTT local,142,
mean_without_norm,1.5714703798294067,1.4004206657409668,0.08552485704421997,1.4859455227851868,Ouro RLTT local,142,
attention_with_norm,0.4530341327190399,2.367755174636841,-0.9573605209589005,1.4103946536779404,Ouro RLTT local,143,
attention_without_norm,1.070117473602295,2.7630789279937744,-0.8464807271957397,1.9165982007980347,Ouro RLTT local,143,
mean_with_norm,0.7885602116584778,1.9525525569915771,-0.5819961726665497,1.3705563843250275,Ouro RLTT local,143,
mean_without_norm,1.227736473083496,2.5544538497924805,-0.6633586883544922,1.8910951614379883,Ouro RLTT local,143,
attention_with_norm,1.8164646625518799,0.3534349799156189,0.7315148413181305,1.0849498212337494,Ouro RLTT local,144,
attention_without_norm,2.119030237197876,1.456594705581665,0.33121776580810547,1.7878124713897705,Ouro RLTT local,144,
mean_with_norm,2.3812928199768066,-0.15867812931537628,1.2699854746460915,1.1113073453307152,Ouro RLTT local,144,
mean_without_norm,2.478327989578247,0.9836731553077698,0.7473274171352386,1.7310005724430084,Ouro RLTT local,144,
attention_with_norm,0.7842040657997131,1.3326451778411865,-0.2742205560207367,1.0584246218204498,Ouro RLTT local,145,
attention_without_norm,1.657576322555542,1.9167474508285522,-0.12958556413650513,1.7871618866920471,Ouro RLTT local,145,
mean_with_norm,0.8070185780525208,0.7067916989326477,0.05011343955993652,0.7569051384925842,Ouro RLTT local,145,
mean_without_norm,1.463547945022583,1.568511724472046,-0.052481889724731445,1.5160298347473145,Ouro RLTT local,145,
attention_with_norm,2.1527259349823,0.9469782114028931,0.6028738617897034,1.5498520731925964,Ouro RLTT local,146,
attention_without_norm,1.7860562801361084,1.7947261333465576,-0.004334926605224609,1.790391206741333,Ouro RLTT local,146,
mean_with_norm,1.6266231536865234,1.15303373336792,0.23679471015930176,1.3898284435272217,Ouro RLTT local,146,
mean_without_norm,1.8105559349060059,1.914825439453125,-0.05213475227355957,1.8626906871795654,Ouro RLTT local,146,
attention_with_norm,-0.6783221960067749,3.029339551925659,-1.853830873966217,1.1755086779594421,Ouro RLTT local,147,
attention_without_norm,1.125303030014038,2.598389148712158,-0.7365430593490601,1.8618460893630981,Ouro RLTT local,147,
mean_with_norm,-0.5189253687858582,2.23429799079895,-1.3766116797924042,0.857686311006546,Ouro RLTT local,147,
mean_without_norm,1.2326942682266235,2.3011438846588135,-0.534224808216095,1.7669190764427185,Ouro RLTT local,147,
attention_with_norm,2.3462913036346436,0.5015172362327576,0.922387033700943,1.4239042699337006,Ouro RLTT local,148,
attention_without_norm,2.8151652812957764,1.1006107330322266,0.8572772741317749,1.9578880071640015,Ouro RLTT local,148,
mean_with_norm,0.9921407103538513,0.8523938059806824,0.06987345218658447,0.9222672581672668,Ouro RLTT local,148,
mean_without_norm,1.5075916051864624,1.3450982570648193,0.08124667406082153,1.4263449311256409,Ouro RLTT local,148,
attention_with_norm,1.895819067955017,0.9879629611968994,0.45392805337905884,1.4418910145759583,Ouro RLTT local,149,
attention_without_norm,2.3759448528289795,1.4304087162017822,0.47276806831359863,1.9031767845153809,Ouro RLTT local,149,
mean_with_norm,1.4829124212265015,0.9905376434326172,0.24618738889694214,1.2367250323295593,Ouro RLTT local,149,
mean_without_norm,2.1188857555389404,1.4148533344268799,0.3520162105560303,1.7668695449829102,Ouro RLTT local,149,
attention_with_norm,0.40186405181884766,2.3346803188323975,-0.9664081335067749,1.3682721853256226,Ouro RLTT local,150,
attention_without_norm,0.9164815545082092,2.580637216567993,-0.832077831029892,1.7485593855381012,Ouro RLTT local,150,
mean_with_norm,0.6362307667732239,1.8345999717712402,-0.5991846024990082,1.235415369272232,Ouro RLTT local,150,
mean_without_norm,1.030912160873413,2.0724196434020996,-0.5207537412643433,1.5516659021377563,Ouro RLTT local,150,
attention_with_norm,2.3262383937835693,0.474736750125885,0.9257508218288422,1.4004875719547272,Ouro RLTT local,151,
attention_without_norm,2.3442087173461914,1.3976974487304688,0.47325563430786133,1.87095308303833,Ouro RLTT local,151,
mean_with_norm,1.7529542446136475,0.6041566133499146,0.5743988156318665,1.178555428981781,Ouro RLTT local,151,
mean_without_norm,2.1539385318756104,1.5337073802947998,0.3101155757904053,1.843822956085205,Ouro RLTT local,151,
attention_with_norm,1.8473541736602783,0.40685606002807617,0.7202490568161011,1.1271051168441772,Ouro RLTT local,152,
attention_without_norm,2.2288191318511963,1.352361798286438,0.43822866678237915,1.7905904650688171,Ouro RLTT local,152,
mean_with_norm,1.4758409261703491,0.6666911244392395,0.4045749008655548,1.0712660253047943,Ouro RLTT local,152,
mean_without_norm,1.9534188508987427,1.5735812187194824,0.18991881608963013,1.7635000348091125,Ouro RLTT local,152,
attention_with_norm,1.409053087234497,1.4901694059371948,-0.04055815935134888,1.449611246585846,Ouro RLTT local,153,
attention_without_norm,1.7466914653778076,2.0631649494171143,-0.15823674201965332,1.904928207397461,Ouro RLTT local,153,
mean_with_norm,1.6890313625335693,0.0962151512503624,0.7964081056416035,0.8926232568919659,Ouro RLTT local,153,
mean_without_norm,2.1584725379943848,0.9910485744476318,0.5837119817733765,1.5747605562210083,Ouro RLTT local,153,
attention_with_norm,1.1970996856689453,1.6429624557495117,-0.2229313850402832,1.4200310707092285,Ouro RLTT local,154,
attention_without_norm,1.9623212814331055,1.905531406402588,0.02839493751525879,1.9339263439178467,Ouro RLTT local,154,
mean_with_norm,0.201682448387146,1.5567270517349243,-0.6775223016738892,0.8792047500610352,Ouro RLTT local,154,
mean_without_norm,1.2899008989334106,2.079404592514038,-0.3947518467903137,1.6846527457237244,Ouro RLTT local,154,
attention_with_norm,-0.25307804346084595,2.8103091716766357,-1.5316936075687408,1.278615564107895,Ouro RLTT local,155,
attention_without_norm,0.466877281665802,3.03406023979187,-1.283591479063034,1.750468760728836,Ouro RLTT local,155,
mean_with_norm,-0.3693792521953583,2.733044385910034,-1.5512118190526962,1.181832566857338,Ouro RLTT local,155,
mean_without_norm,0.419409841299057,2.9715330600738525,-1.2760616093873978,1.6954714506864548,Ouro RLTT local,155,
attention_with_norm,2.3676388263702393,0.09925275295972824,1.1341930367052555,1.2334457896649837,Ouro RLTT local,156,
attention_without_norm,2.5391902923583984,0.692309558391571,0.9234403669834137,1.6157499253749847,Ouro RLTT local,156,
mean_with_norm,1.7935866117477417,0.3636428117752075,0.7149718999862671,1.0786147117614746,Ouro RLTT local,156,
mean_without_norm,2.0439975261688232,0.8468175530433655,0.5985899865627289,1.4454075396060944,Ouro RLTT local,156,
attention_with_norm,1.7074283361434937,0.5365378260612488,0.5854452550411224,1.1219830811023712,Ouro RLTT local,157,
attention_without_norm,2.0865087509155273,1.5282789468765259,0.27911490201950073,1.8073938488960266,Ouro RLTT local,157,
mean_with_norm,0.5229844450950623,1.2274088859558105,-0.35221222043037415,0.8751966655254364,Ouro RLTT local,157,
mean_without_norm,1.5535942316055298,1.842334270477295,-0.14437001943588257,1.6979642510414124,Ouro RLTT local,157,
attention_with_norm,2.250746250152588,0.27140799164772034,0.9896691292524338,1.2610771209001541,Ouro RLTT local,158,
attention_without_norm,2.39640212059021,1.3054544925689697,0.5454738140106201,1.8509283065795898,Ouro RLTT local,158,
mean_with_norm,2.5863959789276123,-0.05066933482885361,1.318532656878233,1.2678633220493793,Ouro RLTT local,158,
mean_without_norm,2.7476072311401367,0.9275216460227966,0.91004279255867,1.8375644385814667,Ouro RLTT local,158,
attention_with_norm,2.5715034008026123,-0.2289348989725113,1.4002191498875618,1.1712842509150505,Ouro RLTT local,159,
attention_without_norm,2.7586352825164795,0.24421508610248566,1.257210098206997,1.5014251843094826,Ouro RLTT local,159,
mean_with_norm,2.3730061054229736,-0.07055265456438065,1.2217793799936771,1.1512267254292965,Ouro RLTT local,159,
mean_without_norm,2.5026605129241943,0.24684526026248932,1.1279076263308525,1.3747528865933418,Ouro RLTT local,159,
attention_with_norm,2.2685487270355225,0.6859498023986816,0.7912994623184204,1.477249264717102,Ouro RLTT local,160,
attention_without_norm,2.492521286010742,1.5321109294891357,0.4802051782608032,2.012316107749939,Ouro RLTT local,160,
mean_with_norm,0.9053961634635925,1.5721352100372314,-0.33336952328681946,1.238765686750412,Ouro RLTT local,160,
mean_without_norm,1.4411461353302002,2.279940605163574,-0.419397234916687,1.8605433702468872,Ouro RLTT local,160,
attention_with_norm,0.9539188742637634,1.7025363445281982,-0.3743087351322174,1.3282276093959808,Ouro RLTT local,161,
attention_without_norm,1.175508975982666,1.976245403289795,-0.40036821365356445,1.5758771896362305,Ouro RLTT local,161,
mean_with_norm,1.3586523532867432,0.9717994332313538,0.1934264600276947,1.1652258932590485,Ouro RLTT local,161,
mean_without_norm,1.5304925441741943,1.2431566715240479,0.14366793632507324,1.386824607849121,Ouro RLTT local,161,
attention_with_norm,2.3912830352783203,0.6252115964889526,0.8830357193946838,1.5082473158836365,Ouro RLTT local,162,
attention_without_norm,2.3900554180145264,1.5488896369934082,0.4205828905105591,1.9694725275039673,Ouro RLTT local,162,
mean_with_norm,2.412554979324341,0.5060812830924988,0.953236848115921,1.4593181312084198,Ouro RLTT local,162,
mean_without_norm,2.7149088382720947,1.1369224786758423,0.7889931797981262,1.9259156584739685,Ouro RLTT local,162,
attention_with_norm,0.8399702310562134,1.7275984287261963,-0.44381409883499146,1.2837843298912048,Ouro RLTT local,163,
attention_without_norm,1.9470493793487549,1.8548288345336914,0.04611027240753174,1.9009391069412231,Ouro RLTT local,163,
mean_with_norm,0.025082062929868698,2.0348455905914307,-1.004881763830781,1.0299638267606497,Ouro RLTT local,163,
mean_without_norm,1.3201088905334473,2.1887946128845215,-0.4343428611755371,1.7544517517089844,Ouro RLTT local,163,
attention_with_norm,1.637946605682373,1.255090355873108,0.19142812490463257,1.4465184807777405,Ouro RLTT local,164,
attention_without_norm,1.8796501159667969,1.687363862991333,0.09614312648773193,1.783506989479065,Ouro RLTT local,164,
mean_with_norm,1.6871168613433838,1.0234054327011108,0.3318557143211365,1.3552611470222473,Ouro RLTT local,164,
mean_without_norm,1.9716291427612305,1.4750850200653076,0.24827206134796143,1.723357081413269,Ouro RLTT local,164,
attention_with_norm,1.2684075832366943,1.1924071311950684,0.03800022602081299,1.2304073572158813,Ouro RLTT local,165,
attention_without_norm,1.8665659427642822,1.5778367519378662,0.144364595413208,1.7222013473510742,Ouro RLTT local,165,
mean_with_norm,1.191490650177002,1.5324585437774658,-0.17048394680023193,1.3619745969772339,Ouro RLTT local,165,
mean_without_norm,1.7391297817230225,1.91982901096344,-0.09034961462020874,1.8294793963432312,Ouro RLTT local,165,
attention_with_norm,1.6091082096099854,0.7869462966918945,0.4110809564590454,1.19802725315094,Ouro RLTT local,166,
attention_without_norm,1.9746061563491821,1.6244518756866455,0.1750771403312683,1.7995290160179138,Ouro RLTT local,166,
mean_with_norm,2.2217531204223633,0.2877269685268402,0.9670130759477615,1.2547400444746017,Ouro RLTT local,166,
mean_without_norm,2.583684206008911,1.2778431177139282,0.6529205441474915,1.9307636618614197,Ouro RLTT local,166,
attention_with_norm,1.4446663856506348,0.40171611309051514,0.5214751362800598,0.923191249370575,Ouro RLTT local,167,
attention_without_norm,1.9034343957901,1.560033917427063,0.17170023918151855,1.7317341566085815,Ouro RLTT local,167,
mean_with_norm,1.2484959363937378,0.5385035872459412,0.3549961745738983,0.8934997618198395,Ouro RLTT local,167,
mean_without_norm,1.7829868793487549,1.3868176937103271,0.19808459281921387,1.584902286529541,Ouro RLTT local,167,
attention_with_norm,-0.392469584941864,3.0585153102874756,-1.7254924476146698,1.3330228626728058,Ouro RLTT local,168,
attention_without_norm,0.5029112100601196,3.27508807182312,-1.3860884308815002,1.8889996409416199,Ouro RLTT local,168,
mean_with_norm,-0.04103298485279083,2.294360876083374,-1.1676969304680824,1.1266639456152916,Ouro RLTT local,168,
mean_without_norm,0.5879013538360596,2.6726558208465576,-1.042377233505249,1.6302785873413086,Ouro RLTT local,168,
attention_with_norm,1.7811297178268433,1.7811297178268433,0.0,1.7811297178268433,Ouro RLTT local,169,
attention_without_norm,1.7811297178268433,1.7811297178268433,0.0,1.7811297178268433,Ouro RLTT local,169,
mean_with_norm,1.7811297178268433,1.7811297178268433,0.0,1.7811297178268433,Ouro RLTT local,169,
mean_without_norm,1.7811297178268433,1.7811297178268433,0.0,1.7811297178268433,Ouro RLTT local,169,
attention_with_norm,-0.48721057176589966,3.724918842315674,-2.1060647070407867,1.618854135274887,Ouro RLTT local,170,
attention_without_norm,0.11550785601139069,3.9928672313690186,-1.938679687678814,2.0541875436902046,Ouro RLTT local,170,
mean_with_norm,-0.717189371585846,3.7225968837738037,-2.219893127679825,1.5027037560939789,Ouro RLTT local,170,
mean_without_norm,-0.06443142145872116,3.863375425338745,-1.9639034233987331,1.899472001940012,Ouro RLTT local,170,
attention_with_norm,4.047170639038086,-0.8842400908470154,2.4657053649425507,1.5814652740955353,Ouro RLTT local,171,
attention_without_norm,4.144903659820557,-0.5391026735305786,2.3420031666755676,1.802900493144989,Ouro RLTT local,171,
mean_with_norm,4.043545246124268,-1.0726056098937988,2.558075428009033,1.4854698181152344,Ouro RLTT local,171,
mean_without_norm,4.126987934112549,-0.7224612832069397,2.4247246086597443,1.7022633254528046,Ouro RLTT local,171,
attention_with_norm,1.7509455680847168,0.898206353187561,0.4263696074485779,1.324575960636139,Ouro RLTT local,172,
attention_without_norm,2.0488674640655518,1.3600869178771973,0.34439027309417725,1.7044771909713745,Ouro RLTT local,172,
mean_with_norm,1.3172733783721924,1.3422054052352905,-0.012466013431549072,1.3297393918037415,Ouro RLTT local,172,
mean_without_norm,1.5729495286941528,1.673316478729248,-0.05018347501754761,1.6231330037117004,Ouro RLTT local,172,
attention_with_norm,1.7811297178268433,1.7811297178268433,0.0,1.7811297178268433,Ouro RLTT local,173,
attention_without_norm,1.7811297178268433,1.7811297178268433,0.0,1.7811297178268433,Ouro RLTT local,173,
mean_with_norm,1.7811297178268433,1.7811297178268433,0.0,1.7811297178268433,Ouro RLTT local,173,
mean_without_norm,1.7811297178268433,1.7811297178268433,0.0,1.7811297178268433,Ouro RLTT local,173,
attention_with_norm,1.7811297178268433,1.7811297178268433,0.0,1.7811297178268433,Ouro RLTT local,174,
attention_without_norm,1.7811297178268433,1.7811297178268433,0.0,1.7811297178268433,Ouro RLTT local,174,
mean_with_norm,1.7811297178268433,1.7811297178268433,0.0,1.7811297178268433,Ouro RLTT local,174,
mean_without_norm,1.7811297178268433,1.7811297178268433,0.0,1.7811297178268433,Ouro RLTT local,174,
attention_with_norm,1.8949317932128906,0.5737727880477905,0.66057950258255,1.2343522906303406,Ouro RLTT local,175,
attention_without_norm,2.352095365524292,1.180213451385498,0.585940957069397,1.766154408454895,Ouro RLTT local,175,
mean_with_norm,1.7933837175369263,0.34340614080429077,0.7249887883663177,1.0683949291706085,Ouro RLTT local,175,
mean_without_norm,2.096437692642212,1.1896618604660034,0.45338791608810425,1.6430497765541077,Ouro RLTT local,175,
attention_with_norm,1.4712601900100708,0.6003606915473938,0.4354497492313385,1.0358104407787323,Ouro RLTT local,176,
attention_without_norm,1.9190382957458496,1.344038963317871,0.28749966621398926,1.6315386295318604,Ouro RLTT local,176,
mean_with_norm,1.231539249420166,0.8852773308753967,0.17313095927238464,1.0584082901477814,Ouro RLTT local,176,
mean_without_norm,1.6362135410308838,1.405707597732544,0.11525297164916992,1.5209605693817139,Ouro RLTT local,176,
attention_with_norm,0.6037976145744324,1.2310903072357178,-0.3136463463306427,0.9174439609050751,Ouro RLTT local,177,
attention_without_norm,1.184396743774414,1.9749021530151367,-0.39525270462036133,1.5796494483947754,Ouro RLTT local,177,
mean_with_norm,0.6884933710098267,1.3300421237945557,-0.3207743763923645,1.0092677474021912,Ouro RLTT local,177,
mean_without_norm,1.052599310874939,1.8284804821014404,-0.38794058561325073,1.4405398964881897,Ouro RLTT local,177,
attention_with_norm,0.15834806859493256,2.4619810581207275,-1.1518164947628975,1.31016456335783,Ouro RLTT local,178,
attention_without_norm,0.8823455572128296,2.6792280673980713,-0.8984412550926208,1.7807868123054504,Ouro RLTT local,178,
mean_with_norm,0.1987328976392746,2.152895212173462,-0.9770811572670937,1.1758140549063683,Ouro RLTT local,178,
mean_without_norm,0.7128109335899353,2.395885944366455,-0.8415375053882599,1.5543484389781952,Ouro RLTT local,178,
attention_with_norm,1.7151650190353394,0.5159323811531067,0.5996163189411163,1.115548700094223,Ouro RLTT local,179,
attention_without_norm,2.3256356716156006,1.3093156814575195,0.5081599950790405,1.81747567653656,Ouro RLTT local,179,
mean_with_norm,0.93952876329422,1.0797861814498901,-0.07012870907783508,1.009657472372055,Ouro RLTT local,179,
mean_without_norm,1.8760755062103271,1.5533959865570068,0.16133975982666016,1.714735746383667,Ouro RLTT local,179,
attention_with_norm,2.858112096786499,-0.7443291544914246,1.8012206256389618,1.0568914711475372,Ouro RLTT local,180,
attention_without_norm,2.9742958545684814,0.4500083029270172,1.2621437758207321,1.7121520787477493,Ouro RLTT local,180,
mean_with_norm,2.420323610305786,-0.13512562215328217,1.2777246162295341,1.142598994076252,Ouro RLTT local,180,
mean_without_norm,2.5780436992645264,0.783557116985321,0.8972432911396027,1.6808004081249237,Ouro RLTT local,180,
attention_with_norm,0.8861157298088074,1.3614526987075806,-0.2376684844493866,1.123784214258194,Ouro RLTT local,181,
attention_without_norm,1.3731803894042969,1.6161155700683594,-0.12146759033203125,1.4946479797363281,Ouro RLTT local,181,
mean_with_norm,0.9345636367797852,1.1917259693145752,-0.12858116626739502,1.0631448030471802,Ouro RLTT local,181,
mean_without_norm,1.3557682037353516,1.4222733974456787,-0.033252596855163574,1.3890208005905151,Ouro RLTT local,181,
attention_with_norm,2.3088173866271973,0.26356104016304016,1.0226281732320786,1.2861892133951187,Ouro RLTT local,182,
attention_without_norm,2.4932544231414795,1.3689090013504028,0.5621727108955383,1.9310817122459412,Ouro RLTT local,182,
mean_with_norm,2.5693819522857666,0.07002922892570496,1.2496763616800308,1.3197055906057358,Ouro RLTT local,182,
mean_without_norm,2.877171277999878,1.0401759147644043,0.9184976816177368,1.9586735963821411,Ouro RLTT local,182,
attention_with_norm,2.0180270671844482,0.38907313346862793,0.8144769668579102,1.203550100326538,Ouro RLTT local,183,
attention_without_norm,2.6172120571136475,1.2008085250854492,0.7082017660140991,1.9090102910995483,Ouro RLTT local,183,
mean_with_norm,1.5715343952178955,0.7900674939155579,0.3907334506511688,1.1808009445667267,Ouro RLTT local,183,
mean_without_norm,1.916089653968811,1.6918599605560303,0.11211484670639038,1.8039748072624207,Ouro RLTT local,183,
attention_with_norm,3.0607426166534424,-0.482175350189209,1.7714589834213257,1.2892836332321167,Ouro RLTT local,184,
attention_without_norm,3.2066657543182373,0.011668928898870945,1.5974984127096832,1.6091673416085541,Ouro RLTT local,184,
mean_with_norm,2.889021873474121,-0.16845504939556122,1.5287384614348412,1.36028341203928,Ouro RLTT local,184,
mean_without_norm,2.9958760738372803,0.25315043330192566,1.3713628202676773,1.624513253569603,Ouro RLTT local,184,
attention_with_norm,1.8076326847076416,0.9497440457344055,0.42894431948661804,1.3786883652210236,Ouro RLTT local,185,
attention_without_norm,2.232874631881714,1.4218332767486572,0.4055206775665283,1.8273539543151855,Ouro RLTT local,185,
mean_with_norm,1.2432506084442139,1.150301456451416,0.046474575996398926,1.196776032447815,Ouro RLTT local,185,
mean_without_norm,1.7609615325927734,1.585107445716858,0.08792704343795776,1.6730344891548157,Ouro RLTT local,185,
attention_with_norm,1.639389157295227,1.099491834640503,0.26994866132736206,1.369440495967865,Ouro RLTT local,186,
attention_without_norm,2.102694511413574,1.7246404886245728,0.18902701139450073,1.9136675000190735,Ouro RLTT local,186,
mean_with_norm,0.6597551107406616,1.557853102684021,-0.4490489959716797,1.1088041067123413,Ouro RLTT local,186,
mean_without_norm,1.680018663406372,1.9389328956604004,-0.12945711612701416,1.8094757795333862,Ouro RLTT local,186,
attention_with_norm,1.7811297178268433,1.7811297178268433,0.0,1.7811297178268433,Ouro RLTT local,187,
attention_without_norm,1.7811297178268433,1.7811297178268433,0.0,1.7811297178268433,Ouro RLTT local,187,
mean_with_norm,1.7811297178268433,1.7811297178268433,0.0,1.7811297178268433,Ouro RLTT local,187,
mean_without_norm,1.7811297178268433,1.7811297178268433,0.0,1.7811297178268433,Ouro RLTT local,187,
attention_with_norm,1.8043015003204346,0.6906387805938721,0.5568313598632812,1.2474701404571533,Ouro RLTT local,188,
attention_without_norm,1.914949893951416,1.0135232210159302,0.4507133364677429,1.464236557483673,Ouro RLTT local,188,
mean_with_norm,1.8644516468048096,0.580489456653595,0.6419810950756073,1.2224705517292023,Ouro RLTT local,188,
mean_without_norm,1.9823582172393799,0.9852442145347595,0.4985570013523102,1.4838012158870697,Ouro RLTT local,188,
attention_with_norm,-0.05927285552024841,1.671201229095459,-0.8652370423078537,0.8059641867876053,Ouro RLTT local,189,
attention_without_norm,0.8559003472328186,2.1759719848632812,-0.6600358188152313,1.51593616604805,Ouro RLTT local,189,
mean_with_norm,0.017949074506759644,1.7082817554473877,-0.845166340470314,0.8631154149770737,Ouro RLTT local,189,
mean_without_norm,0.6074633598327637,2.128932476043701,-0.7607345581054688,1.3681979179382324,Ouro RLTT local,189,
attention_with_norm,0.1005702093243599,2.3171932697296143,-1.1083115302026272,1.208881739526987,Ouro RLTT local,190,
attention_without_norm,0.7851130366325378,2.7547531127929688,-0.9848200380802155,1.7699330747127533,Ouro RLTT local,190,
mean_with_norm,0.4110627770423889,1.5387487411499023,-0.5638429820537567,0.9749057590961456,Ouro RLTT local,190,
mean_without_norm,0.8197512626647949,1.914332389831543,-0.547290563583374,1.367041826248169,Ouro RLTT local,190,
attention_with_norm,0.416635662317276,1.549678087234497,-0.5665212124586105,0.9831568747758865,Ouro RLTT local,191,
attention_without_norm,1.3013346195220947,2.1030094623565674,-0.40083742141723633,1.702172040939331,Ouro RLTT local,191,
mean_with_norm,0.2969566285610199,1.438368558883667,-0.5707059651613235,0.8676625937223434,Ouro RLTT local,191,
mean_without_norm,1.3038322925567627,1.9061473608016968,-0.30115753412246704,1.6049898266792297,Ouro RLTT local,191,
attention_with_norm,1.7729518413543701,0.5841963291168213,0.5943777561187744,1.1785740852355957,Ouro RLTT local,192,
attention_without_norm,2.1592166423797607,1.5018447637557983,0.3286859393119812,1.8305307030677795,Ouro RLTT local,192,
mean_with_norm,1.4680724143981934,0.7559269070625305,0.3560727536678314,1.111999660730362,Ouro RLTT local,192,
mean_without_norm,2.068880796432495,1.5278702974319458,0.27050524950027466,1.7983755469322205,Ouro RLTT local,192,
attention_with_norm,1.3152471780776978,1.7166160345077515,-0.20068442821502686,1.5159316062927246,Ouro RLTT local,193,
attention_without_norm,1.6175389289855957,2.380495309829712,-0.3814781904220581,1.9990171194076538,Ouro RLTT local,193,
mean_with_norm,1.5045816898345947,0.9006078839302063,0.3019869029521942,1.2025947868824005,Ouro RLTT local,193,
mean_without_norm,1.8022241592407227,1.8184263706207275,-0.008101105690002441,1.810325264930725,Ouro RLTT local,193,
attention_with_norm,1.6648540496826172,1.0146503448486328,0.3251018524169922,1.339752197265625,Ouro RLTT local,194,
attention_without_norm,2.2926409244537354,1.4541683197021484,0.41923630237579346,1.873404622077942,Ouro RLTT local,194,
mean_with_norm,1.488257884979248,1.2380037307739258,0.12512707710266113,1.363130807876587,Ouro RLTT local,194,
mean_without_norm,2.0606229305267334,1.6635955572128296,0.1985136866569519,1.8621092438697815,Ouro RLTT local,194,
attention_with_norm,3.1060521602630615,-0.015771739184856415,1.560911949723959,1.5451402105391026,Ouro RLTT local,195,
attention_without_norm,3.203644275665283,0.48129957914352417,1.3611723482608795,1.8424719274044037,Ouro RLTT local,195,
mean_with_norm,2.7678334712982178,-0.04634369537234306,1.4070885833352804,1.3607448879629374,Ouro RLTT local,195,
mean_without_norm,2.857531785964966,0.3992726802825928,1.2291295528411865,1.6284022331237793,Ouro RLTT local,195,
attention_with_norm,2.4970476627349854,0.9589385390281677,0.7690545618534088,1.7279931008815765,Ouro RLTT local,196,
attention_without_norm,1.971391201019287,1.7017807960510254,0.13480520248413086,1.8365859985351562,Ouro RLTT local,196,
mean_with_norm,2.2569124698638916,0.9207378029823303,0.6680873334407806,1.588825136423111,Ouro RLTT local,196,
mean_without_norm,2.178288459777832,1.77998948097229,0.199149489402771,1.979138970375061,Ouro RLTT local,196,
attention_with_norm,3.897325277328491,-0.9095792770385742,2.4034522771835327,1.4938730001449585,Ouro RLTT local,197,
attention_without_norm,4.003896236419678,-0.2782210409641266,2.141058638691902,1.8628375977277756,Ouro RLTT local,197,
mean_with_norm,3.5716707706451416,-0.8314298391342163,2.201550304889679,1.3701204657554626,Ouro RLTT local,197,
mean_without_norm,3.692570686340332,-0.2336059957742691,1.9630883410573006,1.7294823452830315,Ouro RLTT local,197,
attention_with_norm,1.9891670942306519,0.3530096411705017,0.8180787265300751,1.1710883677005768,Ouro RLTT local,198,
attention_without_norm,2.2517130374908447,1.3838281631469727,0.43394243717193604,1.8177706003189087,Ouro RLTT local,198,
mean_with_norm,0.8412866592407227,1.4821243286132812,-0.3204188346862793,1.161705493927002,Ouro RLTT local,198,
mean_without_norm,1.6592315435409546,2.001030206680298,-0.17089933156967163,1.8301308751106262,Ouro RLTT local,198,
attention_with_norm,0.4159174859523773,1.600811243057251,-0.5924468785524368,1.0083643645048141,Ouro RLTT local,199,
attention_without_norm,1.6996593475341797,1.8541380167007446,-0.07723933458328247,1.7768986821174622,Ouro RLTT local,199,
mean_with_norm,0.3996012806892395,1.4949326515197754,-0.5476656854152679,0.9472669661045074,Ouro RLTT local,199,
mean_without_norm,1.422224521636963,1.9895679950714111,-0.2836717367172241,1.705896258354187,Ouro RLTT local,199,
attention_with_norm,1.0897705554962158,1.5052762031555176,-0.20775282382965088,1.2975233793258667,Base Ouro 2.6B,0,68
attention_without_norm,1.568447232246399,2.233469009399414,-0.33251088857650757,1.9009581208229065,Base Ouro 2.6B,0,68
mean_with_norm,1.2045475244522095,1.493666648864746,-0.1445595622062683,1.3491070866584778,Base Ouro 2.6B,0,68
mean_without_norm,1.538021445274353,2.25815486907959,-0.3600667119026184,1.8980881571769714,Base Ouro 2.6B,0,68
attention_with_norm,2.274852991104126,0.2681821286678314,1.0033354312181473,1.2715175598859787,Base Ouro 2.6B,1,90
attention_without_norm,2.6938064098358154,0.8091189861297607,0.9423437118530273,1.751462697982788,Base Ouro 2.6B,1,90
mean_with_norm,2.223935842514038,0.17331711947917938,1.0253093615174294,1.1986264809966087,Base Ouro 2.6B,1,90
mean_without_norm,2.555145025253296,0.508997917175293,1.0230735540390015,1.5320714712142944,Base Ouro 2.6B,1,90
attention_with_norm,2.034024953842163,0.2800248861312866,0.8770000338554382,1.1570249199867249,Base Ouro 2.6B,2,178
attention_without_norm,2.243842840194702,0.6567128300666809,0.7935650050640106,1.4502778351306915,Base Ouro 2.6B,2,178
mean_with_norm,1.418073296546936,1.3307801485061646,0.04364657402038574,1.3744267225265503,Base Ouro 2.6B,2,178
mean_without_norm,1.8204269409179688,1.5402545928955078,0.14008617401123047,1.6803407669067383,Base Ouro 2.6B,2,178
attention_with_norm,1.4932774305343628,1.273993968963623,0.10964173078536987,1.383635699748993,Base Ouro 2.6B,3,248
attention_without_norm,1.8090221881866455,2.141124725341797,-0.16605126857757568,1.9750734567642212,Base Ouro 2.6B,3,248
mean_with_norm,1.7654356956481934,0.6990814208984375,0.5331771373748779,1.2322585582733154,Base Ouro 2.6B,3,248
mean_without_norm,2.002192497253418,1.6863352060317993,0.15792864561080933,1.8442638516426086,Base Ouro 2.6B,3,248
attention_with_norm,1.269397497177124,1.1130640506744385,0.07816672325134277,1.1912307739257812,Base Ouro 2.6B,4,281
attention_without_norm,2.0553712844848633,1.618666648864746,0.2183523178100586,1.8370189666748047,Base Ouro 2.6B,4,281
mean_with_norm,-0.35812413692474365,2.820467233657837,-1.5892956852912903,1.2311715483665466,Base Ouro 2.6B,4,281
mean_without_norm,0.6719311475753784,2.8912720680236816,-1.1096704602241516,1.78160160779953,Base Ouro 2.6B,4,281
attention_with_norm,1.2236757278442383,1.226670503616333,-0.0014973878860473633,1.2251731157302856,Base Ouro 2.6B,5,372
attention_without_norm,1.9825137853622437,1.571384310722351,0.2055647373199463,1.7769490480422974,Base Ouro 2.6B,5,372
mean_with_norm,2.8944613933563232,-0.1993212252855301,1.5468913093209267,1.3475700840353966,Base Ouro 2.6B,5,372
mean_without_norm,3.072453737258911,0.36780229210853577,1.3523257225751877,1.7201280146837234,Base Ouro 2.6B,5,372
attention_with_norm,2.088360548019409,-0.09472589939832687,1.091543223708868,0.9968173243105412,Base Ouro 2.6B,6,384
attention_without_norm,2.3290529251098633,0.617206871509552,0.8559230268001556,1.4731298983097076,Base Ouro 2.6B,6,384
mean_with_norm,0.12668293714523315,2.1731832027435303,-1.0232501327991486,1.1499330699443817,Base Ouro 2.6B,6,384
mean_without_norm,0.5053275227546692,2.3755733966827393,-0.935122936964035,1.4404504597187042,Base Ouro 2.6B,6,384
attention_with_norm,1.0300464630126953,1.891292929649353,-0.43062323331832886,1.4606696963310242,Base Ouro 2.6B,7,385
attention_without_norm,1.642026424407959,2.2998881340026855,-0.3289308547973633,1.9709572792053223,Base Ouro 2.6B,7,385
mean_with_norm,0.9791862368583679,1.825432300567627,-0.4231230318546295,1.4023092687129974,Base Ouro 2.6B,7,385
mean_without_norm,1.4680595397949219,2.0947964191436768,-0.31336843967437744,1.7814279794692993,Base Ouro 2.6B,7,385
attention_with_norm,0.9785183072090149,1.9045002460479736,-0.46299096941947937,1.4415092766284943,Base Ouro 2.6B,8,400
attention_without_norm,1.568160057067871,2.4174959659576416,-0.42466795444488525,1.9928280115127563,Base Ouro 2.6B,8,400
mean_with_norm,0.3578423261642456,2.3295576572418213,-0.9858576655387878,1.3436999917030334,Base Ouro 2.6B,8,400
mean_without_norm,1.0187472105026245,2.846022844314575,-0.9136378169059753,1.9323850274085999,Base Ouro 2.6B,8,400
attention_with_norm,0.4479590356349945,1.563575029373169,-0.5578079968690872,1.0057670325040817,Base Ouro 2.6B,9,425
attention_without_norm,1.2491010427474976,2.0745584964752197,-0.4127287268638611,1.6618297696113586,Base Ouro 2.6B,9,425
mean_with_norm,0.6689090728759766,1.024828553199768,-0.17795974016189575,0.8468688130378723,Base Ouro 2.6B,9,425
mean_without_norm,1.1182644367218018,1.5038611888885498,-0.19279837608337402,1.3110628128051758,Base Ouro 2.6B,9,425
attention_with_norm,1.9727036952972412,-0.14542917907238007,1.0590664371848106,0.9136372581124306,Base Ouro 2.6B,10,428
attention_without_norm,2.179170846939087,1.183431625366211,0.497869610786438,1.681301236152649,Base Ouro 2.6B,10,428
mean_with_norm,1.5663397312164307,0.007761069573462009,0.7792893308214843,0.7870504003949463,Base Ouro 2.6B,10,428
mean_without_norm,2.049437999725342,1.134861707687378,0.45728814601898193,1.5921498537063599,Base Ouro 2.6B,10,428
attention_with_norm,3.158170700073242,-0.44923195242881775,1.80370132625103,1.3544693738222122,Base Ouro 2.6B,11,551
attention_without_norm,3.5042941570281982,0.49703216552734375,1.5036309957504272,2.000663161277771,Base Ouro 2.6B,11,551
mean_with_norm,3.093061685562134,-0.5950812697410583,1.844071477651596,1.2489902079105377,Base Ouro 2.6B,11,551
mean_without_norm,3.3593709468841553,-0.10254091769456863,1.730955932289362,1.6284150145947933,Base Ouro 2.6B,11,551
attention_with_norm,1.3706408739089966,1.80149245262146,-0.2154257893562317,1.5860666632652283,Base Ouro 2.6B,12,559
attention_without_norm,2.0293290615081787,2.128953218460083,-0.04981207847595215,2.079141139984131,Base Ouro 2.6B,12,559
mean_with_norm,1.2039098739624023,1.783479928970337,-0.2897850275039673,1.4936949014663696,Base Ouro 2.6B,12,559
mean_without_norm,1.397932529449463,1.8513867855072021,-0.22672712802886963,1.6246596574783325,Base Ouro 2.6B,12,559
attention_with_norm,-0.06360537558794022,2.2242343425750732,-1.1439198590815067,1.0803144834935665,Base Ouro 2.6B,13,582
attention_without_norm,1.3274931907653809,2.401036024093628,-0.5367714166641235,1.8642646074295044,Base Ouro 2.6B,13,582
mean_with_norm,0.7542738318443298,1.7422032356262207,-0.49396470189094543,1.2482385337352753,Base Ouro 2.6B,13,582
mean_without_norm,1.529432773590088,2.2533395290374756,-0.36195337772369385,1.8913861513137817,Base Ouro 2.6B,13,582
attention_with_norm,0.7570039629936218,0.694771409034729,0.03111627697944641,0.7258876860141754,Base Ouro 2.6B,14,722
attention_without_norm,1.0059478282928467,1.0557026863098145,-0.024877429008483887,1.0308252573013306,Base Ouro 2.6B,14,722
mean_with_norm,1.1418511867523193,0.9525160193443298,0.09466758370399475,1.0471836030483246,Base Ouro 2.6B,14,722
mean_without_norm,1.3765639066696167,1.1580588817596436,0.10925251245498657,1.2673113942146301,Base Ouro 2.6B,14,722
attention_with_norm,2.9498746395111084,0.029717139899730682,1.4600787498056889,1.4897958897054195,Base Ouro 2.6B,15,879
attention_without_norm,3.237715482711792,0.715545117855072,1.26108518242836,1.976630300283432,Base Ouro 2.6B,15,879
mean_with_norm,2.7320549488067627,0.037202976644039154,1.3474259860813618,1.384628962725401,Base Ouro 2.6B,15,879
mean_without_norm,3.019603967666626,0.6216002106666565,1.1990018784999847,1.8206020891666412,Base Ouro 2.6B,15,879
attention_with_norm,0.9350441098213196,1.6164376735687256,-0.340696781873703,1.2757408916950226,Base Ouro 2.6B,16,982
attention_without_norm,1.807183027267456,1.7835463285446167,0.011818349361419678,1.7953646779060364,Base Ouro 2.6B,16,982
mean_with_norm,1.050870418548584,0.8285653591156006,0.1111525297164917,0.9397178888320923,Base Ouro 2.6B,16,982
mean_without_norm,1.8383057117462158,1.702336072921753,0.06798481941223145,1.7703208923339844,Base Ouro 2.6B,16,982
attention_with_norm,3.7782280445098877,-0.286731481552124,2.032479763031006,1.7457482814788818,Base Ouro 2.6B,17,986
attention_without_norm,4.032595157623291,0.36597877740859985,1.8333081901073456,2.1992869675159454,Base Ouro 2.6B,17,986
mean_with_norm,3.4412410259246826,0.11080585420131683,1.665217585861683,1.7760234400629997,Base Ouro 2.6B,17,986
mean_without_norm,3.5820255279541016,0.3829405605792999,1.5995424836874008,1.9824830442667007,Base Ouro 2.6B,17,986
attention_with_norm,2.021085739135742,0.5028261542320251,0.7591297924518585,1.2619559466838837,Base Ouro 2.6B,18,1010
attention_without_norm,2.2548582553863525,1.5975048542022705,0.328676700592041,1.9261815547943115,Base Ouro 2.6B,18,1010
mean_with_norm,1.3282793760299683,1.6634999513626099,-0.1676102876663208,1.495889663696289,Base Ouro 2.6B,18,1010
mean_without_norm,2.131052255630493,1.8817918300628662,0.12463021278381348,2.0064220428466797,Base Ouro 2.6B,18,1010
attention_with_norm,2.1398513317108154,0.11906224489212036,1.0103945434093475,1.129456788301468,Base Ouro 2.6B,19,1062
attention_without_norm,2.480607748031616,0.7152764797210693,0.8826656341552734,1.5979421138763428,Base Ouro 2.6B,19,1062
mean_with_norm,2.40384840965271,0.017050154507160187,1.1933991275727749,1.210449282079935,Base Ouro 2.6B,19,1062
mean_without_norm,2.6055781841278076,0.4625338613986969,1.0715221613645554,1.5340560227632523,Base Ouro 2.6B,19,1062
attention_with_norm,2.242002487182617,0.5341336131095886,0.8539344370365143,1.388068050146103,Base Ouro 2.6B,20,1069
attention_without_norm,2.568403959274292,1.114614486694336,0.726894736289978,1.841509222984314,Base Ouro 2.6B,20,1069
mean_with_norm,2.4459564685821533,0.19508957862854004,1.1254334449768066,1.3205230236053467,Base Ouro 2.6B,20,1069
mean_without_norm,2.6585614681243896,0.5823583006858826,1.0381015837192535,1.620459884405136,Base Ouro 2.6B,20,1069
attention_with_norm,2.174752712249756,0.23065394163131714,0.9720493853092194,1.2027033269405365,Base Ouro 2.6B,21,1095
attention_without_norm,2.538055658340454,1.2168471813201904,0.6606042385101318,1.8774514198303223,Base Ouro 2.6B,21,1095
mean_with_norm,2.1615476608276367,0.3058500587940216,0.9278488010168076,1.2336988598108292,Base Ouro 2.6B,21,1095
mean_without_norm,2.5078136920928955,0.7910869717597961,0.8583633601665497,1.6494503319263458,Base Ouro 2.6B,21,1095
attention_with_norm,0.6314458250999451,2.171489953994751,-0.770022064447403,1.401467889547348,Base Ouro 2.6B,22,1191
attention_without_norm,1.5263197422027588,2.569505453109741,-0.5215928554534912,2.04791259765625,Base Ouro 2.6B,22,1191
mean_with_norm,0.39304119348526,2.044520378112793,-0.8257395923137665,1.2187807857990265,Base Ouro 2.6B,22,1191
mean_without_norm,1.0263310670852661,2.471585273742676,-0.7226271033287048,1.748958170413971,Base Ouro 2.6B,22,1191
attention_with_norm,-0.8023307919502258,2.7299869060516357,-1.7661588490009308,0.963828057050705,Base Ouro 2.6B,23,1211
attention_without_norm,-0.19442585110664368,2.8759586811065674,-1.5351922661066055,1.3407664149999619,Base Ouro 2.6B,23,1211
mean_with_norm,-0.738580048084259,2.666870355606079,-1.702725201845169,0.96414515376091,Base Ouro 2.6B,23,1211
mean_without_norm,-0.3450614809989929,2.759831666946411,-1.552446573972702,1.207385092973709,Base Ouro 2.6B,23,1211
attention_with_norm,0.6795709729194641,1.4917627573013306,-0.4060958921909332,1.0856668651103973,Base Ouro 2.6B,24,1264
attention_without_norm,0.9648709893226624,1.7810685634613037,-0.4080987870693207,1.372969776391983,Base Ouro 2.6B,24,1264
mean_with_norm,0.8330258727073669,1.9085617065429688,-0.5377679169178009,1.3707937896251678,Base Ouro 2.6B,24,1264
mean_without_norm,1.1764265298843384,2.295135259628296,-0.5593543648719788,1.7357808947563171,Base Ouro 2.6B,24,1264
attention_with_norm,2.4598886966705322,-0.4547351598739624,1.4573119282722473,1.002576768398285,Base Ouro 2.6B,25,1280
attention_without_norm,2.650662660598755,0.7654260993003845,0.9426182806491852,1.7080443799495697,Base Ouro 2.6B,25,1280
mean_with_norm,2.227241277694702,0.28290364146232605,0.972168818116188,1.255072459578514,Base Ouro 2.6B,25,1280
mean_without_norm,2.507190704345703,0.7820469737052917,0.8625718653202057,1.6446188390254974,Base Ouro 2.6B,25,1280
attention_with_norm,1.334431767463684,1.3847081661224365,-0.02513819932937622,1.3595699667930603,Base Ouro 2.6B,26,1309
attention_without_norm,1.7751736640930176,2.29274582862854,-0.25878608226776123,2.033959746360779,Base Ouro 2.6B,26,1309
mean_with_norm,0.7430331110954285,2.069565534591675,-0.6632662117481232,1.4062993228435516,Base Ouro 2.6B,26,1309
mean_without_norm,1.2876880168914795,2.5950636863708496,-0.6536878347396851,1.9413758516311646,Base Ouro 2.6B,26,1309
attention_with_norm,0.3768623173236847,1.7405452728271484,-0.6818414777517319,1.0587037950754166,Base Ouro 2.6B,27,1329
attention_without_norm,1.5469505786895752,2.131716012954712,-0.29238271713256836,1.8393332958221436,Base Ouro 2.6B,27,1329
mean_with_norm,1.0312073230743408,1.5650920867919922,-0.2669423818588257,1.2981497049331665,Base Ouro 2.6B,27,1329
mean_without_norm,1.7798913717269897,1.967257022857666,-0.09368282556533813,1.8735741972923279,Base Ouro 2.6B,27,1329
attention_with_norm,1.413327932357788,0.685897171497345,0.36371538043022156,1.0496125519275665,Base Ouro 2.6B,28,1364
attention_without_norm,1.9427584409713745,1.5594803094863892,0.19163906574249268,1.7511193752288818,Base Ouro 2.6B,28,1364
mean_with_norm,1.3717153072357178,0.4568108916282654,0.4574522078037262,0.9142630994319916,Base Ouro 2.6B,28,1364
mean_without_norm,2.0067684650421143,1.3405181169509888,0.33312517404556274,1.6736432909965515,Base Ouro 2.6B,28,1364
attention_with_norm,2.096665620803833,0.7012823820114136,0.6976916193962097,1.3989740014076233,Base Ouro 2.6B,29,1388
attention_without_norm,2.4074747562408447,1.4634974002838135,0.4719886779785156,1.935486078262329,Base Ouro 2.6B,29,1388
mean_with_norm,2.1793878078460693,0.022738240659236908,1.0783247835934162,1.1010630242526531,Base Ouro 2.6B,29,1388
mean_without_norm,2.571845769882202,0.8138380646705627,0.8790038526058197,1.6928419172763824,Base Ouro 2.6B,29,1388
attention_with_norm,2.3313140869140625,-0.35585808753967285,1.3435860872268677,0.9877279996871948,Base Ouro 2.6B,30,1411
attention_without_norm,2.2471697330474854,1.308322787284851,0.46942347288131714,1.7777462601661682,Base Ouro 2.6B,30,1411
mean_with_norm,2.0625908374786377,-0.04766978323459625,1.055130310356617,1.0074605271220207,Base Ouro 2.6B,30,1411
mean_without_norm,2.460765838623047,0.6977911591529846,0.8814873397350311,1.5792784988880157,Base Ouro 2.6B,30,1411
attention_with_norm,0.4612690210342407,2.1710994243621826,-0.854915201663971,1.3161842226982117,Base Ouro 2.6B,31,1476
attention_without_norm,1.4539473056793213,2.377629518508911,-0.4618411064147949,1.9157884120941162,Base Ouro 2.6B,31,1476
mean_with_norm,0.38547828793525696,2.300360918045044,-0.9574413150548935,1.3429196029901505,Base Ouro 2.6B,31,1476
mean_without_norm,1.236954689025879,2.46077561378479,-0.6119104623794556,1.8488651514053345,Base Ouro 2.6B,31,1476
attention_with_norm,1.5965646505355835,0.32264286279678345,0.6369608938694,0.9596037566661835,Base Ouro 2.6B,32,1575
attention_without_norm,2.258582592010498,1.0573185682296753,0.6006320118904114,1.6579505801200867,Base Ouro 2.6B,32,1575
mean_with_norm,0.7351948618888855,1.8369171619415283,-0.5508611500263214,1.286056011915207,Base Ouro 2.6B,32,1575
mean_without_norm,1.2007704973220825,2.1820991039276123,-0.4906643033027649,1.6914348006248474,Base Ouro 2.6B,32,1575
attention_with_norm,1.8377406597137451,0.8482003808021545,0.4947701394557953,1.3429705202579498,Base Ouro 2.6B,33,1675
attention_without_norm,1.910919189453125,1.7288837432861328,0.0910177230834961,1.819901466369629,Base Ouro 2.6B,33,1675
mean_with_norm,1.889768362045288,0.6711083650588989,0.6093299984931946,1.2804383635520935,Base Ouro 2.6B,33,1675
mean_without_norm,2.112851619720459,1.7243080139160156,0.19427180290222168,1.9185798168182373,Base Ouro 2.6B,33,1675
attention_with_norm,0.9938140511512756,1.1349397897720337,-0.07056286931037903,1.0643769204616547,Base Ouro 2.6B,34,1692
attention_without_norm,1.5875887870788574,1.830080509185791,-0.1212458610534668,1.7088346481323242,Base Ouro 2.6B,34,1692
mean_with_norm,0.6475682854652405,1.7992548942565918,-0.5758433043956757,1.2234115898609161,Base Ouro 2.6B,34,1692
mean_without_norm,1.0787200927734375,2.203350305557251,-0.5623151063919067,1.6410351991653442,Base Ouro 2.6B,34,1692
attention_with_norm,2.1386396884918213,-0.1271081268787384,1.1328739076852798,1.0057657808065414,Base Ouro 2.6B,35,1693
attention_without_norm,2.4094793796539307,0.5736445784568787,0.917917400598526,1.4915619790554047,Base Ouro 2.6B,35,1693
mean_with_norm,2.1842405796051025,0.29094311594963074,0.9466487318277359,1.2375918477773666,Base Ouro 2.6B,35,1693
mean_without_norm,2.5253732204437256,0.7481706142425537,0.8886013031005859,1.6367719173431396,Base Ouro 2.6B,35,1693
attention_with_norm,2.3109328746795654,0.7301142811775208,0.7904092967510223,1.520523577928543,Base Ouro 2.6B,36,1728
attention_without_norm,2.6648073196411133,1.19806969165802,0.7333688139915466,1.9314385056495667,Base Ouro 2.6B,36,1728
mean_with_norm,2.408029317855835,0.30296391248703003,1.0525327026844025,1.3554966151714325,Base Ouro 2.6B,36,1728
mean_without_norm,2.7846267223358154,0.736855685710907,1.0238855183124542,1.7607412040233612,Base Ouro 2.6B,36,1728
attention_with_norm,1.830492615699768,0.7971253395080566,0.5166836380958557,1.3138089776039124,Base Ouro 2.6B,37,1748
attention_without_norm,2.1227829456329346,1.1477115154266357,0.4875357151031494,1.6352472305297852,Base Ouro 2.6B,37,1748
mean_with_norm,1.6351745128631592,1.0025417804718018,0.3163163661956787,1.3188581466674805,Base Ouro 2.6B,37,1748
mean_without_norm,1.892486572265625,1.2663495540618896,0.3130685091018677,1.5794180631637573,Base Ouro 2.6B,37,1748
attention_with_norm,1.295116662979126,1.3572041988372803,-0.03104376792907715,1.3261604309082031,Base Ouro 2.6B,38,1771
attention_without_norm,2.1189873218536377,1.7537184953689575,0.1826344132423401,1.9363529086112976,Base Ouro 2.6B,38,1771
mean_with_norm,0.6775151491165161,1.8742852210998535,-0.5983850359916687,1.2759001851081848,Base Ouro 2.6B,38,1771
mean_without_norm,1.3675532341003418,2.1670548915863037,-0.39975082874298096,1.7673040628433228,Base Ouro 2.6B,38,1771
attention_with_norm,1.2874493598937988,0.9941433668136597,0.14665299654006958,1.1407963633537292,Base Ouro 2.6B,39,1782
attention_without_norm,1.6362875699996948,1.4793763160705566,0.07845562696456909,1.5578319430351257,Base Ouro 2.6B,39,1782
mean_with_norm,1.2152774333953857,0.8880142569541931,0.1636315882205963,1.0516458451747894,Base Ouro 2.6B,39,1782
mean_without_norm,1.4726101160049438,1.3017232418060303,0.08544343709945679,1.387166678905487,Base Ouro 2.6B,39,1782
attention_with_norm,2.5115644931793213,-0.1502917855978012,1.3309281393885612,1.18063635379076,Base Ouro 2.6B,40,1783
attention_without_norm,2.6508097648620605,0.3434174954891205,1.15369613468647,1.4971136301755905,Base Ouro 2.6B,40,1783
mean_with_norm,2.1077921390533447,0.5868369340896606,0.760477602481842,1.3473145365715027,Base Ouro 2.6B,40,1783
mean_without_norm,2.3552868366241455,0.8649684190750122,0.7451592087745667,1.6101276278495789,Base Ouro 2.6B,40,1783
attention_with_norm,0.9693164229393005,1.4040029048919678,-0.21734324097633362,1.1866596639156342,Base Ouro 2.6B,41,1802
attention_without_norm,1.24765145778656,1.7511436939239502,-0.25174611806869507,1.4993975758552551,Base Ouro 2.6B,41,1802
mean_with_norm,0.09436621516942978,1.562086582183838,-0.7338601835072041,0.8282263986766338,Base Ouro 2.6B,41,1802
mean_without_norm,0.29068806767463684,1.8057754039764404,-0.7575436681509018,1.0482317358255386,Base Ouro 2.6B,41,1802
attention_with_norm,1.3864140510559082,0.8640506267547607,0.26118171215057373,1.1252323389053345,Base Ouro 2.6B,42,1806
attention_without_norm,2.0349011421203613,1.0762035846710205,0.4793487787246704,1.555552363395691,Base Ouro 2.6B,42,1806
mean_with_norm,1.3712141513824463,0.7093539834022522,0.33093008399009705,1.0402840673923492,Base Ouro 2.6B,42,1806
mean_without_norm,1.645447015762329,0.9964084029197693,0.3245193064212799,1.3209277093410492,Base Ouro 2.6B,42,1806
attention_with_norm,2.4110164642333984,0.11666568368673325,1.1471753902733326,1.2638410739600658,Base Ouro 2.6B,43,1879
attention_without_norm,2.4509856700897217,1.473562479019165,0.4887115955352783,1.9622740745544434,Base Ouro 2.6B,43,1879
mean_with_norm,2.2455756664276123,0.1294126957654953,1.0580814853310585,1.1874941810965538,Base Ouro 2.6B,43,1879
mean_without_norm,2.436272144317627,1.1010921001434326,0.6675900220870972,1.7686821222305298,Base Ouro 2.6B,43,1879
attention_with_norm,1.5346388816833496,0.737635612487793,0.3985016345977783,1.1361372470855713,Base Ouro 2.6B,44,1896
attention_without_norm,1.953721523284912,1.5622377395629883,0.19574189186096191,1.7579796314239502,Base Ouro 2.6B,44,1896
mean_with_norm,1.5829894542694092,0.7973639965057373,0.39281272888183594,1.1901767253875732,Base Ouro 2.6B,44,1896
mean_without_norm,2.036144495010376,1.4326425790786743,0.30175095796585083,1.7343935370445251,Base Ouro 2.6B,44,1896
attention_with_norm,0.12785834074020386,2.140033006668091,-1.0060873329639435,1.1339456737041473,Base Ouro 2.6B,45,1979
attention_without_norm,1.228752613067627,2.3972718715667725,-0.5842596292495728,1.8130122423171997,Base Ouro 2.6B,45,1979
mean_with_norm,0.14332406222820282,1.6308196783065796,-0.7437478080391884,0.8870718702673912,Base Ouro 2.6B,45,1979
mean_without_norm,0.5159631967544556,1.9299895763397217,-0.7070131897926331,1.2229763865470886,Base Ouro 2.6B,45,1979
attention_with_norm,0.4551108777523041,2.0970404148101807,-0.8209647685289383,1.2760756462812424,Base Ouro 2.6B,46,1982
attention_without_norm,1.5625734329223633,2.0572311878204346,-0.24732887744903564,1.809902310371399,Base Ouro 2.6B,46,1982
mean_with_norm,0.019357524812221527,1.7168718576431274,-0.848757166415453,0.8681146912276745,Base Ouro 2.6B,46,1982
mean_without_norm,1.250268578529358,2.093546152114868,-0.4216387867927551,1.671907365322113,Base Ouro 2.6B,46,1982
attention_with_norm,2.000682830810547,0.8796430230140686,0.5605199038982391,1.4401629269123077,Base Ouro 2.6B,47,1983
attention_without_norm,2.5093960762023926,1.4586018323898315,0.5253971219062805,1.983998954296112,Base Ouro 2.6B,47,1983
mean_with_norm,1.4439250230789185,1.3493586778640747,0.047283172607421875,1.3966418504714966,Base Ouro 2.6B,47,1983
mean_without_norm,2.1372017860412598,1.8195626735687256,0.1588195562362671,1.9783822298049927,Base Ouro 2.6B,47,1983
attention_with_norm,0.5136944055557251,1.605337381362915,-0.545821487903595,1.05951589345932,Base Ouro 2.6B,48,2071
attention_without_norm,1.0962296724319458,2.1778719425201416,-0.5408211350440979,1.6370508074760437,Base Ouro 2.6B,48,2071
mean_with_norm,0.9323297142982483,1.0763213634490967,-0.0719958245754242,1.0043255388736725,Base Ouro 2.6B,48,2071
mean_without_norm,1.6501083374023438,1.639971375465393,0.005068480968475342,1.6450398564338684,Base Ouro 2.6B,48,2071
attention_with_norm,1.2675328254699707,0.9858499765396118,0.14084142446517944,1.1266914010047913,Base Ouro 2.6B,49,2161
attention_without_norm,1.8598297834396362,1.849987268447876,0.004921257495880127,1.854908525943756,Base Ouro 2.6B,49,2161
mean_with_norm,1.4535311460494995,0.9262551665306091,0.2636379897594452,1.1898931562900543,Base Ouro 2.6B,49,2161
mean_without_norm,1.9807045459747314,1.68538236618042,0.14766108989715576,1.8330434560775757,Base Ouro 2.6B,49,2161
attention_with_norm,1.2661468982696533,1.4826124906539917,-0.10823279619216919,1.3743796944618225,Base Ouro 2.6B,50,2162
attention_without_norm,1.704756498336792,2.0263426303863525,-0.16079306602478027,1.8655495643615723,Base Ouro 2.6B,50,2162
mean_with_norm,0.7767431139945984,2.0565619468688965,-0.639909416437149,1.4166525304317474,Base Ouro 2.6B,50,2162
mean_without_norm,1.318312406539917,2.4026248455047607,-0.5421562194824219,1.8604686260223389,Base Ouro 2.6B,50,2162
attention_with_norm,1.3834245204925537,0.947179913520813,0.21812230348587036,1.1653022170066833,Base Ouro 2.6B,51,2178
attention_without_norm,1.9963104724884033,1.5809491872787476,0.20768064260482788,1.7886298298835754,Base Ouro 2.6B,51,2178
mean_with_norm,1.167442798614502,1.198051929473877,-0.0153045654296875,1.1827473640441895,Base Ouro 2.6B,51,2178
mean_without_norm,1.948439598083496,1.6667256355285645,0.14085698127746582,1.8075826168060303,Base Ouro 2.6B,51,2178
attention_with_norm,0.5174468755722046,2.1347415447235107,-0.8086473345756531,1.3260942101478577,Base Ouro 2.6B,52,2203
attention_without_norm,1.2891013622283936,2.4901621341705322,-0.6005303859710693,1.889631748199463,Base Ouro 2.6B,52,2203
mean_with_norm,0.9866749048233032,1.5864496231079102,-0.29988735914230347,1.2865622639656067,Base Ouro 2.6B,52,2203
mean_without_norm,1.548998236656189,2.042691230773926,-0.2468464970588684,1.7958447337150574,Base Ouro 2.6B,52,2203
attention_with_norm,1.1343193054199219,1.050760269165039,0.041779518127441406,1.0925397872924805,Base Ouro 2.6B,53,2270
attention_without_norm,1.8009004592895508,1.6332321166992188,0.08383417129516602,1.7170662879943848,Base Ouro 2.6B,53,2270
mean_with_norm,0.7571262717247009,1.5639480352401733,-0.4034108817577362,1.1605371534824371,Base Ouro 2.6B,53,2270
mean_without_norm,1.376932978630066,1.9008619785308838,-0.26196449995040894,1.6388974785804749,Base Ouro 2.6B,53,2270
attention_with_norm,1.7811297178268433,1.7811297178268433,0.0,1.7811297178268433,Base Ouro 2.6B,54,2375
attention_without_norm,1.7811297178268433,1.7811297178268433,0.0,1.7811297178268433,Base Ouro 2.6B,54,2375
mean_with_norm,1.7811297178268433,1.7811297178268433,0.0,1.7811297178268433,Base Ouro 2.6B,54,2375
mean_without_norm,1.7811297178268433,1.7811297178268433,0.0,1.7811297178268433,Base Ouro 2.6B,54,2375
attention_with_norm,0.550722599029541,1.890182375907898,-0.6697298884391785,1.2204524874687195,Base Ouro 2.6B,55,2439
attention_without_norm,1.0638548135757446,2.2062935829162598,-0.5712193846702576,1.6350741982460022,Base Ouro 2.6B,55,2439
mean_with_norm,0.4443931579589844,1.8304171562194824,-0.693011999130249,1.1374051570892334,Base Ouro 2.6B,55,2439
mean_without_norm,0.7509035468101501,2.013817071914673,-0.6314567625522614,1.3823603093624115,Base Ouro 2.6B,55,2439
attention_with_norm,0.45853570103645325,1.4518623352050781,-0.49666331708431244,0.9551990181207657,Base Ouro 2.6B,56,2446
attention_without_norm,1.0941089391708374,1.621168613433838,-0.26352983713150024,1.3576387763023376,Base Ouro 2.6B,56,2446
mean_with_norm,1.0325775146484375,0.44011005759239197,0.29623372852802277,0.7363437861204147,Base Ouro 2.6B,56,2446
mean_without_norm,1.535343050956726,0.6928481459617615,0.4212474524974823,1.1140955984592438,Base Ouro 2.6B,56,2446
attention_with_norm,4.045427322387695,-0.6389274597167969,2.342177391052246,1.7032499313354492,Base Ouro 2.6B,57,2482
attention_without_norm,4.106194019317627,-0.2686551511287689,2.187424585223198,1.918769434094429,Base Ouro 2.6B,57,2482
mean_with_norm,3.470120668411255,-0.08908279985189438,1.7796017341315746,1.6905189342796803,Base Ouro 2.6B,57,2482
mean_without_norm,3.528110980987549,0.2316008359193802,1.6482550725340843,1.8798559084534645,Base Ouro 2.6B,57,2482
attention_with_norm,0.8656883239746094,1.8155999183654785,-0.47495579719543457,1.340644121170044,Base Ouro 2.6B,58,2553
attention_without_norm,1.5850940942764282,2.1497886180877686,-0.28234726190567017,1.8674413561820984,Base Ouro 2.6B,58,2553
mean_with_norm,0.665177583694458,1.7390937805175781,-0.5369580984115601,1.202135682106018,Base Ouro 2.6B,58,2553
mean_without_norm,1.3408691883087158,2.0383639335632324,-0.3487473726272583,1.6896165609359741,Base Ouro 2.6B,58,2553
attention_with_norm,0.38915276527404785,2.289093255996704,-0.9499702453613281,1.339123010635376,Base Ouro 2.6B,59,2565
attention_without_norm,1.5059013366699219,2.306419610977173,-0.4002591371536255,1.9061604738235474,Base Ouro 2.6B,59,2565
mean_with_norm,0.09521985799074173,2.2690908908843994,-1.0869355164468288,1.1821553744375706,Base Ouro 2.6B,59,2565
mean_without_norm,1.3648263216018677,2.406327962875366,-0.5207508206367493,1.885577142238617,Base Ouro 2.6B,59,2565
attention_with_norm,1.6880450248718262,0.7883197665214539,0.44986262917518616,1.23818239569664,Base Ouro 2.6B,60,2603
attention_without_norm,2.169408082962036,1.518545150756836,0.3254314661026001,1.843976616859436,Base Ouro 2.6B,60,2603
mean_with_norm,1.257169485092163,1.276003122329712,-0.009416818618774414,1.2665863037109375,Base Ouro 2.6B,60,2603
mean_without_norm,1.862858772277832,1.7891000509262085,0.03687936067581177,1.8259794116020203,Base Ouro 2.6B,60,2603
attention_with_norm,1.9500175714492798,0.32897448539733887,0.8105215430259705,1.1394960284233093,Base Ouro 2.6B,61,2682
attention_without_norm,2.4171359539031982,1.2348130941390991,0.5911614298820496,1.8259745240211487,Base Ouro 2.6B,61,2682
mean_with_norm,1.048668622970581,1.4864730834960938,-0.21890223026275635,1.2675708532333374,Base Ouro 2.6B,61,2682
mean_without_norm,1.5272490978240967,2.080070734024048,-0.2764108180999756,1.8036599159240723,Base Ouro 2.6B,61,2682
attention_with_norm,0.392939031124115,2.023668050765991,-0.8153645098209381,1.208303540945053,Base Ouro 2.6B,62,2711
attention_without_norm,1.010069489479065,2.3925368785858154,-0.6912336945533752,1.7013031840324402,Base Ouro 2.6B,62,2711
mean_with_norm,0.37761619687080383,1.7427470684051514,-0.6825654357671738,1.0601816326379776,Base Ouro 2.6B,62,2711
mean_without_norm,0.7605698108673096,1.8849453926086426,-0.5621877908706665,1.322757601737976,Base Ouro 2.6B,62,2711
attention_with_norm,2.153792381286621,0.6330353617668152,0.760378509759903,1.3934138715267181,Base Ouro 2.6B,63,2821
attention_without_norm,2.2945396900177,1.6323168277740479,0.33111143112182617,1.963428258895874,Base Ouro 2.6B,63,2821
mean_with_norm,2.0004682540893555,0.16098468005657196,0.9197417870163918,1.0807264670729637,Base Ouro 2.6B,63,2821
mean_without_norm,2.4031565189361572,1.3728243112564087,0.5151661038398743,1.887990415096283,Base Ouro 2.6B,63,2821
attention_with_norm,2.1010444164276123,0.7521246075630188,0.6744599044322968,1.4265845119953156,Base Ouro 2.6B,64,2876
attention_without_norm,2.093703269958496,1.577239751815796,0.2582317590713501,1.835471510887146,Base Ouro 2.6B,64,2876
mean_with_norm,1.643526554107666,1.1675572395324707,0.23798465728759766,1.4055418968200684,Base Ouro 2.6B,64,2876
mean_without_norm,2.2257742881774902,1.607748031616211,0.30901312828063965,1.9167611598968506,Base Ouro 2.6B,64,2876
attention_with_norm,1.3373260498046875,0.9120026230812073,0.2126617133617401,1.1246643364429474,Base Ouro 2.6B,65,2902
attention_without_norm,1.9361240863800049,1.514014482498169,0.21105480194091797,1.725069284439087,Base Ouro 2.6B,65,2902
mean_with_norm,1.5103085041046143,0.6018573641777039,0.4542255699634552,1.056082934141159,Base Ouro 2.6B,65,2902
mean_without_norm,1.8239368200302124,0.9258351922035217,0.44905081391334534,1.374886006116867,Base Ouro 2.6B,65,2902
attention_with_norm,1.1713287830352783,1.0062243938446045,0.08255219459533691,1.0887765884399414,Base Ouro 2.6B,66,2904
attention_without_norm,1.8151829242706299,1.7797025442123413,0.017740190029144287,1.7974427342414856,Base Ouro 2.6B,66,2904
mean_with_norm,1.2254939079284668,0.9912700057029724,0.11711195111274719,1.1083819568157196,Base Ouro 2.6B,66,2904
mean_without_norm,1.6954842805862427,1.8547594547271729,-0.07963758707046509,1.7751218676567078,Base Ouro 2.6B,66,2904
attention_with_norm,1.7811297178268433,1.7811297178268433,0.0,1.7811297178268433,Base Ouro 2.6B,67,3042
attention_without_norm,1.7811297178268433,1.7811297178268433,0.0,1.7811297178268433,Base Ouro 2.6B,67,3042
mean_with_norm,1.7811297178268433,1.7811297178268433,0.0,1.7811297178268433,Base Ouro 2.6B,67,3042
mean_without_norm,1.7811297178268433,1.7811297178268433,0.0,1.7811297178268433,Base Ouro 2.6B,67,3042
attention_with_norm,1.4594062566757202,0.8159733414649963,0.32171645760536194,1.1376897990703583,Base Ouro 2.6B,68,3080
attention_without_norm,1.96403968334198,1.4609086513519287,0.25156551599502563,1.7124741673469543,Base Ouro 2.6B,68,3080
mean_with_norm,1.320711374282837,0.7711028456687927,0.2748042643070221,1.0459071099758148,Base Ouro 2.6B,68,3080
mean_without_norm,1.7500932216644287,1.2423566579818726,0.2538682818412781,1.4962249398231506,Base Ouro 2.6B,68,3080
attention_with_norm,0.4030388593673706,2.0765578746795654,-0.8367595076560974,1.239798367023468,Base Ouro 2.6B,69,3151
attention_without_norm,1.09513521194458,2.4501140117645264,-0.6774893999099731,1.7726246118545532,Base Ouro 2.6B,69,3151
mean_with_norm,0.2005636841058731,2.1602704524993896,-0.9798533841967583,1.1804170683026314,Base Ouro 2.6B,69,3151
mean_without_norm,0.9844372868537903,2.5018041133880615,-0.7586834132671356,1.743120700120926,Base Ouro 2.6B,69,3151
attention_with_norm,1.9430010318756104,0.4396549165248871,0.7516730576753616,1.1913279742002487,Base Ouro 2.6B,70,3305
attention_without_norm,2.4120330810546875,1.3606237173080444,0.5257046818733215,1.886328399181366,Base Ouro 2.6B,70,3305
mean_with_norm,1.5237672328948975,0.6799245476722717,0.42192134261131287,1.1018458902835846,Base Ouro 2.6B,70,3305
mean_without_norm,2.0874311923980713,1.2455590963363647,0.42093604803085327,1.666495144367218,Base Ouro 2.6B,70,3305
attention_with_norm,1.7811297178268433,1.7811297178268433,0.0,1.7811297178268433,Base Ouro 2.6B,71,3359
attention_without_norm,1.7811297178268433,1.7811297178268433,0.0,1.7811297178268433,Base Ouro 2.6B,71,3359
mean_with_norm,1.7811297178268433,1.7811297178268433,0.0,1.7811297178268433,Base Ouro 2.6B,71,3359
mean_without_norm,1.7811297178268433,1.7811297178268433,0.0,1.7811297178268433,Base Ouro 2.6B,71,3359
attention_with_norm,0.8841124176979065,1.1794312000274658,-0.14765939116477966,1.0317718088626862,Base Ouro 2.6B,72,3409
attention_without_norm,1.742228627204895,1.7739819288253784,-0.0158766508102417,1.7581052780151367,Base Ouro 2.6B,72,3409
mean_with_norm,1.3024756908416748,0.39942532777786255,0.45152518153190613,0.8509505093097687,Base Ouro 2.6B,72,3409
mean_without_norm,1.9210443496704102,1.289370059967041,0.31583714485168457,1.6052072048187256,Base Ouro 2.6B,72,3409
attention_with_norm,0.34571021795272827,2.0575220584869385,-0.8559059202671051,1.2016161382198334,Base Ouro 2.6B,73,3441
attention_without_norm,1.2724684476852417,2.38676381111145,-0.5571476817131042,1.829616129398346,Base Ouro 2.6B,73,3441
mean_with_norm,1.1283327341079712,1.5813548564910889,-0.22651106119155884,1.35484379529953,Base Ouro 2.6B,73,3441
mean_without_norm,1.6409364938735962,2.1894612312316895,-0.27426236867904663,1.9151988625526428,Base Ouro 2.6B,73,3441
attention_with_norm,1.7854151725769043,0.7531237006187439,0.5161457359790802,1.269269436597824,Base Ouro 2.6B,74,3499
attention_without_norm,2.2501723766326904,1.5104527473449707,0.36985981464385986,1.8803125619888306,Base Ouro 2.6B,74,3499
mean_with_norm,1.589877724647522,0.931929349899292,0.328974187374115,1.260903537273407,Base Ouro 2.6B,74,3499
mean_without_norm,2.1442270278930664,1.4727237224578857,0.33575165271759033,1.808475375175476,Base Ouro 2.6B,74,3499
attention_with_norm,3.456214189529419,-0.7652802467346191,2.110747218132019,1.3454669713974,Base Ouro 2.6B,75,3501
attention_without_norm,3.569019317626953,-0.2725817561149597,1.9208005368709564,1.6482187807559967,Base Ouro 2.6B,75,3501
mean_with_norm,3.130993127822876,-0.4784213900566101,1.804707258939743,1.326285868883133,Base Ouro 2.6B,75,3501
mean_without_norm,3.1857693195343018,-0.24125263094902039,1.713510975241661,1.4722583442926407,Base Ouro 2.6B,75,3501
attention_with_norm,1.1686466932296753,0.542918860912323,0.31286391615867615,0.8557827770709991,Base Ouro 2.6B,76,3612
attention_without_norm,1.9169471263885498,1.5380289554595947,0.18945908546447754,1.7274880409240723,Base Ouro 2.6B,76,3612
mean_with_norm,0.7135408520698547,1.123239517211914,-0.20484933257102966,0.9183901846408844,Base Ouro 2.6B,76,3612
mean_without_norm,1.4902499914169312,1.9216179847717285,-0.21568399667739868,1.7059339880943298,Base Ouro 2.6B,76,3612
attention_with_norm,2.161041259765625,0.3839772939682007,0.8885319828987122,1.2725092768669128,Base Ouro 2.6B,77,3624
attention_without_norm,2.3370368480682373,0.6795430779457092,0.828746885061264,1.5082899630069733,Base Ouro 2.6B,77,3624
mean_with_norm,1.429861068725586,0.8768669962882996,0.2764970362186432,1.1533640325069427,Base Ouro 2.6B,77,3624
mean_without_norm,1.6273154020309448,1.0963627099990845,0.2654763460159302,1.3618390560150146,Base Ouro 2.6B,77,3624
attention_with_norm,0.866300106048584,1.89387047290802,-0.513785183429718,1.380085289478302,Base Ouro 2.6B,78,3652
attention_without_norm,1.6992453336715698,2.1777215003967285,-0.23923808336257935,1.9384834170341492,Base Ouro 2.6B,78,3652
mean_with_norm,1.2571609020233154,1.3419774770736694,-0.042408287525177,1.2995691895484924,Base Ouro 2.6B,78,3652
mean_without_norm,1.9693995714187622,1.8604861497879028,0.05445671081542969,1.9149428606033325,Base Ouro 2.6B,78,3652
attention_with_norm,1.53371000289917,0.44746577739715576,0.5431221127510071,0.9905878901481628,Base Ouro 2.6B,79,3693
attention_without_norm,2.016155242919922,1.515284776687622,0.2504352331161499,1.765720009803772,Base Ouro 2.6B,79,3693
mean_with_norm,1.902268648147583,0.2020263522863388,0.8501211479306221,1.052147500216961,Base Ouro 2.6B,79,3693
mean_without_norm,2.2278387546539307,1.223986029624939,0.5019263625144958,1.7259123921394348,Base Ouro 2.6B,79,3693
attention_with_norm,2.9308531284332275,-0.40772977471351624,1.6692914515733719,1.2615616768598557,Base Ouro 2.6B,80,3726
attention_without_norm,3.1360316276550293,-0.060578204691410065,1.5983049161732197,1.5377267114818096,Base Ouro 2.6B,80,3726
mean_with_norm,2.6252496242523193,-0.3329075574874878,1.4790785908699036,1.1461710333824158,Base Ouro 2.6B,80,3726
mean_without_norm,2.7305049896240234,-0.013864881359040737,1.372184935491532,1.3583200541324914,Base Ouro 2.6B,80,3726
attention_with_norm,0.6660430431365967,1.7464962005615234,-0.5402265787124634,1.20626962184906,Base Ouro 2.6B,81,3752
attention_without_norm,1.5319079160690308,2.2182185649871826,-0.3431553244590759,1.8750632405281067,Base Ouro 2.6B,81,3752
mean_with_norm,0.7039773464202881,1.8725287914276123,-0.5842757225036621,1.2882530689239502,Base Ouro 2.6B,81,3752
mean_without_norm,1.3655275106430054,2.1583945751190186,-0.3964335322380066,1.761961042881012,Base Ouro 2.6B,81,3752
attention_with_norm,1.9721019268035889,0.6508795619010925,0.6606111824512482,1.3114907443523407,Base Ouro 2.6B,82,3774
attention_without_norm,2.2427542209625244,1.1653386354446411,0.5387077927589417,1.7040464282035828,Base Ouro 2.6B,82,3774
mean_with_norm,2.0444600582122803,0.6036926507949829,0.7203837037086487,1.3240763545036316,Base Ouro 2.6B,82,3774
mean_without_norm,2.210347890853882,0.9664996266365051,0.6219241321086884,1.5884237587451935,Base Ouro 2.6B,82,3774
attention_with_norm,2.4553568363189697,0.04486408829689026,1.2052463740110397,1.25011046230793,Base Ouro 2.6B,83,3839
attention_without_norm,2.8443472385406494,0.7507067322731018,1.0468202531337738,1.7975269854068756,Base Ouro 2.6B,83,3839
mean_with_norm,2.1033711433410645,0.03283011168241501,1.0352705158293247,1.0681006275117397,Base Ouro 2.6B,83,3839
mean_without_norm,2.3685214519500732,0.4699060916900635,0.9493076801300049,1.4192137718200684,Base Ouro 2.6B,83,3839
attention_with_norm,1.1916096210479736,1.236879587173462,-0.02263498306274414,1.2142446041107178,Base Ouro 2.6B,84,3842
attention_without_norm,1.601280689239502,1.917799949645996,-0.15825963020324707,1.759540319442749,Base Ouro 2.6B,84,3842
mean_with_norm,0.7868074178695679,1.4751495122909546,-0.34417104721069336,1.1309784650802612,Base Ouro 2.6B,84,3842
mean_without_norm,1.0782809257507324,2.0005578994750977,-0.4611384868621826,1.539419412612915,Base Ouro 2.6B,84,3842
attention_with_norm,2.571556568145752,0.360972136259079,1.1052922159433365,1.4662643522024155,Base Ouro 2.6B,85,3892
attention_without_norm,2.6738686561584473,0.600409209728241,1.0367297232151031,1.6371389329433441,Base Ouro 2.6B,85,3892
mean_with_norm,2.5823416709899902,0.4722171425819397,1.0550622642040253,1.527279406785965,Base Ouro 2.6B,85,3892
mean_without_norm,2.6834676265716553,0.714094340801239,0.9846866428852081,1.6987809836864471,Base Ouro 2.6B,85,3892
attention_with_norm,3.276331901550293,-0.47028446197509766,1.8733081817626953,1.4030237197875977,Base Ouro 2.6B,86,3911
attention_without_norm,3.3841161727905273,0.5562931299209595,1.413911521434784,1.9702046513557434,Base Ouro 2.6B,86,3911
mean_with_norm,1.9926292896270752,0.06458187103271484,0.9640237092971802,1.028605580329895,Base Ouro 2.6B,86,3911
mean_without_norm,2.44362473487854,0.9463295340538025,0.7486476004123688,1.6949771344661713,Base Ouro 2.6B,86,3911
attention_with_norm,3.0589425563812256,-0.5108557343482971,1.7848991453647614,1.2740434110164642,Base Ouro 2.6B,87,3950
attention_without_norm,3.31539249420166,0.12574900686740875,1.5948217436671257,1.7205707505345345,Base Ouro 2.6B,87,3950
mean_with_norm,3.240652322769165,-0.6332334280014038,1.9369428753852844,1.3037094473838806,Base Ouro 2.6B,87,3950
mean_without_norm,3.4131970405578613,-0.21055378019809723,1.8118754103779793,1.601321630179882,Base Ouro 2.6B,87,3950
attention_with_norm,1.251747488975525,0.899050772190094,0.17634835839271545,1.0753991305828094,Base Ouro 2.6B,88,3965
attention_without_norm,1.939727544784546,1.5277595520019531,0.2059839963912964,1.7337435483932495,Base Ouro 2.6B,88,3965
mean_with_norm,0.7597375512123108,1.4245479106903076,-0.3324051797389984,1.0921427309513092,Base Ouro 2.6B,88,3965
mean_without_norm,1.4275164604187012,1.9750431776046753,-0.27376335859298706,1.7012798190116882,Base Ouro 2.6B,88,3965
attention_with_norm,1.7811297178268433,1.7811297178268433,0.0,1.7811297178268433,Base Ouro 2.6B,89,4001
attention_without_norm,1.7811297178268433,1.7811297178268433,0.0,1.7811297178268433,Base Ouro 2.6B,89,4001
mean_with_norm,1.7811297178268433,1.7811297178268433,0.0,1.7811297178268433,Base Ouro 2.6B,89,4001
mean_without_norm,1.7811297178268433,1.7811297178268433,0.0,1.7811297178268433,Base Ouro 2.6B,89,4001
attention_with_norm,2.2280120849609375,0.22472643852233887,1.0016428232192993,1.2263692617416382,Base Ouro 2.6B,90,4004
attention_without_norm,2.4291152954101562,0.6552354097366333,0.8869399428367615,1.5421753525733948,Base Ouro 2.6B,90,4004
mean_with_norm,1.872685194015503,0.3468632400035858,0.7629109770059586,1.1097742170095444,Base Ouro 2.6B,90,4004
mean_without_norm,2.0605337619781494,0.6793980598449707,0.6905678510665894,1.36996591091156,Base Ouro 2.6B,90,4004
attention_with_norm,1.1169731616973877,1.4303526878356934,-0.15668976306915283,1.2736629247665405,Base Ouro 2.6B,91,4019
attention_without_norm,1.9269778728485107,1.8006547689437866,0.06316155195236206,1.8638163208961487,Base Ouro 2.6B,91,4019
mean_with_norm,0.8495201468467712,1.3174717426300049,-0.23397579789161682,1.083495944738388,Base Ouro 2.6B,91,4019
mean_without_norm,1.837000846862793,1.713878870010376,0.061560988426208496,1.7754398584365845,Base Ouro 2.6B,91,4019
attention_with_norm,2.3067820072174072,0.5841159224510193,0.861333042383194,1.4454489648342133,Base Ouro 2.6B,92,4127
attention_without_norm,2.6924612522125244,1.3688207864761353,0.6618202328681946,2.03064101934433,Base Ouro 2.6B,92,4127
mean_with_norm,1.6402603387832642,0.6256715655326843,0.5072943866252899,1.1329659521579742,Base Ouro 2.6B,92,4127
mean_without_norm,1.9684680700302124,1.3614416122436523,0.30351322889328003,1.6649548411369324,Base Ouro 2.6B,92,4127
attention_with_norm,-0.7052543759346008,2.7157742977142334,-1.7105143368244171,1.0052599608898163,Base Ouro 2.6B,93,4193
attention_without_norm,-0.41949570178985596,2.8342435359954834,-1.6268696188926697,1.2073739171028137,Base Ouro 2.6B,93,4193
mean_with_norm,0.2863534092903137,1.7665326595306396,-0.740089625120163,1.0264430344104767,Base Ouro 2.6B,93,4193
mean_without_norm,0.4929967522621155,1.8928635120391846,-0.6999333798885345,1.19293013215065,Base Ouro 2.6B,93,4193
attention_with_norm,1.0516809225082397,1.2680108547210693,-0.1081649661064148,1.1598458886146545,Base Ouro 2.6B,94,4272
attention_without_norm,1.7634625434875488,1.7289338111877441,0.017264366149902344,1.7461981773376465,Base Ouro 2.6B,94,4272
mean_with_norm,1.356328010559082,1.1810548305511475,0.08763659000396729,1.2686914205551147,Base Ouro 2.6B,94,4272
mean_without_norm,1.951643705368042,1.6793222427368164,0.1361607313156128,1.8154829740524292,Base Ouro 2.6B,94,4272
attention_with_norm,2.3960773944854736,0.2887662947177887,1.0536555498838425,1.3424218446016312,Base Ouro 2.6B,95,4444
attention_without_norm,2.7252588272094727,0.9805404543876648,0.8723591864109039,1.8528996407985687,Base Ouro 2.6B,95,4444
mean_with_norm,2.281477451324463,0.2609025239944458,1.0102874636650085,1.2711899876594543,Base Ouro 2.6B,95,4444
mean_without_norm,2.585561752319336,0.7415555119514465,0.9220031201839447,1.6635586321353912,Base Ouro 2.6B,95,4444
attention_with_norm,0.8725389242172241,2.0846405029296875,-0.6060507893562317,1.4785897135734558,Base Ouro 2.6B,96,4477
attention_without_norm,1.6917009353637695,1.927384376525879,-0.11784172058105469,1.8095426559448242,Base Ouro 2.6B,96,4477
mean_with_norm,0.9013079404830933,1.789947748184204,-0.4443199038505554,1.3456278443336487,Base Ouro 2.6B,96,4477
mean_without_norm,1.700872778892517,2.0842702388763428,-0.19169872999191284,1.89257150888443,Base Ouro 2.6B,96,4477
attention_with_norm,2.9084653854370117,-0.17176896333694458,1.5401171743869781,1.3683482110500336,Base Ouro 2.6B,97,4512
attention_without_norm,3.093074083328247,0.7145304679870605,1.1892718076705933,1.9038022756576538,Base Ouro 2.6B,97,4512
mean_with_norm,1.856724739074707,0.4466332197189331,0.705045759677887,1.15167897939682,Base Ouro 2.6B,97,4512
mean_without_norm,2.207662582397461,1.090229868888855,0.558716356754303,1.648946225643158,Base Ouro 2.6B,97,4512
attention_with_norm,1.503636121749878,0.8493800163269043,0.3271280527114868,1.1765080690383911,Base Ouro 2.6B,98,4525
attention_without_norm,1.7956867218017578,1.2686116695404053,0.26353752613067627,1.5321491956710815,Base Ouro 2.6B,98,4525
mean_with_norm,1.0885586738586426,1.2521047592163086,-0.08177304267883301,1.1703317165374756,Base Ouro 2.6B,98,4525
mean_without_norm,1.4987775087356567,1.6081571578979492,-0.05468982458114624,1.553467333316803,Base Ouro 2.6B,98,4525
attention_with_norm,1.523956298828125,0.831128716468811,0.346413791179657,1.177542507648468,Base Ouro 2.6B,99,4547
attention_without_norm,1.7948875427246094,1.160839319229126,0.3170241117477417,1.4778634309768677,Base Ouro 2.6B,99,4547
mean_with_norm,1.019622802734375,1.0291640758514404,-0.004770636558532715,1.0243934392929077,Base Ouro 2.6B,99,4547
mean_without_norm,1.230974555015564,1.3897351026535034,-0.07938027381896973,1.3103548288345337,Base Ouro 2.6B,99,4547
attention_with_norm,0.6728774309158325,1.3835681676864624,-0.35534536838531494,1.0282227993011475,Base Ouro 2.6B,100,4595
attention_without_norm,1.2728880643844604,1.6855905055999756,-0.20635122060775757,1.479239284992218,Base Ouro 2.6B,100,4595
mean_with_norm,1.1111174821853638,0.6888010501861572,0.21115821599960327,0.8999592661857605,Base Ouro 2.6B,100,4595
mean_without_norm,1.4739912748336792,0.9601401090621948,0.2569255828857422,1.217065691947937,Base Ouro 2.6B,100,4595
attention_with_norm,1.0326120853424072,1.0382030010223389,-0.0027954578399658203,1.035407543182373,Base Ouro 2.6B,101,4677
attention_without_norm,1.656029224395752,1.7116587162017822,-0.027814745903015137,1.683843970298767,Base Ouro 2.6B,101,4677
mean_with_norm,0.538851261138916,1.5855296850204468,-0.5233392119407654,1.0621904730796814,Base Ouro 2.6B,101,4677
mean_without_norm,1.283153772354126,1.9240612983703613,-0.3204537630081177,1.6036075353622437,Base Ouro 2.6B,101,4677
attention_with_norm,1.2117507457733154,1.4831511974334717,-0.13570022583007812,1.3474509716033936,Base Ouro 2.6B,102,4715
attention_without_norm,1.683335304260254,1.8901034593582153,-0.10338407754898071,1.7867193818092346,Base Ouro 2.6B,102,4715
mean_with_norm,0.756546139717102,1.522510290145874,-0.382982075214386,1.139528214931488,Base Ouro 2.6B,102,4715
mean_without_norm,1.295570731163025,1.984716534614563,-0.34457290172576904,1.640143632888794,Base Ouro 2.6B,102,4715
attention_with_norm,2.2753331661224365,-0.04719778895378113,1.1612654775381088,1.1140676885843277,Base Ouro 2.6B,103,4724
attention_without_norm,2.7353355884552,0.641644299030304,1.0468456447124481,1.688489943742752,Base Ouro 2.6B,103,4724
mean_with_norm,2.173837184906006,0.3202013671398163,0.9268179088830948,1.247019276022911,Base Ouro 2.6B,103,4724
mean_without_norm,2.6362671852111816,0.8142631649971008,0.9110020101070404,1.7252651751041412,Base Ouro 2.6B,103,4724
attention_with_norm,1.9008383750915527,1.2339866161346436,0.3334258794784546,1.5674124956130981,Base Ouro 2.6B,104,4764
attention_without_norm,1.8984686136245728,1.8368291854858398,0.030819714069366455,1.8676488995552063,Base Ouro 2.6B,104,4764
mean_with_norm,2.0375006198883057,0.9245390295982361,0.5564807951450348,1.4810198247432709,Base Ouro 2.6B,104,4764
mean_without_norm,2.1556155681610107,1.744377613067627,0.2056189775466919,1.9499965906143188,Base Ouro 2.6B,104,4764
attention_with_norm,2.1247777938842773,0.7280851006507874,0.698346346616745,1.4264314472675323,Base Ouro 2.6B,105,4890
attention_without_norm,2.571117877960205,1.4185974597930908,0.5762602090835571,1.994857668876648,Base Ouro 2.6B,105,4890
mean_with_norm,1.6482365131378174,1.045331597328186,0.3014524579048157,1.3467840552330017,Base Ouro 2.6B,105,4890
mean_without_norm,2.1210031509399414,1.6002941131591797,0.26035451889038086,1.8606486320495605,Base Ouro 2.6B,105,4890
attention_with_norm,2.8753163814544678,-0.24534538388252258,1.5603308826684952,1.3149854987859726,Base Ouro 2.6B,106,4899
attention_without_norm,3.109044313430786,0.4031236469745636,1.3529603332281113,1.7560839802026749,Base Ouro 2.6B,106,4899
mean_with_norm,2.433236837387085,-0.5521473288536072,1.492692083120346,0.9405447542667389,Base Ouro 2.6B,106,4899
mean_without_norm,2.6425564289093018,-0.044135723263025284,1.3433460760861635,1.2992103528231382,Base Ouro 2.6B,106,4899
attention_with_norm,1.7811297178268433,1.7811297178268433,0.0,1.7811297178268433,Base Ouro 2.6B,107,4919
attention_without_norm,1.7811297178268433,1.7811297178268433,0.0,1.7811297178268433,Base Ouro 2.6B,107,4919
mean_with_norm,1.7811297178268433,1.7811297178268433,0.0,1.7811297178268433,Base Ouro 2.6B,107,4919
mean_without_norm,1.7811297178268433,1.7811297178268433,0.0,1.7811297178268433,Base Ouro 2.6B,107,4919
attention_with_norm,1.707955002784729,0.901454508304596,0.40325024724006653,1.3047047555446625,Base Ouro 2.6B,108,4962
attention_without_norm,2.073493480682373,1.1120539903640747,0.48071974515914917,1.5927737355232239,Base Ouro 2.6B,108,4962
mean_with_norm,1.6601479053497314,0.9462329745292664,0.35695746541023254,1.303190439939499,Base Ouro 2.6B,108,4962
mean_without_norm,2.004655122756958,1.223832130432129,0.39041149616241455,1.6142436265945435,Base Ouro 2.6B,108,4962
attention_with_norm,1.6049048900604248,0.6765705943107605,0.46416714787483215,1.1407377421855927,Base Ouro 2.6B,109,4968
attention_without_norm,1.9612996578216553,1.2201721668243408,0.3705637454986572,1.590735912322998,Base Ouro 2.6B,109,4968
mean_with_norm,1.1385903358459473,1.0682921409606934,0.03514909744262695,1.1034412384033203,Base Ouro 2.6B,109,4968
mean_without_norm,1.4251453876495361,1.4641609191894531,-0.019507765769958496,1.4446531534194946,Base Ouro 2.6B,109,4968
attention_with_norm,1.3743497133255005,1.7770135402679443,-0.20133191347122192,1.5756816267967224,Base Ouro 2.6B,110,4969
attention_without_norm,1.7857000827789307,1.915196418762207,-0.06474816799163818,1.8504482507705688,Base Ouro 2.6B,110,4969
mean_with_norm,1.8937163352966309,1.3014014959335327,0.2961574196815491,1.5975589156150818,Base Ouro 2.6B,110,4969
mean_without_norm,2.2228147983551025,1.474205493927002,0.3743046522140503,1.8485101461410522,Base Ouro 2.6B,110,4969
attention_with_norm,0.3692636489868164,1.7483420372009277,-0.6895391941070557,1.058802843093872,Base Ouro 2.6B,111,5023
attention_without_norm,1.3372489213943481,2.1666862964630127,-0.4147186875343323,1.7519676089286804,Base Ouro 2.6B,111,5023
mean_with_norm,0.11819137632846832,2.022465467453003,-0.9521370455622673,1.0703284218907356,Base Ouro 2.6B,111,5023
mean_without_norm,1.3073251247406006,2.2122786045074463,-0.45247673988342285,1.7598018646240234,Base Ouro 2.6B,111,5023
attention_with_norm,1.4005701541900635,1.1450951099395752,0.12773752212524414,1.2728326320648193,Base Ouro 2.6B,112,5121
attention_without_norm,1.6253167390823364,1.4398410320281982,0.09273785352706909,1.5325788855552673,Base Ouro 2.6B,112,5121
mean_with_norm,1.4380526542663574,0.925778329372406,0.2561371624469757,1.1819154918193817,Base Ouro 2.6B,112,5121
mean_without_norm,1.6620814800262451,1.1746509075164795,0.2437152862548828,1.4183661937713623,Base Ouro 2.6B,112,5121
attention_with_norm,1.3749103546142578,0.38551726937294006,0.4946965426206589,0.8802138119935989,Base Ouro 2.6B,113,5256
attention_without_norm,1.739511489868164,0.8175191283226013,0.46099618077278137,1.2785153090953827,Base Ouro 2.6B,113,5256
mean_with_norm,1.7235063314437866,-0.0014243526384234428,0.862465342041105,0.8610409894026816,Base Ouro 2.6B,113,5256
mean_without_norm,1.9503669738769531,0.37586989998817444,0.7872485369443893,1.1631184369325638,Base Ouro 2.6B,113,5256
attention_with_norm,1.7811297178268433,1.7811297178268433,0.0,1.7811297178268433,Base Ouro 2.6B,114,5266
attention_without_norm,1.7811297178268433,1.7811297178268433,0.0,1.7811297178268433,Base Ouro 2.6B,114,5266
mean_with_norm,1.7811297178268433,1.7811297178268433,0.0,1.7811297178268433,Base Ouro 2.6B,114,5266
mean_without_norm,1.7811297178268433,1.7811297178268433,0.0,1.7811297178268433,Base Ouro 2.6B,114,5266
attention_with_norm,2.2341580390930176,0.7149580121040344,0.7596000134944916,1.474558025598526,Base Ouro 2.6B,115,5314
attention_without_norm,2.5315914154052734,1.56185781955719,0.48486679792404175,2.0467246174812317,Base Ouro 2.6B,115,5314
mean_with_norm,1.9449026584625244,0.7618452906608582,0.5915286839008331,1.3533739745616913,Base Ouro 2.6B,115,5314
mean_without_norm,2.44663405418396,1.4739603996276855,0.4863368272781372,1.9602972269058228,Base Ouro 2.6B,115,5314
attention_with_norm,1.93215012550354,0.5352122783660889,0.6984689235687256,1.2336812019348145,Base Ouro 2.6B,116,5341
attention_without_norm,2.2031922340393066,0.8938540816307068,0.6546690762042999,1.5485231578350067,Base Ouro 2.6B,116,5341
mean_with_norm,0.9244301915168762,1.0048598051071167,-0.04021480679512024,0.9646449983119965,Base Ouro 2.6B,116,5341
mean_without_norm,1.2777022123336792,1.3116155862808228,-0.016956686973571777,1.294658899307251,Base Ouro 2.6B,116,5341
attention_with_norm,1.9974403381347656,0.3831111490726471,0.8071645945310593,1.1902757436037064,Base Ouro 2.6B,117,5415
attention_without_norm,2.422135591506958,1.0920097827911377,0.6650629043579102,1.7570726871490479,Base Ouro 2.6B,117,5415
mean_with_norm,1.8284682035446167,0.5847414135932922,0.6218633949756622,1.2066048085689545,Base Ouro 2.6B,117,5415
mean_without_norm,2.3156988620758057,1.2969963550567627,0.5093512535095215,1.8063476085662842,Base Ouro 2.6B,117,5415
attention_with_norm,-0.2912537157535553,1.7954909801483154,-1.0433723479509354,0.7521186321973801,Base Ouro 2.6B,118,5444
attention_without_norm,1.1533972024917603,2.2455153465270996,-0.5460590720176697,1.69945627450943,Base Ouro 2.6B,118,5444
mean_with_norm,0.05643682926893234,1.9746544361114502,-0.9591088034212589,1.0155456326901913,Base Ouro 2.6B,118,5444
mean_without_norm,1.088806390762329,2.4011282920837402,-0.6561609506607056,1.7449673414230347,Base Ouro 2.6B,118,5444
attention_with_norm,-0.11640042066574097,2.435540199279785,-1.275970309972763,1.159569889307022,Base Ouro 2.6B,119,5453
attention_without_norm,0.13572363555431366,2.679931879043579,-1.2721041217446327,1.4078277572989464,Base Ouro 2.6B,119,5453
mean_with_norm,-0.12039096653461456,1.9137904644012451,-1.0170907154679298,0.8966997489333153,Base Ouro 2.6B,119,5453
mean_without_norm,0.17264218628406525,2.1583609580993652,-0.99285938590765,1.1655015721917152,Base Ouro 2.6B,119,5453
attention_with_norm,0.6386523842811584,2.232276678085327,-0.7968121469020844,1.4354645311832428,Base Ouro 2.6B,120,5481
attention_without_norm,0.9645479917526245,2.542579412460327,-0.7890157103538513,1.7535637021064758,Base Ouro 2.6B,120,5481
mean_with_norm,1.0541958808898926,1.687402606010437,-0.3166033625602722,1.3707992434501648,Base Ouro 2.6B,120,5481
mean_without_norm,1.4115341901779175,2.1161229610443115,-0.352294385433197,1.7638285756111145,Base Ouro 2.6B,120,5481
attention_with_norm,1.5490226745605469,1.018939733505249,0.2650414705276489,1.283981204032898,Base Ouro 2.6B,121,5508
attention_without_norm,1.7067232131958008,1.3658595085144043,0.17043185234069824,1.5362913608551025,Base Ouro 2.6B,121,5508
mean_with_norm,1.725303053855896,0.5326153039932251,0.5963438749313354,1.1289591789245605,Base Ouro 2.6B,121,5508
mean_without_norm,1.933389663696289,0.9474626779556274,0.4929634928703308,1.4404261708259583,Base Ouro 2.6B,121,5508
attention_with_norm,2.4420368671417236,0.12167899310588837,1.1601789370179176,1.281857930123806,Base Ouro 2.6B,122,5514
attention_without_norm,2.6172733306884766,0.7264203429222107,0.9454264938831329,1.6718468368053436,Base Ouro 2.6B,122,5514
mean_with_norm,1.857059121131897,0.6056759357452393,0.6256915926933289,1.2313675284385681,Base Ouro 2.6B,122,5514
mean_without_norm,2.0820367336273193,1.0070112943649292,0.5375127196311951,1.5445240139961243,Base Ouro 2.6B,122,5514
attention_with_norm,0.9460038542747498,0.9747955203056335,-0.014395833015441895,0.9603996872901917,Base Ouro 2.6B,123,5548
attention_without_norm,1.387175440788269,1.3229539394378662,0.032110750675201416,1.3550646901130676,Base Ouro 2.6B,123,5548
mean_with_norm,0.9021664261817932,0.6473278403282166,0.12741929292678833,0.7747471332550049,Base Ouro 2.6B,123,5548
mean_without_norm,1.259290099143982,1.024449348449707,0.11742037534713745,1.1418697237968445,Base Ouro 2.6B,123,5548
attention_with_norm,2.2155935764312744,0.29531919956207275,0.9601371884346008,1.2554563879966736,Base Ouro 2.6B,124,5577
attention_without_norm,2.569509506225586,0.6890866160392761,0.9402114450931549,1.629298061132431,Base Ouro 2.6B,124,5577
mean_with_norm,2.0619938373565674,0.10652685165405273,0.9777334928512573,1.08426034450531,Base Ouro 2.6B,124,5577
mean_without_norm,2.332904577255249,0.4139282703399658,0.9594881534576416,1.3734164237976074,Base Ouro 2.6B,124,5577
attention_with_norm,0.8264729380607605,1.9855703115463257,-0.5795486867427826,1.406021624803543,Base Ouro 2.6B,125,5591
attention_without_norm,1.4216433763504028,2.2744882106781006,-0.4264224171638489,1.8480657935142517,Base Ouro 2.6B,125,5591
mean_with_norm,0.29401615262031555,1.8452117443084717,-0.7755977958440781,1.0696139484643936,Base Ouro 2.6B,125,5591
mean_without_norm,0.7495608925819397,2.2040228843688965,-0.7272309958934784,1.476791888475418,Base Ouro 2.6B,125,5591
attention_with_norm,2.4441518783569336,0.26347702741622925,1.0903374254703522,1.3538144528865814,Base Ouro 2.6B,126,5624
attention_without_norm,2.5819170475006104,0.6486234664916992,0.9666467905044556,1.6152702569961548,Base Ouro 2.6B,126,5624
mean_with_norm,2.198695421218872,0.4471520483493805,0.8757716864347458,1.3229237347841263,Base Ouro 2.6B,126,5624
mean_without_norm,2.3058078289031982,0.6257543563842773,0.8400267362594604,1.4657810926437378,Base Ouro 2.6B,126,5624
attention_with_norm,1.0888363122940063,1.327272891998291,-0.11921828985214233,1.2080546021461487,Base Ouro 2.6B,127,5714
attention_without_norm,1.6888747215270996,1.9333734512329102,-0.12224936485290527,1.8111240863800049,Base Ouro 2.6B,127,5714
mean_with_norm,1.5458645820617676,0.043873436748981476,0.750995572656393,0.7948690094053745,Base Ouro 2.6B,127,5714
mean_without_norm,1.9683771133422852,0.9840067625045776,0.49218517541885376,1.4761919379234314,Base Ouro 2.6B,127,5714
attention_with_norm,0.491347998380661,2.0327036380767822,-0.7706778198480606,1.2620258182287216,Base Ouro 2.6B,128,5772
attention_without_norm,1.2584770917892456,2.4040114879608154,-0.5727671980857849,1.8312442898750305,Base Ouro 2.6B,128,5772
mean_with_norm,1.0296992063522339,1.361517071723938,-0.16590893268585205,1.195608139038086,Base Ouro 2.6B,128,5772
mean_without_norm,1.6660938262939453,1.841170072555542,-0.08753812313079834,1.7536319494247437,Base Ouro 2.6B,128,5772
attention_with_norm,1.7811297178268433,1.7811297178268433,0.0,1.7811297178268433,Base Ouro 2.6B,129,5923
attention_without_norm,1.7811297178268433,1.7811297178268433,0.0,1.7811297178268433,Base Ouro 2.6B,129,5923
mean_with_norm,1.7811297178268433,1.7811297178268433,0.0,1.7811297178268433,Base Ouro 2.6B,129,5923
mean_without_norm,1.7811297178268433,1.7811297178268433,0.0,1.7811297178268433,Base Ouro 2.6B,129,5923
attention_with_norm,2.4174211025238037,-0.09638771414756775,1.2569044083356857,1.160516694188118,Base Ouro 2.6B,130,5938
attention_without_norm,2.612534761428833,0.9597836136817932,0.8263755738735199,1.786159187555313,Base Ouro 2.6B,130,5938
mean_with_norm,1.8897342681884766,0.3886265158653259,0.7505538761615753,1.1391803920269012,Base Ouro 2.6B,130,5938
mean_without_norm,2.1820147037506104,1.241581916809082,0.47021639347076416,1.7117983102798462,Base Ouro 2.6B,130,5938
attention_with_norm,0.704163134098053,1.4848973751068115,-0.3903671205043793,1.0945302546024323,Base Ouro 2.6B,131,5965
attention_without_norm,1.752577543258667,1.809509515762329,-0.028465986251831055,1.781043529510498,Base Ouro 2.6B,131,5965
mean_with_norm,0.8225860595703125,1.2919983863830566,-0.23470616340637207,1.0572922229766846,Base Ouro 2.6B,131,5965
mean_without_norm,1.7136062383651733,1.8461554050445557,-0.06627458333969116,1.7798808217048645,Base Ouro 2.6B,131,5965
attention_with_norm,1.9502687454223633,0.5932785868644714,0.6784950792789459,1.2717736661434174,Base Ouro 2.6B,132,5991
attention_without_norm,2.391348123550415,1.0185048580169678,0.6864216327667236,1.7049264907836914,Base Ouro 2.6B,132,5991
mean_with_norm,1.4460437297821045,0.5856621861457825,0.430190771818161,1.0158529579639435,Base Ouro 2.6B,132,5991
mean_without_norm,1.8012274503707886,0.9897961020469666,0.405715674161911,1.3955117762088776,Base Ouro 2.6B,132,5991
attention_with_norm,2.2538020610809326,0.10683513432741165,1.0734834633767605,1.1803185977041721,Base Ouro 2.6B,133,6061
attention_without_norm,2.52811336517334,0.5374674201011658,0.995322972536087,1.5327903926372528,Base Ouro 2.6B,133,6061
mean_with_norm,1.8005256652832031,0.7214547395706177,0.5395354628562927,1.2609902024269104,Base Ouro 2.6B,133,6061
mean_without_norm,2.0240252017974854,0.9622681140899658,0.5308785438537598,1.4931466579437256,Base Ouro 2.6B,133,6061
attention_with_norm,2.0691845417022705,0.2678235173225403,0.9006805121898651,1.1685040295124054,Base Ouro 2.6B,134,6099
attention_without_norm,2.3950226306915283,1.4136117696762085,0.4907054305076599,1.9043172001838684,Base Ouro 2.6B,134,6099
mean_with_norm,1.856374979019165,0.3354191482067108,0.7604779154062271,1.095897063612938,Base Ouro 2.6B,134,6099
mean_without_norm,2.2527971267700195,1.1450825929641724,0.5538572669029236,1.698939859867096,Base Ouro 2.6B,134,6099
attention_with_norm,1.445801019668579,0.6959357857704163,0.3749326169490814,1.0708684027194977,Base Ouro 2.6B,135,6101
attention_without_norm,2.2063815593719482,1.4391839504241943,0.38359880447387695,1.8227827548980713,Base Ouro 2.6B,135,6101
mean_with_norm,1.3059484958648682,1.0441653728485107,0.1308915615081787,1.1750569343566895,Base Ouro 2.6B,135,6101
mean_without_norm,2.097541570663452,1.6435058116912842,0.22701787948608398,1.8705236911773682,Base Ouro 2.6B,135,6101
attention_with_norm,1.5298194885253906,0.48437681794166565,0.5227213352918625,1.0070981532335281,Base Ouro 2.6B,136,6113
attention_without_norm,1.951434850692749,1.6158699989318848,0.16778242588043213,1.783652424812317,Base Ouro 2.6B,136,6113
mean_with_norm,0.6083646416664124,1.1110857725143433,-0.25136056542396545,0.8597252070903778,Base Ouro 2.6B,136,6113
mean_without_norm,1.57723867893219,1.803170919418335,-0.11296612024307251,1.6902047991752625,Base Ouro 2.6B,136,6113
attention_with_norm,2.9755971431732178,0.030972875654697418,1.4723121337592602,1.5032850094139576,Base Ouro 2.6B,137,6247
attention_without_norm,2.5042107105255127,1.3899261951446533,0.5571422576904297,1.947068452835083,Base Ouro 2.6B,137,6247
mean_with_norm,2.5232484340667725,0.29392561316490173,1.1146614104509354,1.408587023615837,Base Ouro 2.6B,137,6247
mean_without_norm,2.540696859359741,1.3445767164230347,0.5980600714683533,1.942636787891388,Base Ouro 2.6B,137,6247
attention_with_norm,0.34153854846954346,1.9009369611740112,-0.7796992063522339,1.1212377548217773,Base Ouro 2.6B,138,6258
attention_without_norm,1.3576877117156982,2.3745367527008057,-0.5084245204925537,1.866112232208252,Base Ouro 2.6B,138,6258
mean_with_norm,-0.010599314235150814,1.9805338382720947,-0.9955665762536228,0.984967262018472,Base Ouro 2.6B,138,6258
mean_without_norm,0.7562511563301086,2.417888641357422,-0.8308187425136566,1.5870698988437653,Base Ouro 2.6B,138,6258
attention_with_norm,2.7793941497802734,0.07647041231393814,1.3514618687331676,1.4279322810471058,Base Ouro 2.6B,139,6334
attention_without_norm,2.991676092147827,0.705824077129364,1.1429260075092316,1.8487500846385956,Base Ouro 2.6B,139,6334
mean_with_norm,3.025520086288452,0.1542208343744278,1.4356496259570122,1.58987046033144,Base Ouro 2.6B,139,6334
mean_without_norm,3.1764755249023438,0.5595796704292297,1.308447927236557,1.8680275976657867,Base Ouro 2.6B,139,6334
attention_with_norm,0.6779040098190308,1.1317999362945557,-0.22694796323776245,0.9048519730567932,Base Ouro 2.6B,140,6353
attention_without_norm,1.3595330715179443,1.7589020729064941,-0.1996845006942749,1.5592175722122192,Base Ouro 2.6B,140,6353
mean_with_norm,1.0252143144607544,0.9844966530799866,0.02035883069038391,1.0048554837703705,Base Ouro 2.6B,140,6353
mean_without_norm,1.6028659343719482,1.645331621170044,-0.02123284339904785,1.624098777770996,Base Ouro 2.6B,140,6353
attention_with_norm,0.9671381115913391,1.5514763593673706,-0.29216912388801575,1.2593072354793549,Base Ouro 2.6B,141,6375
attention_without_norm,1.4145350456237793,1.8820984363555908,-0.23378169536590576,1.648316740989685,Base Ouro 2.6B,141,6375
mean_with_norm,1.9058613777160645,0.6503698825836182,0.6277457475662231,1.2781156301498413,Base Ouro 2.6B,141,6375
mean_without_norm,2.3290271759033203,1.1467792987823486,0.5911239385604858,1.7379032373428345,Base Ouro 2.6B,141,6375
attention_with_norm,1.433286428451538,0.667232871055603,0.38302677869796753,1.0502596497535706,Base Ouro 2.6B,142,6513
attention_without_norm,1.7532038688659668,1.1280577182769775,0.31257307529449463,1.4406307935714722,Base Ouro 2.6B,142,6513
mean_with_norm,1.0516828298568726,1.0648932456970215,-0.006605207920074463,1.058288037776947,Base Ouro 2.6B,142,6513
mean_without_norm,1.3841087818145752,1.4458224773406982,-0.030856847763061523,1.4149656295776367,Base Ouro 2.6B,142,6513
attention_with_norm,0.5165178775787354,2.2963032722473145,-0.8898926973342896,1.406410574913025,Base Ouro 2.6B,143,6518
attention_without_norm,1.1066176891326904,2.7798564434051514,-0.8366193771362305,1.943237066268921,Base Ouro 2.6B,143,6518
mean_with_norm,0.6049683690071106,2.196650266647339,-0.7958409488201141,1.4008093178272247,Base Ouro 2.6B,143,6518
mean_without_norm,1.0957881212234497,2.731384515762329,-0.8177981972694397,1.9135863184928894,Base Ouro 2.6B,143,6518
attention_with_norm,1.8641211986541748,0.35082611441612244,0.7566475421190262,1.1074736565351486,Base Ouro 2.6B,144,6592
attention_without_norm,2.152214527130127,1.5118448734283447,0.3201848268508911,1.8320297002792358,Base Ouro 2.6B,144,6592
mean_with_norm,2.299574851989746,0.14109724760055542,1.0792388021945953,1.2203360497951508,Base Ouro 2.6B,144,6592
mean_without_norm,2.3949759006500244,1.1622834205627441,0.6163462400436401,1.7786296606063843,Base Ouro 2.6B,144,6592
attention_with_norm,0.7962847352027893,1.087712049484253,-0.1457136571407318,0.9419983923435211,Base Ouro 2.6B,145,6609
attention_without_norm,1.621605634689331,1.7622883319854736,-0.07034134864807129,1.6919469833374023,Base Ouro 2.6B,145,6609
mean_with_norm,0.9562161564826965,0.46750712394714355,0.2443545162677765,0.71186164021492,Base Ouro 2.6B,145,6609
mean_without_norm,1.5721083879470825,1.3768067359924316,0.09765082597732544,1.474457561969757,Base Ouro 2.6B,145,6609
attention_with_norm,2.439619302749634,0.6937485337257385,0.8729353845119476,1.5666839182376862,Base Ouro 2.6B,146,6625
attention_without_norm,1.8257102966308594,1.7627873420715332,0.031461477279663086,1.7942488193511963,Base Ouro 2.6B,146,6625
mean_with_norm,1.8830158710479736,0.8426005840301514,0.5202076435089111,1.3628082275390625,Base Ouro 2.6B,146,6625
mean_without_norm,1.98368239402771,1.7729990482330322,0.10534167289733887,1.878340721130371,Base Ouro 2.6B,146,6625
attention_with_norm,-0.9301727414131165,2.929208993911743,-1.9296908676624298,0.9995181262493134,Base Ouro 2.6B,147,6672
attention_without_norm,0.9767888188362122,2.622157335281372,-0.82268425822258,1.7994730770587921,Base Ouro 2.6B,147,6672
mean_with_norm,-0.6047624945640564,2.0952093601226807,-1.3499859273433685,0.7452234327793121,Base Ouro 2.6B,147,6672
mean_without_norm,1.2023266553878784,2.2546908855438232,-0.5261821150779724,1.7285087704658508,Base Ouro 2.6B,147,6672
attention_with_norm,1.9611353874206543,0.6270185112953186,0.6670584380626678,1.2940769493579865,Base Ouro 2.6B,148,6679
attention_without_norm,2.4737212657928467,1.3514320850372314,0.5611445903778076,1.912576675415039,Base Ouro 2.6B,148,6679
mean_with_norm,0.6552648544311523,1.1080255508422852,-0.2263803482055664,0.8816452026367188,Base Ouro 2.6B,148,6679
mean_without_norm,1.1887576580047607,1.5587530136108398,-0.18499767780303955,1.3737553358078003,Base Ouro 2.6B,148,6679
attention_with_norm,1.9672538042068481,0.8785962462425232,0.5443287789821625,1.4229250252246857,Base Ouro 2.6B,149,6749
attention_without_norm,2.4096744060516357,1.3098671436309814,0.5499036312103271,1.8597707748413086,Base Ouro 2.6B,149,6749
mean_with_norm,1.7740983963012695,0.7669203877449036,0.503589004278183,1.2705093920230865,Base Ouro 2.6B,149,6749
mean_without_norm,2.3234870433807373,1.2103171348571777,0.5565849542617798,1.7669020891189575,Base Ouro 2.6B,149,6749
attention_with_norm,0.05343259871006012,2.8524348735809326,-1.3995011374354362,1.4529337361454964,Base Ouro 2.6B,150,6767
attention_without_norm,0.5771934986114502,3.0090346336364746,-1.2159205675125122,1.7931140661239624,Base Ouro 2.6B,150,6767
mean_with_norm,0.4804117679595947,1.9987740516662598,-0.7591811418533325,1.2395929098129272,Base Ouro 2.6B,150,6767
mean_without_norm,0.837793231010437,2.207766532897949,-0.6849866509437561,1.5227798819541931,Base Ouro 2.6B,150,6767
attention_with_norm,1.5262081623077393,1.2342097759246826,0.14599919319152832,1.380208969116211,Base Ouro 2.6B,151,6818
attention_without_norm,2.106342077255249,1.6621780395507812,0.2220820188522339,1.8842600584030151,Base Ouro 2.6B,151,6818
mean_with_norm,1.885915994644165,0.6561863422393799,0.6148648262023926,1.2710511684417725,Base Ouro 2.6B,151,6818
mean_without_norm,2.2384603023529053,1.5420958995819092,0.34818220138549805,1.8902781009674072,Base Ouro 2.6B,151,6818
attention_with_norm,1.767683982849121,0.3815748691558838,0.6930545568466187,1.0746294260025024,Base Ouro 2.6B,152,6827
attention_without_norm,2.2390732765197754,1.3099656105041504,0.4645538330078125,1.774519443511963,Base Ouro 2.6B,152,6827
mean_with_norm,0.8639603853225708,0.985472559928894,-0.06075608730316162,0.9247164726257324,Base Ouro 2.6B,152,6827
mean_without_norm,1.5761117935180664,1.7622166872024536,-0.0930524468421936,1.66916424036026,Base Ouro 2.6B,152,6827
attention_with_norm,1.3954310417175293,1.3477811813354492,0.02382493019104004,1.3716061115264893,Base Ouro 2.6B,153,6922
attention_without_norm,1.7617360353469849,1.9620721340179443,-0.10016804933547974,1.8619040846824646,Base Ouro 2.6B,153,6922
mean_with_norm,1.6369173526763916,0.09603070467710495,0.7704433239996433,0.8664740286767483,Base Ouro 2.6B,153,6922
mean_without_norm,2.0688278675079346,0.9823367595672607,0.5432455539703369,1.5255823135375977,Base Ouro 2.6B,153,6922
attention_with_norm,1.0368038415908813,1.6536442041397095,-0.30842018127441406,1.3452240228652954,Base Ouro 2.6B,154,6962
attention_without_norm,1.8515241146087646,1.8930089473724365,-0.020742416381835938,1.8722665309906006,Base Ouro 2.6B,154,6962
mean_with_norm,0.23506788909435272,1.5280070304870605,-0.6464695706963539,0.8815374597907066,Base Ouro 2.6B,154,6962
mean_without_norm,1.32210373878479,2.0095059871673584,-0.3437011241912842,1.6658048629760742,Base Ouro 2.6B,154,6962
attention_with_norm,-0.34716564416885376,2.86401104927063,-1.6055883467197418,1.258422702550888,Base Ouro 2.6B,155,6970
attention_without_norm,0.35059311985969543,3.120204210281372,-1.3848055452108383,1.7353986650705338,Base Ouro 2.6B,155,6970
mean_with_norm,-0.4937402904033661,2.7638742923736572,-1.6288072913885117,1.1350670009851456,Base Ouro 2.6B,155,6970
mean_without_norm,0.2710198163986206,2.9855098724365234,-1.3572450280189514,1.628264844417572,Base Ouro 2.6B,155,6970
attention_with_norm,1.7127537727355957,0.6205156445503235,0.5461190640926361,1.1666347086429596,Base Ouro 2.6B,156,7016
attention_without_norm,1.9821226596832275,1.0852901935577393,0.44841623306274414,1.5337064266204834,Base Ouro 2.6B,156,7016
mean_with_norm,1.6279373168945312,0.7301920056343079,0.4488726556301117,1.1790646612644196,Base Ouro 2.6B,156,7016
mean_without_norm,1.9052010774612427,1.114415168762207,0.3953929543495178,1.5098081231117249,Base Ouro 2.6B,156,7016
attention_with_norm,1.3418678045272827,0.43762946128845215,0.4521191716194153,0.8897486329078674,Base Ouro 2.6B,157,7062
attention_without_norm,1.9559539556503296,1.47673499584198,0.2396094799041748,1.7163444757461548,Base Ouro 2.6B,157,7062
mean_with_norm,0.49738872051239014,1.0868597030639648,-0.29473549127578735,0.7921242117881775,Base Ouro 2.6B,157,7062
mean_without_norm,1.5253589153289795,1.7710732221603394,-0.12285715341567993,1.6482160687446594,Base Ouro 2.6B,157,7062
attention_with_norm,2.187424421310425,0.1833750158548355,1.0020247027277946,1.1853997185826302,Base Ouro 2.6B,158,7105
attention_without_norm,2.355604887008667,1.2608784437179565,0.5473632216453552,1.8082416653633118,Base Ouro 2.6B,158,7105
mean_with_norm,2.7614896297454834,-0.29326513409614563,1.5273773819208145,1.2341122478246689,Base Ouro 2.6B,158,7105
mean_without_norm,2.87793231010437,0.7772207856178284,1.0503557622432709,1.8275765478610992,Base Ouro 2.6B,158,7105
attention_with_norm,2.2222659587860107,0.4712885320186615,0.8754887133836746,1.3467772454023361,Base Ouro 2.6B,159,7155
attention_without_norm,2.422039270401001,0.8486183881759644,0.7867104411125183,1.6353288292884827,Base Ouro 2.6B,159,7155
mean_with_norm,2.1108415126800537,0.10568680614233017,1.0025773532688618,1.108264159411192,Base Ouro 2.6B,159,7155
mean_without_norm,2.2390658855438232,0.37547576427459717,0.931795060634613,1.3072708249092102,Base Ouro 2.6B,159,7155
attention_with_norm,1.7611958980560303,0.9979795217514038,0.38160818815231323,1.379587709903717,Base Ouro 2.6B,160,7232
attention_without_norm,2.1992251873016357,1.7242690324783325,0.2374780774116516,1.9617471098899841,Base Ouro 2.6B,160,7232
mean_with_norm,0.9144241213798523,1.5421864986419678,-0.31388118863105774,1.22830531001091,Base Ouro 2.6B,160,7232
mean_without_norm,1.4301161766052246,2.284444808959961,-0.42716431617736816,1.8572804927825928,Base Ouro 2.6B,160,7232
attention_with_norm,0.11524871736764908,2.410362958908081,-1.147557120770216,1.262805838137865,Base Ouro 2.6B,161,7234
attention_without_norm,0.38829538226127625,2.634315252304077,-1.1230099350214005,1.5113053172826767,Base Ouro 2.6B,161,7234
mean_with_norm,1.1692876815795898,0.92876797914505,0.1202598512172699,1.04902783036232,Base Ouro 2.6B,161,7234
mean_without_norm,1.328798532485962,1.151277780532837,0.0887603759765625,1.2400381565093994,Base Ouro 2.6B,161,7234
attention_with_norm,2.2307326793670654,0.8616639971733093,0.684534341096878,1.5461983382701874,Base Ouro 2.6B,162,7235
attention_without_norm,2.3518288135528564,1.6763418912887573,0.33774346113204956,2.014085352420807,Base Ouro 2.6B,162,7235
mean_with_norm,2.2914483547210693,0.5532976984977722,0.8690753281116486,1.4223730266094208,Base Ouro 2.6B,162,7235
mean_without_norm,2.6552350521087646,1.0988140106201172,0.7782105207443237,1.877024531364441,Base Ouro 2.6B,162,7235
attention_with_norm,0.5828705430030823,2.2013630867004395,-0.8092462718486786,1.3921168148517609,Base Ouro 2.6B,163,7297
attention_without_norm,1.7210967540740967,2.1456704139709473,-0.2122868299484253,1.933383584022522,Base Ouro 2.6B,163,7297
mean_with_norm,-0.06431213021278381,2.108583688735962,-1.0864479094743729,1.022135779261589,Base Ouro 2.6B,163,7297
mean_without_norm,1.2561156749725342,2.229250907897949,-0.4865676164627075,1.7426832914352417,Base Ouro 2.6B,163,7297
attention_with_norm,2.178096055984497,0.708717405796051,0.734689325094223,1.443406730890274,Base Ouro 2.6B,164,7328
attention_without_norm,2.336944341659546,1.0524688959121704,0.6422377228736877,1.6947066187858582,Base Ouro 2.6B,164,7328
mean_with_norm,1.813401699066162,0.5537500977516174,0.6298258006572723,1.1835758984088898,Base Ouro 2.6B,164,7328
mean_without_norm,2.059631824493408,0.9395983815193176,0.5600167214870453,1.499615103006363,Base Ouro 2.6B,164,7328
attention_with_norm,1.1564784049987793,1.232563853263855,-0.03804272413253784,1.1945211291313171,Base Ouro 2.6B,165,7345
attention_without_norm,1.7811111211776733,1.5808173418045044,0.10014688968658447,1.6809642314910889,Base Ouro 2.6B,165,7345
mean_with_norm,1.4073957204818726,1.3283368349075317,0.03952944278717041,1.3678662776947021,Base Ouro 2.6B,165,7345
mean_without_norm,1.8768411874771118,1.7019257545471191,0.08745771646499634,1.7893834710121155,Base Ouro 2.6B,165,7345
attention_with_norm,1.8848116397857666,0.5389418601989746,0.672934889793396,1.2118767499923706,Base Ouro 2.6B,166,7355
attention_without_norm,2.1509311199188232,1.525887131690979,0.3125219941139221,1.8384091258049011,Base Ouro 2.6B,166,7355
mean_with_norm,2.144256830215454,0.3889889121055603,0.8776339590549469,1.2666228711605072,Base Ouro 2.6B,166,7355
mean_without_norm,2.5490119457244873,1.3383419513702393,0.605334997177124,1.9436769485473633,Base Ouro 2.6B,166,7355
attention_with_norm,1.1332594156265259,0.49599307775497437,0.31863316893577576,0.8146262466907501,Base Ouro 2.6B,167,7404
attention_without_norm,1.7959578037261963,1.59390389919281,0.10102695226669312,1.6949308514595032,Base Ouro 2.6B,167,7404
mean_with_norm,1.1255375146865845,0.5882483124732971,0.2686446011066437,0.8568929135799408,Base Ouro 2.6B,167,7404
mean_without_norm,1.7257604598999023,1.4105784893035889,0.15759098529815674,1.5681694746017456,Base Ouro 2.6B,167,7404
attention_with_norm,-0.40416228771209717,2.9142417907714844,-1.6592020392417908,1.2550397515296936,Base Ouro 2.6B,168,7431
attention_without_norm,0.46117299795150757,3.156813859939575,-1.3478204309940338,1.8089934289455414,Base Ouro 2.6B,168,7431
mean_with_norm,-0.08735042810440063,2.2018346786499023,-1.1445925533771515,1.0572421252727509,Base Ouro 2.6B,168,7431
mean_without_norm,0.5029985308647156,2.592000722885132,-1.0445010960102081,1.5474996268749237,Base Ouro 2.6B,168,7431
attention_with_norm,1.7811297178268433,1.7811297178268433,0.0,1.7811297178268433,Base Ouro 2.6B,169,7462
attention_without_norm,1.7811297178268433,1.7811297178268433,0.0,1.7811297178268433,Base Ouro 2.6B,169,7462
mean_with_norm,1.7811297178268433,1.7811297178268433,0.0,1.7811297178268433,Base Ouro 2.6B,169,7462
mean_without_norm,1.7811297178268433,1.7811297178268433,0.0,1.7811297178268433,Base Ouro 2.6B,169,7462
attention_with_norm,-0.34203770756721497,3.5278871059417725,-1.9349624067544937,1.5929246991872787,Base Ouro 2.6B,170,7521
attention_without_norm,0.2697719633579254,3.783430814743042,-1.7568294256925583,2.0266013890504837,Base Ouro 2.6B,170,7521
mean_with_norm,-0.5005947947502136,3.455937147140503,-1.9782659709453583,1.4776711761951447,Base Ouro 2.6B,170,7521
mean_without_norm,0.07999885827302933,3.5841736793518066,-1.7520874105393887,1.832086268812418,Base Ouro 2.6B,170,7521
attention_with_norm,4.1078290939331055,-0.9169712662696838,2.5124001801013947,1.5954289138317108,Base Ouro 2.6B,171,7524
attention_without_norm,4.178420066833496,-0.5545606017112732,2.3664903342723846,1.8119297325611115,Base Ouro 2.6B,171,7524
mean_with_norm,3.853689193725586,-0.8912755250930786,2.3724823594093323,1.4812068343162537,Base Ouro 2.6B,171,7524
mean_without_norm,3.9296820163726807,-0.5948740243911743,2.2622780203819275,1.6674039959907532,Base Ouro 2.6B,171,7524
attention_with_norm,1.6096278429031372,1.0961668491363525,0.25673049688339233,1.3528973460197449,Base Ouro 2.6B,172,7527
attention_without_norm,1.9403424263000488,1.4234747886657715,0.25843381881713867,1.6819086074829102,Base Ouro 2.6B,172,7527
mean_with_norm,1.5038926601409912,0.9566908478736877,0.27360090613365173,1.2302917540073395,Base Ouro 2.6B,172,7527
mean_without_norm,1.7272964715957642,1.266122579574585,0.2305869460105896,1.4967095255851746,Base Ouro 2.6B,172,7527
attention_with_norm,1.7811297178268433,1.7811297178268433,0.0,1.7811297178268433,Base Ouro 2.6B,173,7542
attention_without_norm,1.7811297178268433,1.7811297178268433,0.0,1.7811297178268433,Base Ouro 2.6B,173,7542
mean_with_norm,1.7811297178268433,1.7811297178268433,0.0,1.7811297178268433,Base Ouro 2.6B,173,7542
mean_without_norm,1.7811297178268433,1.7811297178268433,0.0,1.7811297178268433,Base Ouro 2.6B,173,7542
attention_with_norm,1.7811297178268433,1.7811297178268433,0.0,1.7811297178268433,Base Ouro 2.6B,174,7573
attention_without_norm,1.7811297178268433,1.7811297178268433,0.0,1.7811297178268433,Base Ouro 2.6B,174,7573
mean_with_norm,1.7811297178268433,1.7811297178268433,0.0,1.7811297178268433,Base Ouro 2.6B,174,7573
mean_without_norm,1.7811297178268433,1.7811297178268433,0.0,1.7811297178268433,Base Ouro 2.6B,174,7573
attention_with_norm,0.7000042796134949,1.4571589231491089,-0.378577321767807,1.0785816013813019,Base Ouro 2.6B,175,7598
attention_without_norm,1.3961129188537598,1.9633792638778687,-0.28363317251205444,1.6797460913658142,Base Ouro 2.6B,175,7598
mean_with_norm,0.5458913445472717,1.4197981357574463,-0.4369533956050873,0.982844740152359,Base Ouro 2.6B,175,7598
mean_without_norm,1.1095163822174072,1.9768686294555664,-0.4336761236190796,1.5431925058364868,Base Ouro 2.6B,175,7598
attention_with_norm,0.9466437697410583,0.9143791794776917,0.01613229513168335,0.930511474609375,Base Ouro 2.6B,176,7634
attention_without_norm,1.4068539142608643,1.554884910583496,-0.07401549816131592,1.4808694124221802,Base Ouro 2.6B,176,7634
mean_with_norm,1.033947229385376,0.9730779528617859,0.030434638261795044,1.003512591123581,Base Ouro 2.6B,176,7634
mean_without_norm,1.432856798171997,1.474440097808838,-0.02079164981842041,1.4536484479904175,Base Ouro 2.6B,176,7634
attention_with_norm,0.7944164872169495,0.8715308308601379,-0.03855717182159424,0.8329736590385437,Base Ouro 2.6B,177,7701
attention_without_norm,1.3203182220458984,1.7088581323623657,-0.19426995515823364,1.514588177204132,Base Ouro 2.6B,177,7701
mean_with_norm,0.8715285062789917,1.0770105123519897,-0.10274100303649902,0.9742695093154907,Base Ouro 2.6B,177,7701
mean_without_norm,1.176483392715454,1.620844841003418,-0.22218072414398193,1.398664116859436,Base Ouro 2.6B,177,7701
attention_with_norm,0.12775099277496338,2.325322389602661,-1.0987856984138489,1.2265366911888123,Base Ouro 2.6B,178,7752
attention_without_norm,0.7166531085968018,2.511749505996704,-0.8975481986999512,1.614201307296753,Base Ouro 2.6B,178,7752
mean_with_norm,0.2723178565502167,2.062607765197754,-0.8951449543237686,1.1674628108739853,Base Ouro 2.6B,178,7752
mean_without_norm,0.7505437135696411,2.2785391807556152,-0.7639977335929871,1.5145414471626282,Base Ouro 2.6B,178,7752
attention_with_norm,1.4906046390533447,0.9687780141830444,0.26091331243515015,1.2296913266181946,Base Ouro 2.6B,179,7773
attention_without_norm,2.1690495014190674,1.5969977378845215,0.28602588176727295,1.8830236196517944,Base Ouro 2.6B,179,7773
mean_with_norm,0.833683431148529,1.2817325592041016,-0.22402456402778625,1.0577079951763153,Base Ouro 2.6B,179,7773
mean_without_norm,1.7775262594223022,1.7079497575759888,0.03478825092315674,1.7427380084991455,Base Ouro 2.6B,179,7773
attention_with_norm,2.697166681289673,-0.6537687182426453,1.675467699766159,1.0216989815235138,Base Ouro 2.6B,180,7836
attention_without_norm,2.8694441318511963,0.3482920527458191,1.2605760395526886,1.6088680922985077,Base Ouro 2.6B,180,7836
mean_with_norm,2.252298355102539,0.13149909675121307,1.060399629175663,1.191898725926876,Base Ouro 2.6B,180,7836
mean_without_norm,2.445086717605591,0.9730309844017029,0.736027866601944,1.7090588510036469,Base Ouro 2.6B,180,7836
attention_with_norm,0.8697718977928162,1.140035629272461,-0.1351318657398224,1.0049037635326385,Base Ouro 2.6B,181,7889
attention_without_norm,1.4118306636810303,1.4147002696990967,-0.0014348030090332031,1.4132654666900635,Base Ouro 2.6B,181,7889
mean_with_norm,1.188335657119751,1.014905333518982,0.08671516180038452,1.1016204953193665,Base Ouro 2.6B,181,7889
mean_without_norm,1.5298974514007568,1.2521698474884033,0.13886380195617676,1.39103364944458,Base Ouro 2.6B,181,7889
attention_with_norm,1.5936768054962158,0.7644726037979126,0.4146021008491516,1.1790747046470642,Base Ouro 2.6B,182,7905
attention_without_norm,2.048841714859009,1.5973601341247559,0.22574079036712646,1.8231009244918823,Base Ouro 2.6B,182,7905
mean_with_norm,1.8920135498046875,0.7278100848197937,0.5821017324924469,1.3099118173122406,Base Ouro 2.6B,182,7905
mean_without_norm,2.3123276233673096,1.4260547161102295,0.44313645362854004,1.8691911697387695,Base Ouro 2.6B,182,7905
attention_with_norm,1.9112350940704346,0.4025200605392456,0.7543575167655945,1.15687757730484,Base Ouro 2.6B,183,7906
attention_without_norm,2.4644477367401123,1.2545949220657349,0.6049264073371887,1.8595213294029236,Base Ouro 2.6B,183,7906
mean_with_norm,1.4696086645126343,1.0846140384674072,0.19249731302261353,1.2771113514900208,Base Ouro 2.6B,183,7906
mean_without_norm,1.8838571310043335,1.7715775966644287,0.05613976716995239,1.827717363834381,Base Ouro 2.6B,183,7906
attention_with_norm,3.1281092166900635,-0.48539498448371887,1.8067521005868912,1.3213571161031723,Base Ouro 2.6B,184,7919
attention_without_norm,3.2427785396575928,-0.049374766647815704,1.6460766531527042,1.5967018865048885,Base Ouro 2.6B,184,7919
mean_with_norm,2.8453338146209717,-0.23860768973827362,1.5419707521796227,1.303363062441349,Base Ouro 2.6B,184,7919
mean_without_norm,2.9455013275146484,0.1329534649848938,1.4062739312648773,1.5392273962497711,Base Ouro 2.6B,184,7919
attention_with_norm,1.8889710903167725,0.5493926405906677,0.6697892248630524,1.21918186545372,Base Ouro 2.6B,185,7947
attention_without_norm,2.255840539932251,1.0687941312789917,0.5935232043266296,1.6623173356056213,Base Ouro 2.6B,185,7947
mean_with_norm,1.3988887071609497,0.9938513040542603,0.20251870155334473,1.196370005607605,Base Ouro 2.6B,185,7947
mean_without_norm,1.9059407711029053,1.4098114967346191,0.24806463718414307,1.6578761339187622,Base Ouro 2.6B,185,7947
attention_with_norm,1.8908177614212036,0.8422271013259888,0.5242953300476074,1.3665224313735962,Base Ouro 2.6B,186,7951
attention_without_norm,2.1756880283355713,1.611260175704956,0.2822139263153076,1.8934741020202637,Base Ouro 2.6B,186,7951
mean_with_norm,0.655539870262146,1.58494234085083,-0.46470123529434204,1.120241105556488,Base Ouro 2.6B,186,7951
mean_without_norm,1.6188406944274902,1.9561724662780762,-0.16866588592529297,1.7875065803527832,Base Ouro 2.6B,186,7951
attention_with_norm,1.7811297178268433,1.7811297178268433,0.0,1.7811297178268433,Base Ouro 2.6B,187,7953
attention_without_norm,1.7811297178268433,1.7811297178268433,0.0,1.7811297178268433,Base Ouro 2.6B,187,7953
mean_with_norm,1.7811297178268433,1.7811297178268433,0.0,1.7811297178268433,Base Ouro 2.6B,187,7953
mean_without_norm,1.7811297178268433,1.7811297178268433,0.0,1.7811297178268433,Base Ouro 2.6B,187,7953
attention_with_norm,1.854595422744751,0.6228523254394531,0.6158715486526489,1.238723874092102,Base Ouro 2.6B,188,8032
attention_without_norm,1.9462478160858154,0.9121932983398438,0.5170272588729858,1.4292205572128296,Base Ouro 2.6B,188,8032
mean_with_norm,1.587329626083374,0.804164707660675,0.3915824592113495,1.1957471668720245,Base Ouro 2.6B,188,8032
mean_without_norm,1.7014822959899902,1.1412073373794556,0.28013747930526733,1.421344816684723,Base Ouro 2.6B,188,8032
attention_with_norm,-0.35146865248680115,2.067580461502075,-1.2095245569944382,0.858055904507637,Base Ouro 2.6B,189,8075
attention_without_norm,0.4461434483528137,2.457965612411499,-1.0059110820293427,1.4520545303821564,Base Ouro 2.6B,189,8075
mean_with_norm,-0.08906819671392441,1.8906745910644531,-0.9898713938891888,0.9008031971752644,Base Ouro 2.6B,189,8075
mean_without_norm,0.49537619948387146,2.275468111038208,-0.8900459557771683,1.3854221552610397,Base Ouro 2.6B,189,8075
attention_with_norm,0.44966477155685425,2.0398595333099365,-0.7950973808765411,1.2447621524333954,Base Ouro 2.6B,190,8108
attention_without_norm,1.0579349994659424,2.4567196369171143,-0.6993923187255859,1.7573273181915283,Base Ouro 2.6B,190,8108
mean_with_norm,0.45295408368110657,1.5934529304504395,-0.5702494233846664,1.023203507065773,Base Ouro 2.6B,190,8108
mean_without_norm,0.8426132798194885,1.9473285675048828,-0.5523576438426971,1.3949709236621857,Base Ouro 2.6B,190,8108
attention_with_norm,0.3926953971385956,1.299702763557434,-0.45350368320941925,0.8461990803480148,Base Ouro 2.6B,191,8111
attention_without_norm,1.3676578998565674,1.8823935985565186,-0.2573678493499756,1.625025749206543,Base Ouro 2.6B,191,8111
mean_with_norm,0.3765604496002197,1.6079128980636597,-0.61567622423172,0.9922366738319397,Base Ouro 2.6B,191,8111
mean_without_norm,1.3698233366012573,1.9838606119155884,-0.3070186376571655,1.6768419742584229,Base Ouro 2.6B,191,8111
attention_with_norm,1.4677507877349854,1.0778019428253174,0.19497442245483398,1.2727763652801514,Base Ouro 2.6B,192,8129
attention_without_norm,1.958069086074829,1.7729436159133911,0.092562735080719,1.86550635099411,Base Ouro 2.6B,192,8129
mean_with_norm,1.2652697563171387,0.9238569140434265,0.17070642113685608,1.0945633351802826,Base Ouro 2.6B,192,8129
mean_without_norm,1.907186508178711,1.5931037664413452,0.15704137086868286,1.750145137310028,Base Ouro 2.6B,192,8129
attention_with_norm,1.142751932144165,1.837721824645996,-0.3474849462509155,1.4902368783950806,Base Ouro 2.6B,193,8188
attention_without_norm,1.5231513977050781,2.43481183052063,-0.4558302164077759,1.978981614112854,Base Ouro 2.6B,193,8188
mean_with_norm,1.433786392211914,0.9317724704742432,0.25100696086883545,1.1827794313430786,Base Ouro 2.6B,193,8188
mean_without_norm,1.777313232421875,1.7943271398544312,-0.008506953716278076,1.785820186138153,Base Ouro 2.6B,193,8188
attention_with_norm,1.8670819997787476,0.7669603824615479,0.5500608086585999,1.3170211911201477,Base Ouro 2.6B,194,8211
attention_without_norm,2.379875421524048,1.344196081161499,0.5178396701812744,1.8620357513427734,Base Ouro 2.6B,194,8211
mean_with_norm,1.4705181121826172,1.25740647315979,0.10655581951141357,1.3639622926712036,Base Ouro 2.6B,194,8211
mean_without_norm,2.0148937702178955,1.6972062587738037,0.1588437557220459,1.8560500144958496,Base Ouro 2.6B,194,8211
attention_with_norm,2.6411850452423096,0.2125883549451828,1.2142983451485634,1.4268867000937462,Base Ouro 2.6B,195,8293
attention_without_norm,2.7964296340942383,0.6768853068351746,1.0597721636295319,1.7366574704647064,Base Ouro 2.6B,195,8293
mean_with_norm,2.3605434894561768,0.26585206389427185,1.0473457127809525,1.3131977766752243,Base Ouro 2.6B,195,8293
mean_without_norm,2.4648947715759277,0.6177038550376892,0.9235954582691193,1.5412993133068085,Base Ouro 2.6B,195,8293
attention_with_norm,2.1818416118621826,1.1305019855499268,0.5256698131561279,1.6561717987060547,Base Ouro 2.6B,196,8316
attention_without_norm,1.9521307945251465,1.7539995908737183,0.09906560182571411,1.8530651926994324,Base Ouro 2.6B,196,8316
mean_with_norm,2.163424253463745,0.9109284281730652,0.62624791264534,1.5371763408184052,Base Ouro 2.6B,196,8316
mean_without_norm,2.110752820968628,1.792388916015625,0.15918195247650146,1.9515708684921265,Base Ouro 2.6B,196,8316
attention_with_norm,3.6363279819488525,-0.6905509233474731,2.163439452648163,1.4728885293006897,Base Ouro 2.6B,197,8349
attention_without_norm,3.7391505241394043,-0.08233840018510818,1.9107444621622562,1.828406061977148,Base Ouro 2.6B,197,8349
mean_with_norm,3.3072283267974854,-0.7118425369262695,2.0095354318618774,1.297692894935608,Base Ouro 2.6B,197,8349
mean_without_norm,3.432295322418213,-0.18487215042114258,1.8085837364196777,1.6237115859985352,Base Ouro 2.6B,197,8349
attention_with_norm,1.9919793605804443,-0.007550886832177639,0.999765123706311,0.9922142368741333,Base Ouro 2.6B,198,8362
attention_without_norm,2.261878252029419,1.2809301614761353,0.49047404527664185,1.771404206752777,Base Ouro 2.6B,198,8362
mean_with_norm,0.9180912375450134,1.0252612829208374,-0.05358502268791199,0.9716762602329254,Base Ouro 2.6B,198,8362
mean_without_norm,1.6079647541046143,1.7006433010101318,-0.04633927345275879,1.654304027557373,Base Ouro 2.6B,198,8362
attention_with_norm,0.4592794179916382,1.7157669067382812,-0.6282437443733215,1.0875231623649597,Base Ouro 2.6B,199,8366
attention_without_norm,1.6488330364227295,1.9919685125350952,-0.17156773805618286,1.8204007744789124,Base Ouro 2.6B,199,8366
mean_with_norm,0.5096094012260437,1.2137993574142456,-0.35209497809410095,0.8617043793201447,Base Ouro 2.6B,199,8366
mean_without_norm,1.457068920135498,1.7504277229309082,-0.14667940139770508,1.6037483215332031,Base Ouro 2.6B,199,8366
